ano,id_municipio,municipio,id_aluno,serie,rede,presenca,alfabetizado,proficiencia
2024,1100205,Porto Velho,11021678,2° ano do Ensino Fundamental,Municipal,Ausente,Não,
2024,1302603,Manaus,13034848,2° ano do Ensino Fundamental,Municipal,Ausente,Não,
2024,1302603,Manaus,13057477,2° ano do Ensino Fundamental,Estadual,Ausente,Não,
2024,1302603,Manaus,13050702,2° ano do Ensino Fundamental,Municipal,Ausente,Não,
2024,1304260,Uarini,13026927,2° ano do Ensino Fundamental,Municipal,Ausente,Não,
2024,1500800,Ananindeua,15009027,2° ano do Ensino Fundamental,Estadual,Ausente,Não,
2024,1502806,Curralinho,15029744,2° ano do Ensino Fundamental,Municipal,Ausente,Não,
2024,1600808,Vitória do Jari,16000622,2° ano do Ensino Fundamental,Municipal,Ausente,Não,
2024,2102804,Carolina,21069283,2° ano do Ensino Fundamental,Municipal,Ausente,Não,
2024,2112209,Timon,21069136,2° ano do Ensino Fundamental,Municipal,Ausente,Não,
2024,2507507,João Pessoa,25004423,2° ano do Ensino Fundamental,Municipal,Ausente,Não,
2024,2510808,Patos,25034856,2° ano do Ensino Fundamental,Municipal,Ausente,Não,
2024,2602704,Buenos Aires,26017935,2° ano do Ensino Fundamental,Municipal,Ausente,Não,
2024,2933307,Vitória da Conquista,29264345,2° ano do Ensino Fundamental,Municipal,Ausente,Não,
2024,3106200,Belo Horizonte,31030021,2° ano do Ensino Fundamental,Municipal,Ausente,Não,
2024,3106200,Belo Horizonte,31073406,2° ano do Ensino Fundamental,Estadual,Ausente,Não,
2024,3106705,Betim,31179502,2° ano do Ensino Fundamental,Municipal,Ausente,Não,
2024,3151800,Poços de Caldas,31181865,2° ano do Ensino Fundamental,Municipal,Ausente,Não,
2024,3168705,Timóteo,31183383,2° ano do Ensino Fundamental,Municipal,Ausente,Não,
2024,3169307,Três Corações,31190621,2° ano do Ensino Fundamental,Municipal,Ausente,Não,
2024,3170107,Uberaba,31185245,2° ano do Ensino Fundamental,Municipal,Ausente,Não,
2024,3204708,São Gabriel da Palha,32032825,2° ano do Ensino Fundamental,Municipal,Ausente,Não,
2024,3301900,Itaboraí,33032961,2° ano do Ensino Fundamental,Municipal,Ausente,Não,
2024,3303203,Nilópolis,33051727,2° ano do Ensino Fundamental,Municipal,Ausente,Não,
2024,3548708,São Bernardo do Campo,35321177,2° ano do Ensino Fundamental,Municipal,Ausente,Não,
2024,3550308,São Paulo,35352909,2° ano do Ensino Fundamental,Estadual,Ausente,Não,
2024,4101408,Apucarana,41130817,2° ano do Ensino Fundamental,Municipal,Ausente,Não,
2024,4101804,Araucária,41056970,2° ano do Ensino Fundamental,Municipal,Ausente,Não,
2024,4105805,Colombo,41104654,2° ano do Ensino Fundamental,Municipal,Ausente,Não,
2024,4108304,Foz do Iguaçu,41134432,2° ano do Ensino Fundamental,Municipal,Ausente,Não,
2024,4108403,Francisco Beltrão,41134764,2° ano do Ensino Fundamental,Municipal,Ausente,Não,
2024,4109807,Ibiporã,41135720,2° ano do Ensino Fundamental,Municipal,Ausente,Não,
2024,4113205,Lapa,41131996,2° ano do Ensino Fundamental,Municipal,Ausente,Não,
2024,4202404,Blumenau,42010422,2° ano do Ensino Fundamental,Estadual,Ausente,Não,
2024,4202404,Blumenau,42011285,2° ano do Ensino Fundamental,Estadual,Ausente,Não,
2024,4203006,Caçador,42015355,2° ano do Ensino Fundamental,Municipal,Ausente,Não,
2024,4204251,Cocal do Sul,42086758,2° ano do Ensino Fundamental,Municipal,Ausente,Não,
2024,4205407,Florianópolis,42091015,2° ano do Ensino Fundamental,Estadual,Ausente,Não,
2024,4209102,Joinville,42049802,2° ano do Ensino Fundamental,Municipal,Ausente,Não,
2024,4209102,Joinville,42048242,2° ano do Ensino Fundamental,Municipal,Ausente,Não,
2024,4301602,Bagé,43004817,2° ano do Ensino Fundamental,Municipal,Ausente,Não,
2024,4309209,Gravataí,43033852,2° ano do Ensino Fundamental,Municipal,Ausente,Não,
2024,4317301,Santa Vitória do Palmar,43079941,2° ano do Ensino Fundamental,Municipal,Ausente,Não,
2024,5108402,Várzea Grande,51050107,2° ano do Ensino Fundamental,Municipal,Ausente,Não,
2024,5200175,Água Fria de Goiás,52061083,2° ano do Ensino Fundamental,Municipal,Ausente,Não,
2024,5201405,Aparecida de Goiânia,52072876,2° ano do Ensino Fundamental,Municipal,Ausente,Não,
2024,1503309,Igarapé-Miri,15033871,2° ano do Ensino Fundamental,Municipal,Ausente,Não,
2024,1508100,Tucuruí,15083905,2° ano do Ensino Fundamental,Municipal,Ausente,Não,
2024,2413102,Senador Elói de Souza,24022779,2° ano do Ensino Fundamental,Estadual,Ausente,Não,
2024,2611101,Petrolina,26074037,2° ano do Ensino Fundamental,Municipal,Ausente,Não,
2024,2611606,Recife,26054392,2° ano do Ensino Fundamental,Municipal,Ausente,Não,
2024,2703908,Jundiá,27032584,2° ano do Ensino Fundamental,Municipal,Ausente,Não,
2024,2915304,Itagimirim,29109566,2° ano do Ensino Fundamental,Municipal,Ausente,Não,
2024,2927408,Salvador,29211557,2° ano do Ensino Fundamental,Municipal,Ausente,Não,
2024,3134707,Jacinto,31183241,2° ano do Ensino Fundamental,Municipal,Ausente,Não,
2024,3137601,Lagoa Santa,31184015,2° ano do Ensino Fundamental,Municipal,Ausente,Não,
2024,3152105,Ponte Nova,31181897,2° ano do Ensino Fundamental,Municipal,Ausente,Não,
2024,3157807,Santa Luzia,31184209,2° ano do Ensino Fundamental,Municipal,Ausente,Não,
2024,3166808,Serra do Salitre,31117871,2° ano do Ensino Fundamental,Municipal,Ausente,Não,
2024,3203320,Marataízes,32047536,2° ano do Ensino Fundamental,Municipal,Ausente,Não,
2024,3300704,Cabo Frio,33012215,2° ano do Ensino Fundamental,Municipal,Ausente,Não,
2024,3304557,Rio de Janeiro,33107242,2° ano do Ensino Fundamental,Municipal,Ausente,Não,
2024,3304557,Rio de Janeiro,33118756,2° ano do Ensino Fundamental,Municipal,Ausente,Não,
2024,3522703,Itápolis,35221876,2° ano do Ensino Fundamental,Municipal,Ausente,Não,
2024,3550308,São Paulo,35441667,2° ano do Ensino Fundamental,Estadual,Ausente,Não,
2024,4106902,Curitiba,41018269,2° ano do Ensino Fundamental,Municipal,Ausente,Não,
2024,4106902,Curitiba,41133416,2° ano do Ensino Fundamental,Municipal,Ausente,Não,
2024,4107207,Dois Vizinhos,41011242,2° ano do Ensino Fundamental,Municipal,Ausente,Não,
2024,4108304,Foz do Iguaçu,41134458,2° ano do Ensino Fundamental,Municipal,Ausente,Não,
2024,4108304,Foz do Iguaçu,41017212,2° ano do Ensino Fundamental,Municipal,Ausente,Não,
2024,4108304,Foz do Iguaçu,41089708,2° ano do Ensino Fundamental,Municipal,Ausente,Não,
2024,4111704,Jaboti,41138407,2° ano do Ensino Fundamental,Municipal,Ausente,Não,
2024,4115200,Maringá,41136087,2° ano do Ensino Fundamental,Municipal,Ausente,Não,
2024,4118501,Pato Branco,41136844,2° ano do Ensino Fundamental,Municipal,Ausente,Não,
2024,4203204,Camboriú,42017729,2° ano do Ensino Fundamental,Municipal,Ausente,Não,
2024,4219705,Xaxim,42090824,2° ano do Ensino Fundamental,Municipal,Ausente,Não,
2024,4304606,Canoas,43107481,2° ano do Ensino Fundamental,Municipal,Ausente,Não,
2024,4315602,Rio Grande,43071440,2° ano do Ensino Fundamental,Municipal,Ausente,Não,
2024,5200308,Alexânia,52009717,2° ano do Ensino Fundamental,Municipal,Ausente,Não,
2024,5201405,Aparecida de Goiânia,52072934,2° ano do Ensino Fundamental,Municipal,Ausente,Não,
2024,5201405,Aparecida de Goiânia,52076395,2° ano do Ensino Fundamental,Municipal,Ausente,Não,
2024,5218805,Rio Verde,52051111,2° ano do Ensino Fundamental,Municipal,Presente,Não,
2024,1302603,Manaus,13047856,2° ano do Ensino Fundamental,Municipal,Ausente,Não,
2024,1500800,Ananindeua,15010540,2° ano do Ensino Fundamental,Municipal,Ausente,Não,
2024,2111300,São Luís,21010509,2° ano do Ensino Fundamental,Municipal,Ausente,Não,
2024,2401800,Brejinho,24020404,2° ano do Ensino Fundamental,Municipal,Ausente,Não,
2024,2408102,Natal,24003013,2° ano do Ensino Fundamental,Municipal,Ausente,Não,
2024,2408102,Natal,24004799,2° ano do Ensino Fundamental,Municipal,Ausente,Não,
2024,2507507,João Pessoa,25033805,2° ano do Ensino Fundamental,Municipal,Ausente,Não,
2024,2704302,Maceió,27032822,2° ano do Ensino Fundamental,Municipal,Ausente,Não,
2024,2802908,Itabaiana,28019358,2° ano do Ensino Fundamental,Municipal,Ausente,Não,
2024,2903201,Barreiras,29016964,2° ano do Ensino Fundamental,Municipal,Ausente,Não,
2024,2932309,Ubatã,29255993,2° ano do Ensino Fundamental,Municipal,Ausente,Não,
2024,3102506,Amparo do Serra,31120273,2° ano do Ensino Fundamental,Municipal,Ausente,Não,
2024,3137809,Lambari,31117720,2° ano do Ensino Fundamental,Estadual,Ausente,Não,
2024,3148103,Patrocínio,31183546,2° ano do Ensino Fundamental,Municipal,Ausente,Não,
2024,3205002,Serra,32004874,2° ano do Ensino Fundamental,Municipal,Ausente,Não,
2024,3304557,Rio de Janeiro,33147793,2° ano do Ensino Fundamental,Municipal,Ausente,Não,
2024,3541000,Praia Grande,35146279,2° ano do Ensino Fundamental,Municipal,Ausente,Não,
2024,3549805,São José do Rio Preto,35183111,2° ano do Ensino Fundamental,Municipal,Ausente,Não,
2024,3550308,São Paulo,35370841,2° ano do Ensino Fundamental,Municipal,Ausente,Não,
2024,4111803,Jacarezinho,41135341,2° ano do Ensino Fundamental,Municipal,Ausente,Não,
2024,4114104,Mandaguaçu,41136342,2° ano do Ensino Fundamental,Municipal,Ausente,Não,
2024,4115804,Medianeira,41134698,2° ano do Ensino Fundamental,Municipal,Ausente,Não,
2024,4118501,Pato Branco,41136863,2° ano do Ensino Fundamental,Municipal,Ausente,Não,
2024,4202107,Barra Velha,42005655,2° ano do Ensino Fundamental,Municipal,Ausente,Não,
2024,4204202,Chapecó,42021299,2° ano do Ensino Fundamental,Municipal,Ausente,Não,
2024,4209102,Joinville,42048807,2° ano do Ensino Fundamental,Municipal,Ausente,Não,
2024,4311809,Marau,43046744,2° ano do Ensino Fundamental,Municipal,Ausente,Não,
2024,4318002,São Borja,43083831,2° ano do Ensino Fundamental,Municipal,Ausente,Não,
2024,5104104,Guarantã do Norte,51013314,2° ano do Ensino Fundamental,Municipal,Ausente,Não,
2024,5208707,Goiânia,52072125,2° ano do Ensino Fundamental,Municipal,Ausente,Não,
2024,5300108,Brasília,53020759,2° ano do Ensino Fundamental,Estadual,Ausente,Não,
2024,1302603,Manaus,13028263,2° ano do Ensino Fundamental,Municipal,Ausente,Não,
2024,1302603,Manaus,13037213,2° ano do Ensino Fundamental,Municipal,Ausente,Não,
2024,1500701,Anajás,15006524,2° ano do Ensino Fundamental,Municipal,Ausente,Não,
2024,1505064,Novo Repartimento,15051413,2° ano do Ensino Fundamental,Municipal,Ausente,Não,
2024,1505536,Parauapebas,15060221,2° ano do Ensino Fundamental,Municipal,Ausente,Não,
2024,2302206,Beberibe,23075612,2° ano do Ensino Fundamental,Municipal,Ausente,Não,
2024,2313500,Trairi,23084684,2° ano do Ensino Fundamental,Municipal,Ausente,Não,
2024,2613701,São Lourenço da Mata,26043148,2° ano do Ensino Fundamental,Municipal,Ausente,Não,
2024,3122306,Divinópolis,31180660,2° ano do Ensino Fundamental,Municipal,Ausente,Não,
2024,3123858,Entre Folhas,31180531,2° ano do Ensino Fundamental,Municipal,Ausente,Não,
2024,3148004,Patos de Minas,31022516,2° ano do Ensino Fundamental,Estadual,Ausente,Não,
2024,3161304,São Francisco de Sales,31089270,2° ano do Ensino Fundamental,Municipal,Ausente,Não,
2024,3170206,Uberlândia,31182711,2° ano do Ensino Fundamental,Municipal,Ausente,Não,
2024,3201159,Brejetuba,32043702,2° ano do Ensino Fundamental,Municipal,Ausente,Não,
2024,3203056,Jaguaré,32047472,2° ano do Ensino Fundamental,Municipal,Ausente,Não,
2024,3300407,Barra Mansa,33099685,2° ano do Ensino Fundamental,Municipal,Ausente,Não,
2024,3301900,Itaboraí,33032336,2° ano do Ensino Fundamental,Municipal,Ausente,Não,
2024,3303302,Niterói,33054610,2° ano do Ensino Fundamental,Municipal,Ausente,Não,
2024,3509502,Campinas,35041435,2° ano do Ensino Fundamental,Estadual,Ausente,Não,
2024,3510609,Carapicuíba,35249753,2° ano do Ensino Fundamental,Municipal,Ausente,Não,
2024,3518602,Guariba,35085834,2° ano do Ensino Fundamental,Municipal,Ausente,Não,
2024,3518800,Guarulhos,35267590,2° ano do Ensino Fundamental,Municipal,Ausente,Não,
2024,3518800,Guarulhos,35261214,2° ano do Ensino Fundamental,Municipal,Ausente,Não,
2024,3543402,Ribeirão Preto,35159157,2° ano do Ensino Fundamental,Estadual,Ausente,Não,
2024,3546306,Santa Cruz das Palmeiras,35142979,2° ano do Ensino Fundamental,Municipal,Ausente,Não,
2024,3550308,São Paulo,35343827,2° ano do Ensino Fundamental,Municipal,Ausente,Não,
2024,3550308,São Paulo,35412866,2° ano do Ensino Fundamental,Municipal,Ausente,Não,
2024,3550308,São Paulo,35378996,2° ano do Ensino Fundamental,Estadual,Ausente,Não,
2024,3550407,São Pedro,35134942,2° ano do Ensino Fundamental,Municipal,Ausente,Não,
2024,4104006,Campina Grande do Sul,41131098,2° ano do Ensino Fundamental,Municipal,Ausente,Não,
2024,4104204,Campo Largo,41091526,2° ano do Ensino Fundamental,Municipal,Ausente,Não,
2024,4106902,Curitiba,41133461,2° ano do Ensino Fundamental,Municipal,Ausente,Não,
2024,4109302,Guaraniaçu,41038368,2° ano do Ensino Fundamental,Municipal,Ausente,Não,
2024,4113700,Londrina,41135913,2° ano do Ensino Fundamental,Municipal,Ausente,Não,
2024,4119152,Pinhais,41021456,2° ano do Ensino Fundamental,Municipal,Ausente,Não,
2024,4123006,Salto do Lontra,41134330,2° ano do Ensino Fundamental,Municipal,Ausente,Não,
2024,4203956,Capivari de Baixo,42085664,2° ano do Ensino Fundamental,Municipal,Ausente,Não,
2024,4209300,Lages,42055413,2° ano do Ensino Fundamental,Estadual,Ausente,Não,
2024,5003207,Corumbá,50015296,2° ano do Ensino Fundamental,Municipal,Ausente,Não,
2024,5200258,Águas Lindas de Goiás,52069685,2° ano do Ensino Fundamental,Municipal,Ausente,Não,
2024,1100130,Machadinho D'Oeste,11022196,2° ano do Ensino Fundamental,Municipal,Ausente,Não,
2024,1302603,Manaus,13037753,2° ano do Ensino Fundamental,Municipal,Ausente,Não,
2024,1302603,Manaus,13034279,2° ano do Ensino Fundamental,Municipal,Ausente,Não,
2024,1507300,São Félix do Xingu,15075573,2° ano do Ensino Fundamental,Municipal,Ausente,Não,
2024,2106201,Luís Domingues,21067195,2° ano do Ensino Fundamental,Municipal,Ausente,Não,
2024,2112506,Tutóia,21068782,2° ano do Ensino Fundamental,Municipal,Ausente,Não,
2024,2407203,Macau,24025045,2° ano do Ensino Fundamental,Municipal,Ausente,Não,
2024,2407807,Monte Alegre,24028897,2° ano do Ensino Fundamental,Municipal,Ausente,Não,
2024,2507507,João Pessoa,25033876,2° ano do Ensino Fundamental,Municipal,Ausente,Não,
2024,2927408,Salvador,29209114,2° ano do Ensino Fundamental,Municipal,Ausente,Não,
2024,2927408,Salvador,29945499,2° ano do Ensino Fundamental,Municipal,Ausente,Não,
2024,3112703,Capitão Enéas,31181328,2° ano do Ensino Fundamental,Municipal,Ausente,Não,
2024,3113305,Carangola,31183965,2° ano do Ensino Fundamental,Municipal,Ausente,Não,
2024,3118601,Contagem,31179660,2° ano do Ensino Fundamental,Municipal,Ausente,Não,
2024,3133709,Itatiaiuçu,31155496,2° ano do Ensino Fundamental,Municipal,Ausente,Não,
2024,3147105,Pará de Minas,31184614,2° ano do Ensino Fundamental,Municipal,Ausente,Não,
2024,3163706,São Lourenço,31184482,2° ano do Ensino Fundamental,Municipal,Ausente,Não,
2024,3300209,Araruama,33003750,2° ano do Ensino Fundamental,Municipal,Ausente,Não,
2024,3303500,Nova Iguaçu,33058051,2° ano do Ensino Fundamental,Municipal,Ausente,Não,
2024,3503208,Araraquara,35012605,2° ano do Ensino Fundamental,Municipal,Ausente,Não,
2024,3518800,Guarulhos,35261997,2° ano do Ensino Fundamental,Municipal,Ausente,Não,
2024,3518800,Guarulhos,35260765,2° ano do Ensino Fundamental,Municipal,Ausente,Não,
2024,3548807,São Caetano do Sul,35315579,2° ano do Ensino Fundamental,Municipal,Ausente,Não,
2024,3550308,São Paulo,35402929,2° ano do Ensino Fundamental,Estadual,Ausente,Não,
2024,4106902,Curitiba,41133871,2° ano do Ensino Fundamental,Municipal,Ausente,Não,
2024,4109401,Guarapuava,41134977,2° ano do Ensino Fundamental,Municipal,Ausente,Não,
2024,4121901,Ribeirão do Pinhal,41076810,2° ano do Ensino Fundamental,Municipal,Ausente,Não,
2024,4204202,Chapecó,42022720,2° ano do Ensino Fundamental,Municipal,Ausente,Não,
2024,4205407,Florianópolis,42091432,2° ano do Ensino Fundamental,Estadual,Ausente,Não,
2024,4207304,Imbituba,42057834,2° ano do Ensino Fundamental,Municipal,Ausente,Não,
2024,4318705,São Leopoldo,43089433,2° ano do Ensino Fundamental,Municipal,Ausente,Não,
2024,5107040,Primavera do Leste,51018970,2° ano do Ensino Fundamental,Municipal,Ausente,Não,
2024,2106326,Maracaçumé,21023554,2° ano do Ensino Fundamental,Municipal,Ausente,Não,
2024,2401107,Areia Branca,24009530,2° ano do Ensino Fundamental,Municipal,Ausente,Não,
2024,2411205,Santa Cruz,24029139,2° ano do Ensino Fundamental,Municipal,Ausente,Não,
2024,2505105,Cuité,25035094,2° ano do Ensino Fundamental,Municipal,Ausente,Não,
2024,2704302,Maceió,27032861,2° ano do Ensino Fundamental,Municipal,Ausente,Não,
2024,2913606,Ilhéus,29093379,2° ano do Ensino Fundamental,Municipal,Ausente,Não,
2024,3104007,Araxá,31182284,2° ano do Ensino Fundamental,Municipal,Ausente,Não,
2024,3106200,Belo Horizonte,31180366,2° ano do Ensino Fundamental,Municipal,Ausente,Não,
2024,3107109,Boa Esperança,31024446,2° ano do Ensino Fundamental,Municipal,Ausente,Não,
2024,3138401,Leopoldina,31177410,2° ano do Ensino Fundamental,Estadual,Ausente,Não,
2024,3148004,Patos de Minas,31181734,2° ano do Ensino Fundamental,Estadual,Ausente,Não,
2024,3154606,Ribeirão das Neves,31184052,2° ano do Ensino Fundamental,Municipal,Ausente,Não,
2024,3157807,Santa Luzia,31128013,2° ano do Ensino Fundamental,Estadual,Ausente,Não,
2024,3205200,Vila Velha,32045450,2° ano do Ensino Fundamental,Municipal,Ausente,Não,
2024,3300704,Cabo Frio,33010270,2° ano do Ensino Fundamental,Municipal,Ausente,Não,
2024,3302502,Magé,33150565,2° ano do Ensino Fundamental,Municipal,Ausente,Não,
2024,3511706,Charqueada,35133975,2° ano do Ensino Fundamental,Municipal,Ausente,Não,
2024,3541000,Praia Grande,35147394,2° ano do Ensino Fundamental,Municipal,Ausente,Não,
2024,4104659,Carambeí,41137321,2° ano do Ensino Fundamental,Municipal,Ausente,Não,
2024,4105805,Colombo,41138462,2° ano do Ensino Fundamental,Municipal,Ausente,Não,
2024,4106902,Curitiba,41115084,2° ano do Ensino Fundamental,Municipal,Ausente,Não,
2024,4106902,Curitiba,41133322,2° ano do Ensino Fundamental,Municipal,Ausente,Não,
2024,4107652,Fazenda Rio Grande,41131799,2° ano do Ensino Fundamental,Municipal,Ausente,Não,
2024,4119509,Piraquara,41102470,2° ano do Ensino Fundamental,Municipal,Ausente,Não,
2024,4119608,Pitanga,41137067,2° ano do Ensino Fundamental,Municipal,Ausente,Não,
2024,4119905,Ponta Grossa,41137304,2° ano do Ensino Fundamental,Municipal,Ausente,Não,
2024,4202909,Brusque,42013495,2° ano do Ensino Fundamental,Municipal,Ausente,Não,
2024,4203204,Camboriú,42017527,2° ano do Ensino Fundamental,Municipal,Ausente,Não,
2024,4203204,Camboriú,42016881,2° ano do Ensino Fundamental,Municipal,Ausente,Não,
2024,4205407,Florianópolis,42094993,2° ano do Ensino Fundamental,Estadual,Ausente,Não,
2024,4315602,Rio Grande,43070612,2° ano do Ensino Fundamental,Estadual,Ausente,Não,
2024,4323002,Viamão,43104793,2° ano do Ensino Fundamental,Estadual,Ausente,Não,
2024,5003751,Eldorado,50027435,2° ano do Ensino Fundamental,Municipal,Ausente,Não,
2024,5105259,Lucas do Rio Verde,51050453,2° ano do Ensino Fundamental,Municipal,Ausente,Não,
2024,5200258,Águas Lindas de Goiás,52076038,2° ano do Ensino Fundamental,Municipal,Ausente,Não,
2024,5208707,Goiânia,52071928,2° ano do Ensino Fundamental,Municipal,Ausente,Não,
2024,1100403,Alto Paraíso,11022389,2° ano do Ensino Fundamental,Municipal,Ausente,Não,
2024,1501402,Belém,15091871,2° ano do Ensino Fundamental,Estadual,Ausente,Não,
2024,2103000,Caxias,21038705,2° ano do Ensino Fundamental,Municipal,Ausente,Não,
2024,2600054,Abreu e Lima,26025959,2° ano do Ensino Fundamental,Municipal,Ausente,Não,
2024,2609600,Olinda,26030466,2° ano do Ensino Fundamental,Municipal,Ausente,Não,
2024,2611606,Recife,26046072,2° ano do Ensino Fundamental,Municipal,Ausente,Não,
2024,2923605,Paramirim,29165521,2° ano do Ensino Fundamental,Municipal,Ausente,Não,
2024,3103405,Araçuaí,31154274,2° ano do Ensino Fundamental,Estadual,Ausente,Não,
2024,3106200,Belo Horizonte,31057118,2° ano do Ensino Fundamental,Municipal,Ausente,Não,
2024,3106200,Belo Horizonte,31126987,2° ano do Ensino Fundamental,Municipal,Ausente,Não,
2024,3118601,Contagem,31184787,2° ano do Ensino Fundamental,Municipal,Ausente,Não,
2024,3140001,Mariana,31181565,2° ano do Ensino Fundamental,Municipal,Ausente,Não,
2024,3154606,Ribeirão das Neves,31184097,2° ano do Ensino Fundamental,Municipal,Ausente,Não,
2024,3170107,Uberaba,31171189,2° ano do Ensino Fundamental,Municipal,Ausente,Não,
2024,3303906,Petrópolis,33069370,2° ano do Ensino Fundamental,Municipal,Ausente,Não,
2024,3303906,Petrópolis,33069050,2° ano do Ensino Fundamental,Municipal,Ausente,Não,
2024,3515509,Fernandópolis,35061670,2° ano do Ensino Fundamental,Municipal,Ausente,Não,
2024,3523107,Itaquaquecetuba,35282376,2° ano do Ensino Fundamental,Estadual,Ausente,Não,
2024,3526902,Limeira,35112302,2° ano do Ensino Fundamental,Municipal,Ausente,Não,
2024,3528502,Mairiporã,35246186,2° ano do Ensino Fundamental,Municipal,Ausente,Não,
2024,3529005,Marília,35119599,2° ano do Ensino Fundamental,Municipal,Ausente,Não,
2024,3550308,São Paulo,35399910,2° ano do Ensino Fundamental,Estadual,Ausente,Não,
2024,3550308,São Paulo,35369950,2° ano do Ensino Fundamental,Municipal,Ausente,Não,
2024,4106902,Curitiba,41134174,2° ano do Ensino Fundamental,Municipal,Ausente,Não,
2024,4113700,Londrina,41135435,2° ano do Ensino Fundamental,Municipal,Ausente,Não,
2024,4116950,Nova Esperança do Sudoeste,41134303,2° ano do Ensino Fundamental,Municipal,Ausente,Não,
2024,4118204,Paranaguá,41124122,2° ano do Ensino Fundamental,Municipal,Ausente,Não,
2024,4119301,Pinhão,41023805,2° ano do Ensino Fundamental,Municipal,Ausente,Não,
2024,4205407,Florianópolis,42092461,2° ano do Ensino Fundamental,Municipal,Ausente,Não,
2024,4318705,São Leopoldo,43087433,2° ano do Ensino Fundamental,Estadual,Ausente,Não,
2024,5003702,Dourados,50021947,2° ano do Ensino Fundamental,Municipal,Ausente,Não,
2024,5003702,Dourados,50021792,2° ano do Ensino Fundamental,Municipal,Ausente,Não,
2024,5102678,Campo Verde,51048500,2° ano do Ensino Fundamental,Estadual,Ausente,Não,
2024,5106372,Pedra Preta,51048683,2° ano do Ensino Fundamental,Municipal,Ausente,Não,
2024,5300108,Brasília,53007179,2° ano do Ensino Fundamental,Estadual,Ausente,Não,
2024,1302603,Manaus,13047055,2° ano do Ensino Fundamental,Municipal,Ausente,Não,
2024,1502400,Castanhal,15026738,2° ano do Ensino Fundamental,Municipal,Ausente,Não,
2024,1600303,Macapá,16004741,2° ano do Ensino Fundamental,Municipal,Ausente,Não,
2024,1722107,Xambioá,17010870,2° ano do Ensino Fundamental,Municipal,Ausente,Não,
2024,2704302,Maceió,27032705,2° ano do Ensino Fundamental,Municipal,Ausente,Não,
2024,2800670,Boquim,28007680,2° ano do Ensino Fundamental,Municipal,Ausente,Não,
2024,2905701,Camaçari,29032913,2° ano do Ensino Fundamental,Municipal,Ausente,Não,
2024,2906808,Cansanção,29046048,2° ano do Ensino Fundamental,Municipal,Ausente,Não,
2024,2921005,Mata de São João,29151249,2° ano do Ensino Fundamental,Municipal,Ausente,Não,
2024,2923357,Ourolândia,29164478,2° ano do Ensino Fundamental,Municipal,Ausente,Não,
2024,3168606,Teófilo Otoni,31000199,2° ano do Ensino Fundamental,Estadual,Ausente,Não,
2024,3168606,Teófilo Otoni,31202912,2° ano do Ensino Fundamental,Estadual,Ausente,Não,
2024,3205002,Serra,32001434,2° ano do Ensino Fundamental,Municipal,Ausente,Não,
2024,3300456,Belford Roxo,33009295,2° ano do Ensino Fundamental,Municipal,Ausente,Não,
2024,3506003,Bauru,35024968,2° ano do Ensino Fundamental,Municipal,Ausente,Não,
2024,3510609,Carapicuíba,35250080,2° ano do Ensino Fundamental,Municipal,Ausente,Não,
2024,3519071,Hortolândia,35220069,2° ano do Ensino Fundamental,Municipal,Ausente,Não,
2024,3543907,Rio Claro,35114194,2° ano do Ensino Fundamental,Municipal,Ausente,Não,
2024,3543907,Rio Claro,35115142,2° ano do Ensino Fundamental,Municipal,Ausente,Não,
2024,3549102,São João da Boa Vista,35175782,2° ano do Ensino Fundamental,Municipal,Ausente,Não,
2024,3550308,São Paulo,35369154,2° ano do Ensino Fundamental,Municipal,Ausente,Não,
2024,3550308,São Paulo,35433885,2° ano do Ensino Fundamental,Estadual,Ausente,Não,
2024,3550308,São Paulo,35366917,2° ano do Ensino Fundamental,Municipal,Ausente,Não,
2024,3552809,Taboão da Serra,35334232,2° ano do Ensino Fundamental,Municipal,Ausente,Não,
2024,4104204,Campo Largo,41004403,2° ano do Ensino Fundamental,Municipal,Ausente,Não,
2024,4117404,Ourizona,41136343,2° ano do Ensino Fundamental,Municipal,Ausente,Não,
2024,4204202,Chapecó,42022781,2° ano do Ensino Fundamental,Municipal,Ausente,Não,
2024,4205407,Florianópolis,42091263,2° ano do Ensino Fundamental,Estadual,Ausente,Não,
2024,4212809,Balneário Piçarras,42067234,2° ano do Ensino Fundamental,Municipal,Ausente,Não,
2024,4320008,Sapucaia do Sul,43092541,2° ano do Ensino Fundamental,Municipal,Ausente,Não,
2024,5103502,Diamantino,51008711,2° ano do Ensino Fundamental,Estadual,Ausente,Não,
2024,5105507,Vila Bela da Santíssima Trindade,51015710,2° ano do Ensino Fundamental,Municipal,Ausente,Não,
2024,1100122,Ji-Paraná,11021530,2° ano do Ensino Fundamental,Municipal,Ausente,Não,
2024,1200401,Rio Branco,12010827,2° ano do Ensino Fundamental,Municipal,Ausente,Não,
2024,1302603,Manaus,13032477,2° ano do Ensino Fundamental,Municipal,Ausente,Não,
2024,1302603,Manaus,13050318,2° ano do Ensino Fundamental,Municipal,Ausente,Não,
2024,1302603,Manaus,13036569,2° ano do Ensino Fundamental,Municipal,Ausente,Não,
2024,1504505,Melgaço,15046802,2° ano do Ensino Fundamental,Municipal,Ausente,Não,
2024,2307650,Maracanaú,23076883,2° ano do Ensino Fundamental,Municipal,Ausente,Não,
2024,2409308,Patu,24013314,2° ano do Ensino Fundamental,Municipal,Ausente,Não,
2024,2501807,Bayeux,25013476,2° ano do Ensino Fundamental,Municipal,Ausente,Não,
2024,2507507,João Pessoa,25033985,2° ano do Ensino Fundamental,Municipal,Ausente,Não,
2024,2903201,Barreiras,29914265,2° ano do Ensino Fundamental,Municipal,Ausente,Não,
2024,2910404,Encruzilhada,29064883,2° ano do Ensino Fundamental,Municipal,Ausente,Não,
2024,2923035,Novo Horizonte,29162631,2° ano do Ensino Fundamental,Municipal,Ausente,Não,
2024,2927408,Salvador,29209528,2° ano do Ensino Fundamental,Municipal,Ausente,Não,
2024,3118601,Contagem,31065963,2° ano do Ensino Fundamental,Municipal,Ausente,Não,
2024,3124807,Estrela do Sul,31185394,2° ano do Ensino Fundamental,Municipal,Ausente,Não,
2024,3127107,Frutal,31182374,2° ano do Ensino Fundamental,Municipal,Ausente,Não,
2024,3201308,Cariacica,32045622,2° ano do Ensino Fundamental,Municipal,Ausente,Não,
2024,3205200,Vila Velha,32045451,2° ano do Ensino Fundamental,Municipal,Ausente,Não,
2024,3300456,Belford Roxo,33005348,2° ano do Ensino Fundamental,Municipal,Ausente,Não,
2024,3300704,Cabo Frio,33013883,2° ano do Ensino Fundamental,Municipal,Ausente,Não,
2024,3301702,Duque de Caxias,33028863,2° ano do Ensino Fundamental,Municipal,Ausente,Não,
2024,3304557,Rio de Janeiro,33137757,2° ano do Ensino Fundamental,Municipal,Ausente,Não,
2024,3507605,Bragança Paulista,35034853,2° ano do Ensino Fundamental,Municipal,Ausente,Não,
2024,3550308,São Paulo,35400583,2° ano do Ensino Fundamental,Estadual,Ausente,Não,
2024,3552502,Suzano,35328113,2° ano do Ensino Fundamental,Municipal,Ausente,Não,
2024,4104709,Carlópolis,41051628,2° ano do Ensino Fundamental,Municipal,Ausente,Não,
2024,4104808,Cascavel,41045592,2° ano do Ensino Fundamental,Municipal,Ausente,Não,
2024,4106605,Cruzeiro do Oeste,41137897,2° ano do Ensino Fundamental,Municipal,Ausente,Não,
2024,4123501,Santa Helena,41126137,2° ano do Ensino Fundamental,Municipal,Ausente,Não,
2024,4124509,Santo Inácio,41136284,2° ano do Ensino Fundamental,Municipal,Ausente,Não,
2024,4205902,Gaspar,42032480,2° ano do Ensino Fundamental,Estadual,Ausente,Não,
2024,4300406,Alegrete,43000169,2° ano do Ensino Fundamental,Municipal,Ausente,Não,
2024,4306767,Eldorado do Sul,43025331,2° ano do Ensino Fundamental,Municipal,Ausente,Não,
2024,4313656,Palmares do Sul,43051775,2° ano do Ensino Fundamental,Municipal,Ausente,Não,
2024,5106224,Nova Mutum,51009684,2° ano do Ensino Fundamental,Municipal,Ausente,Não,
2024,1100288,Rolim de Moura,11022582,2° ano do Ensino Fundamental,Estadual,Ausente,Não,
2024,1302603,Manaus,13028041,2° ano do Ensino Fundamental,Municipal,Ausente,Não,
2024,1500131,Abel Figueiredo,15001495,2° ano do Ensino Fundamental,Municipal,Ausente,Não,
2024,1503200,Igarapé-Açu,15033390,2° ano do Ensino Fundamental,Municipal,Ausente,Não,
2024,2111805,Sítio Novo,21030381,2° ano do Ensino Fundamental,Municipal,Ausente,Não,
2024,2112308,Tuntum,21068208,2° ano do Ensino Fundamental,Municipal,Ausente,Não,
2024,2304400,Fortaleza,23065634,2° ano do Ensino Fundamental,Municipal,Ausente,Não,
2024,2920601,Maragogipe,29149188,2° ano do Ensino Fundamental,Municipal,Ausente,Não,
2024,3135456,Jenipapo de Minas,31061056,2° ano do Ensino Fundamental,Estadual,Ausente,Não,
2024,3148707,Pedra Azul,31183273,2° ano do Ensino Fundamental,Municipal,Ausente,Não,
2024,3167202,Sete Lagoas,31182106,2° ano do Ensino Fundamental,Municipal,Ausente,Não,
2024,3303856,Paty do Alferes,33067032,2° ano do Ensino Fundamental,Municipal,Ausente,Não,
2024,3304557,Rio de Janeiro,33106336,2° ano do Ensino Fundamental,Municipal,Ausente,Não,
2024,3525904,Jundiaí,35108100,2° ano do Ensino Fundamental,Municipal,Ausente,Não,
2024,3550308,São Paulo,35382695,2° ano do Ensino Fundamental,Estadual,Ausente,Não,
2024,3550308,São Paulo,35380379,2° ano do Ensino Fundamental,Estadual,Ausente,Não,
2024,4127700,Toledo,41075350,2° ano do Ensino Fundamental,Municipal,Ausente,Não,
2024,4127700,Toledo,41137608,2° ano do Ensino Fundamental,Municipal,Ausente,Não,
2024,4204202,Chapecó,42022134,2° ano do Ensino Fundamental,Municipal,Ausente,Não,
2024,4207502,Indaial,42035990,2° ano do Ensino Fundamental,Municipal,Ausente,Não,
2024,4305108,Caxias do Sul,43021550,2° ano do Ensino Fundamental,Municipal,Ausente,Não,
2024,4306767,Eldorado do Sul,43025802,2° ano do Ensino Fundamental,Municipal,Ausente,Não,
2024,4314100,Passo Fundo,43055677,2° ano do Ensino Fundamental,Municipal,Ausente,Não,
2024,5300108,Brasília,53001247,2° ano do Ensino Fundamental,Estadual,Ausente,Não,
2024,1716109,Paraíso do Tocantins,17019593,2° ano do Ensino Fundamental,Municipal,Ausente,Não,
2024,2108801,Pirapemas,21013081,2° ano do Ensino Fundamental,Municipal,Ausente,Não,
2024,2109908,Santa Inês,21068948,2° ano do Ensino Fundamental,Municipal,Ausente,Não,
2024,2111805,Sítio Novo,21030272,2° ano do Ensino Fundamental,Municipal,Ausente,Não,
2024,2304400,Fortaleza,23063611,2° ano do Ensino Fundamental,Municipal,Ausente,Não,
2024,3113404,Caratinga,31180481,2° ano do Ensino Fundamental,Municipal,Ausente,Não,
2024,3170206,Uberlândia,31199732,2° ano do Ensino Fundamental,Municipal,Ausente,Não,
2024,3204203,Piúma,32012266,2° ano do Ensino Fundamental,Municipal,Ausente,Não,
2024,3205002,Serra,32000333,2° ano do Ensino Fundamental,Estadual,Ausente,Não,
2024,3205002,Serra,32044822,2° ano do Ensino Fundamental,Municipal,Ausente,Não,
2024,3304557,Rio de Janeiro,33129791,2° ano do Ensino Fundamental,Municipal,Ausente,Não,
2024,3522109,Itanhaém,35197504,2° ano do Ensino Fundamental,Municipal,Ausente,Não,
2024,3524709,Jaguariúna,35041078,2° ano do Ensino Fundamental,Municipal,Ausente,Não,
2024,3530607,Mogi das Cruzes,35298711,2° ano do Ensino Fundamental,Municipal,Ausente,Não,
2024,3550308,São Paulo,35385013,2° ano do Ensino Fundamental,Estadual,Ausente,Não,
2024,3556206,Valinhos,35048563,2° ano do Ensino Fundamental,Municipal,Ausente,Não,
2024,4104808,Cascavel,41132801,2° ano do Ensino Fundamental,Municipal,Ausente,Não,
2024,4115200,Maringá,41135994,2° ano do Ensino Fundamental,Municipal,Ausente,Não,
2024,4308607,Garibaldi,43006645,2° ano do Ensino Fundamental,Municipal,Ausente,Não,
2024,4313656,Palmares do Sul,43051717,2° ano do Ensino Fundamental,Municipal,Ausente,Não,
2024,5103403,Cuiabá,51041296,2° ano do Ensino Fundamental,Municipal,Ausente,Não,
2024,5200258,Águas Lindas de Goiás,52076873,2° ano do Ensino Fundamental,Municipal,Ausente,Não,
2024,5208004,Formosa,52073407,2° ano do Ensino Fundamental,Municipal,Ausente,Não,
2024,5300108,Brasília,53005167,2° ano do Ensino Fundamental,Estadual,Ausente,Não,
2024,1100379,Alto Alegre dos Parecis,11019868,2° ano do Ensino Fundamental,Municipal,Ausente,Não,
2024,1300300,Autazes,13001688,2° ano do Ensino Fundamental,Municipal,Ausente,Não,
2024,1504208,Marabá,15043348,2° ano do Ensino Fundamental,Municipal,Ausente,Não,
2024,1504208,Marabá,15041457,2° ano do Ensino Fundamental,Municipal,Ausente,Não,
2024,1506195,Rurópolis,15065898,2° ano do Ensino Fundamental,Municipal,Ausente,Não,
2024,1508001,Tomé-Açu,15081577,2° ano do Ensino Fundamental,Municipal,Ausente,Não,
2024,2207702,Parnaíba,22002755,2° ano do Ensino Fundamental,Municipal,Ausente,Não,
2024,2407104,Macaíba,24001001,2° ano do Ensino Fundamental,Municipal,Ausente,Não,
2024,2803203,Itaporanga d'Ajuda,28005741,2° ano do Ensino Fundamental,Municipal,Ausente,Não,
2024,2804805,Nossa Senhora do Socorro,28011778,2° ano do Ensino Fundamental,Estadual,Ausente,Não,
2024,2904704,Buerarema,29027142,2° ano do Ensino Fundamental,Municipal,Ausente,Não,
2024,3105400,Barão de Cocais,31180176,2° ano do Ensino Fundamental,Municipal,Ausente,Não,
2024,3106200,Belo Horizonte,31184316,2° ano do Ensino Fundamental,Municipal,Ausente,Não,
2024,3300456,Belford Roxo,33008365,2° ano do Ensino Fundamental,Municipal,Ausente,Não,
2024,3302502,Magé,33045665,2° ano do Ensino Fundamental,Municipal,Ausente,Não,
2024,3303401,Nova Friburgo,33056575,2° ano do Ensino Fundamental,Municipal,Ausente,Não,
2024,3502804,Araçatuba,35010004,2° ano do Ensino Fundamental,Municipal,Ausente,Não,
2024,3505708,Barueri,35236223,2° ano do Ensino Fundamental,Municipal,Ausente,Não,
2024,3509601,Campo Limpo Paulista,35100173,2° ano do Ensino Fundamental,Municipal,Ausente,Não,
2024,3515004,Embu das Artes,35329962,2° ano do Ensino Fundamental,Estadual,Ausente,Não,
2024,3545308,Salto de Pirapora,35230736,2° ano do Ensino Fundamental,Municipal,Ausente,Não,
2024,3550308,São Paulo,35366467,2° ano do Ensino Fundamental,Municipal,Ausente,Não,
2024,3550308,São Paulo,35421007,2° ano do Ensino Fundamental,Municipal,Ausente,Não,
2024,3550308,São Paulo,35412852,2° ano do Ensino Fundamental,Municipal,Ausente,Não,
2024,3552403,Sumaré,35216540,2° ano do Ensino Fundamental,Municipal,Ausente,Não,
2024,4104808,Cascavel,41132959,2° ano do Ensino Fundamental,Municipal,Ausente,Não,
2024,4109609,Guaratuba,41136520,2° ano do Ensino Fundamental,Municipal,Ausente,Não,
2024,4113700,Londrina,41089264,2° ano do Ensino Fundamental,Municipal,Ausente,Não,
2024,4116208,Morretes,41136482,2° ano do Ensino Fundamental,Municipal,Ausente,Não,
2024,4202008,Balneário Camboriú,42003437,2° ano do Ensino Fundamental,Municipal,Ausente,Não,
2024,4204608,Criciúma,42026613,2° ano do Ensino Fundamental,Municipal,Ausente,Não,
2024,4211900,Palhoça,42064805,2° ano do Ensino Fundamental,Municipal,Ausente,Não,
2024,4218202,Timbó,42083840,2° ano do Ensino Fundamental,Estadual,Ausente,Não,
2024,5101902,Brasnorte,51050962,2° ano do Ensino Fundamental,Municipal,Ausente,Não,
2024,5208004,Formosa,52026306,2° ano do Ensino Fundamental,Municipal,Ausente,Não,
2024,5221858,Valparaíso de Goiás,52065552,2° ano do Ensino Fundamental,Municipal,Ausente,Não,
2024,5300108,Brasília,53002746,2° ano do Ensino Fundamental,Estadual,Ausente,Não,
2024,5300108,Brasília,53013629,2° ano do Ensino Fundamental,Estadual,Ausente,Não,
2024,5300108,Brasília,53013582,2° ano do Ensino Fundamental,Estadual,Ausente,Não,
2024,1100205,Porto Velho,11021792,2° ano do Ensino Fundamental,Municipal,Ausente,Não,
2024,1720002,Santa Terezinha do Tocantins,17018198,2° ano do Ensino Fundamental,Municipal,Ausente,Não,
2024,2109304,Presidente Vargas,21069148,2° ano do Ensino Fundamental,Municipal,Ausente,Não,
2024,2111300,São Luís,21068911,2° ano do Ensino Fundamental,Municipal,Ausente,Não,
2024,2511707,Pilõezinhos,25019860,2° ano do Ensino Fundamental,Municipal,Ausente,Não,
2024,2604106,Caruaru,26004063,2° ano do Ensino Fundamental,Municipal,Ausente,Não,
2024,2704302,Maceió,27013402,2° ano do Ensino Fundamental,Municipal,Ausente,Não,
2024,2902807,Barra da Estiva,29013405,2° ano do Ensino Fundamental,Municipal,Ausente,Não,
2024,3106200,Belo Horizonte,31093656,2° ano do Ensino Fundamental,Estadual,Ausente,Não,
2024,3106200,Belo Horizonte,31085820,2° ano do Ensino Fundamental,Estadual,Ausente,Não,
2024,3112802,Capitólio,31181639,2° ano do Ensino Fundamental,Municipal,Ausente,Não,
2024,3118601,Contagem,31179710,2° ano do Ensino Fundamental,Municipal,Ausente,Não,
2024,3170404,Unaí,31184724,2° ano do Ensino Fundamental,Municipal,Ausente,Não,
2024,3201308,Cariacica,32047171,2° ano do Ensino Fundamental,Municipal,Ausente,Não,
2024,3301702,Duque de Caxias,33030088,2° ano do Ensino Fundamental,Municipal,Ausente,Não,
2024,3303500,Nova Iguaçu,33061619,2° ano do Ensino Fundamental,Municipal,Ausente,Não,
2024,3505708,Barueri,35238867,2° ano do Ensino Fundamental,Municipal,Ausente,Não,
2024,3525003,Jandira,35278316,2° ano do Ensino Fundamental,Municipal,Ausente,Não,
2024,4108700,Grandes Rios,41083374,2° ano do Ensino Fundamental,Municipal,Ausente,Não,
2024,4109807,Ibiporã,41049566,2° ano do Ensino Fundamental,Municipal,Ausente,Não,
2024,4111100,Itambé,41008568,2° ano do Ensino Fundamental,Municipal,Ausente,Não,
2024,4113700,Londrina,41101718,2° ano do Ensino Fundamental,Municipal,Ausente,Não,
2024,4115200,Maringá,41136100,2° ano do Ensino Fundamental,Municipal,Ausente,Não,
2024,4122156,Rio Bonito do Iguaçu,41138361,2° ano do Ensino Fundamental,Municipal,Ausente,Não,
2024,4128104,Umuarama,41111371,2° ano do Ensino Fundamental,Municipal,Ausente,Não,
2024,4202008,Balneário Camboriú,42004079,2° ano do Ensino Fundamental,Municipal,Ausente,Não,
2024,4204202,Chapecó,42022975,2° ano do Ensino Fundamental,Municipal,Ausente,Não,
2024,4216008,São Carlos,42097495,2° ano do Ensino Fundamental,Estadual,Ausente,Não,
2024,4216206,São Francisco do Sul,42074699,2° ano do Ensino Fundamental,Municipal,Ausente,Não,
2024,4216206,São Francisco do Sul,42074137,2° ano do Ensino Fundamental,Municipal,Ausente,Não,
2024,4305108,Caxias do Sul,43020656,2° ano do Ensino Fundamental,Municipal,Ausente,Não,
2024,4314902,Porto Alegre,43060273,2° ano do Ensino Fundamental,Estadual,Ausente,Não,
2024,5003702,Dourados,50020966,2° ano do Ensino Fundamental,Municipal,Ausente,Não,
2024,5102637,Campo Novo do Parecis,51049423,2° ano do Ensino Fundamental,Municipal,Ausente,Não,
2024,1100205,Porto Velho,11011196,2° ano do Ensino Fundamental,Municipal,Ausente,Não,
2024,1100205,Porto Velho,11011329,2° ano do Ensino Fundamental,Municipal,Ausente,Não,
2024,1100205,Porto Velho,11013255,2° ano do Ensino Fundamental,Municipal,Ausente,Não,
2024,1200203,Cruzeiro do Sul,12002620,2° ano do Ensino Fundamental,Estadual,Ausente,Não,
2024,1302603,Manaus,13038817,2° ano do Ensino Fundamental,Estadual,Ausente,Não,
2024,1505809,Portel,15061574,2° ano do Ensino Fundamental,Municipal,Ausente,Não,
2024,1507607,São Miguel do Guamá,15077727,2° ano do Ensino Fundamental,Municipal,Ausente,Não,
2024,1709302,Guaraí,17004398,2° ano do Ensino Fundamental,Municipal,Ausente,Não,
2024,1718204,Porto Nacional,17016055,2° ano do Ensino Fundamental,Municipal,Ausente,Não,
2024,1721000,Palmas,17019682,2° ano do Ensino Fundamental,Municipal,Ausente,Não,
2024,2305506,Iguatu,23033178,2° ano do Ensino Fundamental,Municipal,Ausente,Não,
2024,2400208,Açu,24008758,2° ano do Ensino Fundamental,Municipal,Ausente,Não,
2024,2408102,Natal,24028426,2° ano do Ensino Fundamental,Estadual,Ausente,Não,
2024,2513703,Santa Rita,25016451,2° ano do Ensino Fundamental,Municipal,Ausente,Não,
2024,2927408,Salvador,29214643,2° ano do Ensino Fundamental,Municipal,Ausente,Não,
2024,3110707,Cambuquira,31065845,2° ano do Ensino Fundamental,Municipal,Ausente,Não,
2024,3119401,Coronel Fabriciano,31017990,2° ano do Ensino Fundamental,Municipal,Ausente,Não,
2024,3170206,Uberlândia,31182680,2° ano do Ensino Fundamental,Municipal,Ausente,Não,
2024,3204203,Piúma,32012252,2° ano do Ensino Fundamental,Municipal,Ausente,Não,
2024,3301900,Itaboraí,33033394,2° ano do Ensino Fundamental,Municipal,Ausente,Não,
2024,3504404,Avanhandava,35130233,2° ano do Ensino Fundamental,Municipal,Ausente,Não,
2024,3548500,Santos,35167226,2° ano do Ensino Fundamental,Municipal,Ausente,Não,
2024,3549805,São José do Rio Preto,35183616,2° ano do Ensino Fundamental,Municipal,Ausente,Não,
2024,3550308,São Paulo,35348302,2° ano do Ensino Fundamental,Municipal,Ausente,Não,
2024,3550308,São Paulo,35371583,2° ano do Ensino Fundamental,Municipal,Ausente,Não,
2024,4102307,Balsa Nova,41138477,2° ano do Ensino Fundamental,Municipal,Ausente,Não,
2024,4104808,Cascavel,41138518,2° ano do Ensino Fundamental,Municipal,Ausente,Não,
2024,4104808,Cascavel,41133041,2° ano do Ensino Fundamental,Municipal,Ausente,Não,
2024,4105904,Colorado,41097845,2° ano do Ensino Fundamental,Municipal,Ausente,Não,
2024,4106902,Curitiba,41138894,2° ano do Ensino Fundamental,Municipal,Ausente,Não,
2024,4124053,Santa Terezinha de Itaipu,41134625,2° ano do Ensino Fundamental,Municipal,Ausente,Não,
2024,4202404,Blumenau,42007954,2° ano do Ensino Fundamental,Estadual,Ausente,Não,
2024,4208450,Itapoá,42041452,2° ano do Ensino Fundamental,Municipal,Ausente,Não,
2024,4218004,Tijucas,42082959,2° ano do Ensino Fundamental,Municipal,Ausente,Não,
2024,4314902,Porto Alegre,43065199,2° ano do Ensino Fundamental,Estadual,Ausente,Não,
2024,5108402,Várzea Grande,51050041,2° ano do Ensino Fundamental,Municipal,Ausente,Não,
2024,1100023,Ariquemes,11022426,2° ano do Ensino Fundamental,Municipal,Ausente,Não,
2024,1500131,Abel Figueiredo,15001483,2° ano do Ensino Fundamental,Municipal,Ausente,Não,
2024,1503457,Ipixuna do Pará,15034650,2° ano do Ensino Fundamental,Municipal,Ausente,Não,
2024,1508357,Vitória do Xingu,15086878,2° ano do Ensino Fundamental,Municipal,Ausente,Não,
2024,2301109,Aracati,23014473,2° ano do Ensino Fundamental,Municipal,Ausente,Não,
2024,2304400,Fortaleza,23080045,2° ano do Ensino Fundamental,Municipal,Ausente,Não,
2024,2312908,Sobral,23055646,2° ano do Ensino Fundamental,Municipal,Ausente,Não,
2024,2402006,Caicó,24028512,2° ano do Ensino Fundamental,Municipal,Ausente,Não,
2024,2403251,Parnamirim,24028846,2° ano do Ensino Fundamental,Municipal,Ausente,Não,
2024,2607604,Ilha de Itamaracá,26027942,2° ano do Ensino Fundamental,Municipal,Ausente,Não,
2024,2802908,Itabaiana,28004126,2° ano do Ensino Fundamental,Municipal,Ausente,Não,
2024,3106705,Betim,31050084,2° ano do Ensino Fundamental,Municipal,Ausente,Não,
2024,3124104,Esmeraldas,31189373,2° ano do Ensino Fundamental,Municipal,Ausente,Não,
2024,3132701,Itambacuri,31099695,2° ano do Ensino Fundamental,Municipal,Ausente,Não,
2024,3171204,Vespasiano,31083419,2° ano do Ensino Fundamental,Municipal,Ausente,Não,
2024,3300100,Angra dos Reis,33065805,2° ano do Ensino Fundamental,Municipal,Ausente,Não,
2024,3302403,Macaé,33040611,2° ano do Ensino Fundamental,Municipal,Ausente,Não,
2024,3304557,Rio de Janeiro,33125568,2° ano do Ensino Fundamental,Municipal,Ausente,Não,
2024,3304904,São Gonçalo,33081618,2° ano do Ensino Fundamental,Municipal,Ausente,Não,
2024,3509502,Campinas,35042786,2° ano do Ensino Fundamental,Estadual,Ausente,Não,
2024,3510401,Capivari,35050017,2° ano do Ensino Fundamental,Municipal,Ausente,Não,
2024,3513009,Cotia,35254316,2° ano do Ensino Fundamental,Municipal,Ausente,Não,
2024,3534401,Osasco,35307483,2° ano do Ensino Fundamental,Municipal,Ausente,Não,
2024,3550308,São Paulo,35337556,2° ano do Ensino Fundamental,Municipal,Ausente,Não,
2024,3552502,Suzano,35329637,2° ano do Ensino Fundamental,Estadual,Ausente,Não,
2024,4109609,Guaratuba,41009980,2° ano do Ensino Fundamental,Municipal,Ausente,Não,
2024,4112108,Jandaia do Sul,41000998,2° ano do Ensino Fundamental,Municipal,Ausente,Não,
2024,4119152,Pinhais,41114066,2° ano do Ensino Fundamental,Municipal,Ausente,Não,
2024,4119301,Pinhão,41083974,2° ano do Ensino Fundamental,Municipal,Ausente,Não,
2024,4209102,Joinville,42052507,2° ano do Ensino Fundamental,Municipal,Ausente,Não,
2024,4209102,Joinville,42048793,2° ano do Ensino Fundamental,Municipal,Ausente,Não,
2024,4314100,Passo Fundo,43054743,2° ano do Ensino Fundamental,Municipal,Ausente,Não,
2024,4314407,Pelotas,43056592,2° ano do Ensino Fundamental,Municipal,Ausente,Não,
2024,5002704,Campo Grande,50004046,2° ano do Ensino Fundamental,Municipal,Ausente,Não,
2024,5103403,Cuiabá,51037344,2° ano do Ensino Fundamental,Municipal,Ausente,Não,
2024,5107925,Sorriso,51030929,2° ano do Ensino Fundamental,Municipal,Ausente,Não,
2024,5201108,Anápolis,52076961,2° ano do Ensino Fundamental,Municipal,Ausente,Não,
2024,5300108,Brasília,53012780,2° ano do Ensino Fundamental,Estadual,Ausente,Não,
2024,1302603,Manaus,13040138,2° ano do Ensino Fundamental,Estadual,Ausente,Não,
2024,1504752,Mojuí dos Campos,15048579,2° ano do Ensino Fundamental,Municipal,Ausente,Não,
2024,1505809,Portel,15061935,2° ano do Ensino Fundamental,Municipal,Ausente,Não,
2024,1721000,Palmas,17002709,2° ano do Ensino Fundamental,Municipal,Ausente,Não,
2024,2306256,Itaitinga,23080597,2° ano do Ensino Fundamental,Municipal,Ausente,Não,
2024,2312908,Sobral,23041200,2° ano do Ensino Fundamental,Municipal,Ausente,Não,
2024,2404200,Goianinha,24029315,2° ano do Ensino Fundamental,Municipal,Ausente,Não,
2024,2610608,Paudalho,26080129,2° ano do Ensino Fundamental,Municipal,Ausente,Não,
2024,2704302,Maceió,27032057,2° ano do Ensino Fundamental,Estadual,Ausente,Não,
2024,3118601,Contagem,31179782,2° ano do Ensino Fundamental,Municipal,Ausente,Não,
2024,3136959,Juvenília,31027517,2° ano do Ensino Fundamental,Municipal,Ausente,Não,
2024,3152808,Prata,31182651,2° ano do Ensino Fundamental,Municipal,Ausente,Não,
2024,3157203,Santa Bárbara,31184885,2° ano do Ensino Fundamental,Municipal,Ausente,Não,
2024,3167202,Sete Lagoas,31182142,2° ano do Ensino Fundamental,Municipal,Ausente,Não,
2024,3168606,Teófilo Otoni,31191713,2° ano do Ensino Fundamental,Estadual,Ausente,Não,
2024,3168705,Timóteo,31201049,2° ano do Ensino Fundamental,Estadual,Ausente,Não,
2024,3170107,Uberaba,31013255,2° ano do Ensino Fundamental,Municipal,Ausente,Não,
2024,3205200,Vila Velha,32013675,2° ano do Ensino Fundamental,Municipal,Ausente,Não,
2024,3300456,Belford Roxo,33005932,2° ano do Ensino Fundamental,Municipal,Ausente,Não,
2024,3303500,Nova Iguaçu,33062828,2° ano do Ensino Fundamental,Municipal,Ausente,Não,
2024,3304557,Rio de Janeiro,33111209,2° ano do Ensino Fundamental,Municipal,Ausente,Não,
2024,3305208,São Pedro da Aldeia,33014285,2° ano do Ensino Fundamental,Municipal,Ausente,Não,
2024,3534401,Osasco,35305636,2° ano do Ensino Fundamental,Municipal,Ausente,Não,
2024,3545803,Santa Bárbara d'Oeste,35004561,2° ano do Ensino Fundamental,Municipal,Ausente,Não,
2024,4105508,Cianorte,41133101,2° ano do Ensino Fundamental,Municipal,Ausente,Não,
2024,4113700,Londrina,41135567,2° ano do Ensino Fundamental,Municipal,Ausente,Não,
2024,4117305,Ortigueira,41137504,2° ano do Ensino Fundamental,Municipal,Ausente,Não,
2024,4119954,Pontal do Paraná,41016661,2° ano do Ensino Fundamental,Municipal,Ausente,Não,
2024,4121505,Rebouças,41135219,2° ano do Ensino Fundamental,Municipal,Ausente,Não,
2024,4127700,Toledo,41137736,2° ano do Ensino Fundamental,Municipal,Ausente,Não,
2024,4208302,Itapema,42068393,2° ano do Ensino Fundamental,Municipal,Ausente,Não,
2024,4209409,Laguna,42057247,2° ano do Ensino Fundamental,Estadual,Ausente,Não,
2024,4316907,Santa Maria,43077214,2° ano do Ensino Fundamental,Estadual,Ausente,Não,
2024,4316907,Santa Maria,43075640,2° ano do Ensino Fundamental,Estadual,Ausente,Não,
2024,4318903,São Luiz Gonzaga,43090626,2° ano do Ensino Fundamental,Estadual,Ausente,Não,
2024,5201108,Anápolis,52010408,2° ano do Ensino Fundamental,Municipal,Ausente,Não,
2024,5201405,Aparecida de Goiânia,52076385,2° ano do Ensino Fundamental,Municipal,Ausente,Não,
2024,5205109,Catalão,52024433,2° ano do Ensino Fundamental,Municipal,Ausente,Não,
2024,5211909,Jataí,52041450,2° ano do Ensino Fundamental,Municipal,Ausente,Não,
2024,5214507,Nerópolis,52014460,2° ano do Ensino Fundamental,Municipal,Ausente,Não,
2024,1100288,Rolim de Moura,11021992,2° ano do Ensino Fundamental,Municipal,Ausente,Não,
2024,1100809,Candeias do Jamari,11021911,2° ano do Ensino Fundamental,Municipal,Ausente,Não,
2024,1503309,Igarapé-Miri,15034036,2° ano do Ensino Fundamental,Municipal,Ausente,Não,
2024,1506807,Santarém,15069759,2° ano do Ensino Fundamental,Municipal,Ausente,Não,
2024,1721000,Palmas,17018618,2° ano do Ensino Fundamental,Municipal,Ausente,Não,
2024,2104057,Estreito,21067325,2° ano do Ensino Fundamental,Municipal,Ausente,Não,
2024,2506301,Guarabira,25034471,2° ano do Ensino Fundamental,Municipal,Ausente,Não,
2024,2513703,Santa Rita,25034398,2° ano do Ensino Fundamental,Municipal,Ausente,Não,
2024,2804805,Nossa Senhora do Socorro,28011292,2° ano do Ensino Fundamental,Municipal,Ausente,Não,
2024,2925303,Porto Seguro,29179148,2° ano do Ensino Fundamental,Municipal,Ausente,Não,
2024,3124104,Esmeraldas,31184807,2° ano do Ensino Fundamental,Municipal,Ausente,Não,
2024,3129806,Ibirité,31007527,2° ano do Ensino Fundamental,Municipal,Ausente,Não,
2024,3147907,Passos,31138811,2° ano do Ensino Fundamental,Municipal,Ausente,Não,
2024,3170206,Uberlândia,31185272,2° ano do Ensino Fundamental,Municipal,Ausente,Não,
2024,3201308,Cariacica,32045577,2° ano do Ensino Fundamental,Municipal,Ausente,Não,
2024,3304557,Rio de Janeiro,33150777,2° ano do Ensino Fundamental,Municipal,Ausente,Não,
2024,3507506,Botucatu,35029319,2° ano do Ensino Fundamental,Municipal,Ausente,Não,
2024,3515152,Engenheiro Coelho,35115817,2° ano do Ensino Fundamental,Municipal,Ausente,Não,
2024,3518800,Guarulhos,35264063,2° ano do Ensino Fundamental,Municipal,Ausente,Não,
2024,3543402,Ribeirão Preto,35154617,2° ano do Ensino Fundamental,Municipal,Ausente,Não,
2024,4107207,Dois Vizinhos,41058941,2° ano do Ensino Fundamental,Municipal,Ausente,Não,
2024,4107801,Floraí,41136293,2° ano do Ensino Fundamental,Municipal,Ausente,Não,
2024,4108957,Guamiranga,41135236,2° ano do Ensino Fundamental,Municipal,Ausente,Não,
2024,4112009,Jaguariaíva,41138216,2° ano do Ensino Fundamental,Municipal,Ausente,Não,
2024,4113429,Lidianópolis,41022064,2° ano do Ensino Fundamental,Municipal,Ausente,Não,
2024,4117503,Paiçandu,41136387,2° ano do Ensino Fundamental,Municipal,Ausente,Não,
2024,4202008,Balneário Camboriú,42003360,2° ano do Ensino Fundamental,Municipal,Ausente,Não,
2024,4202008,Balneário Camboriú,42003423,2° ano do Ensino Fundamental,Municipal,Ausente,Não,
2024,4208302,Itapema,42069164,2° ano do Ensino Fundamental,Municipal,Ausente,Não,
2024,4212908,Pinhalzinho,42060277,2° ano do Ensino Fundamental,Municipal,Ausente,Não,
2024,4300604,Alvorada,43001463,2° ano do Ensino Fundamental,Municipal,Ausente,Não,
2024,4314902,Porto Alegre,43063759,2° ano do Ensino Fundamental,Estadual,Ausente,Não,
2024,5107958,Tangará da Serra,51049578,2° ano do Ensino Fundamental,Municipal,Ausente,Não,
2024,5300108,Brasília,53004124,2° ano do Ensino Fundamental,Estadual,Ausente,Não,
2024,5300108,Brasília,53010441,2° ano do Ensino Fundamental,Estadual,Ausente,Não,
2024,5300108,Brasília,53010477,2° ano do Ensino Fundamental,Estadual,Ausente,Não,
2024,1200013,Acrelândia,12000196,2° ano do Ensino Fundamental,Municipal,Ausente,Não,
2024,1302603,Manaus,13043156,2° ano do Ensino Fundamental,Municipal,Ausente,Não,
2024,1711506,Jaú do Tocantins,17019500,2° ano do Ensino Fundamental,Municipal,Ausente,Não,
2024,2109304,Presidente Vargas,21013102,2° ano do Ensino Fundamental,Municipal,Ausente,Não,
2024,2211100,União,22031230,2° ano do Ensino Fundamental,Municipal,Ausente,Não,
2024,2306405,Itapipoca,23030404,2° ano do Ensino Fundamental,Municipal,Ausente,Não,
2024,2408102,Natal,24029395,2° ano do Ensino Fundamental,Municipal,Ausente,Não,
2024,2609600,Olinda,26078319,2° ano do Ensino Fundamental,Municipal,Ausente,Não,
2024,2707701,Rio Largo,27026024,2° ano do Ensino Fundamental,Municipal,Ausente,Não,
2024,2917508,Jacobina,29120364,2° ano do Ensino Fundamental,Municipal,Ausente,Não,
2024,3104205,Arcos,31180603,2° ano do Ensino Fundamental,Municipal,Ausente,Não,
2024,3106200,Belo Horizonte,31191600,2° ano do Ensino Fundamental,Municipal,Ausente,Não,
2024,3106200,Belo Horizonte,31184285,2° ano do Ensino Fundamental,Municipal,Ausente,Não,
2024,3106200,Belo Horizonte,31184840,2° ano do Ensino Fundamental,Municipal,Ausente,Não,
2024,3125101,Extrema,31183763,2° ano do Ensino Fundamental,Municipal,Ausente,Não,
2024,3125101,Extrema,31183760,2° ano do Ensino Fundamental,Municipal,Ausente,Não,
2024,3143906,Muriaé,31181434,2° ano do Ensino Fundamental,Municipal,Ausente,Não,
2024,3143906,Muriaé,31107197,2° ano do Ensino Fundamental,Estadual,Ausente,Não,
2024,3145901,Ouro Branco,31012450,2° ano do Ensino Fundamental,Municipal,Ausente,Não,
2024,3148707,Pedra Azul,31187066,2° ano do Ensino Fundamental,Municipal,Ausente,Não,
2024,3164704,São Sebastião do Paraíso,31182014,2° ano do Ensino Fundamental,Municipal,Ausente,Não,
2024,3170206,Uberlândia,31137167,2° ano do Ensino Fundamental,Municipal,Ausente,Não,
2024,3300456,Belford Roxo,33007775,2° ano do Ensino Fundamental,Municipal,Ausente,Não,
2024,3303302,Niterói,33053969,2° ano do Ensino Fundamental,Municipal,Ausente,Não,
2024,3304557,Rio de Janeiro,33119256,2° ano do Ensino Fundamental,Municipal,Ausente,Não,
2024,3552502,Suzano,35326610,2° ano do Ensino Fundamental,Estadual,Ausente,Não,
2024,4118204,Paranaguá,41040404,2° ano do Ensino Fundamental,Municipal,Ausente,Não,
2024,4205902,Gaspar,42032180,2° ano do Ensino Fundamental,Municipal,Ausente,Não,
2024,4209102,Joinville,42052227,2° ano do Ensino Fundamental,Municipal,Ausente,Não,
2024,4307005,Erechim,43026807,2° ano do Ensino Fundamental,Municipal,Ausente,Não,
2024,4313409,Novo Hamburgo,43048922,2° ano do Ensino Fundamental,Municipal,Ausente,Não,
2024,1302603,Manaus,13058644,2° ano do Ensino Fundamental,Estadual,Ausente,Não,
2024,2501005,Araruna,25034443,2° ano do Ensino Fundamental,Municipal,Ausente,Não,
2024,2927408,Salvador,29945172,2° ano do Ensino Fundamental,Municipal,Ausente,Não,
2024,2928901,São Desidério,29231140,2° ano do Ensino Fundamental,Municipal,Ausente,Não,
2024,3105400,Barão de Cocais,31180170,2° ano do Ensino Fundamental,Municipal,Ausente,Não,
2024,3170206,Uberlândia,31126293,2° ano do Ensino Fundamental,Municipal,Ausente,Não,
2024,3302403,Macaé,33040519,2° ano do Ensino Fundamental,Municipal,Ausente,Não,
2024,3508108,Buritama,35028507,2° ano do Ensino Fundamental,Municipal,Ausente,Não,
2024,3535507,Paraguaçu Paulista,35016874,2° ano do Ensino Fundamental,Municipal,Ausente,Não,
2024,3538006,Pindamonhangaba,35133178,2° ano do Ensino Fundamental,Municipal,Ausente,Não,
2024,3550308,São Paulo,35387119,2° ano do Ensino Fundamental,Estadual,Ausente,Não,
2024,3550308,São Paulo,35413040,2° ano do Ensino Fundamental,Municipal,Ausente,Não,
2024,4104303,Campo Mourão,41013030,2° ano do Ensino Fundamental,Municipal,Ausente,Não,
2024,4105805,Colombo,41024444,2° ano do Ensino Fundamental,Municipal,Ausente,Não,
2024,4106902,Curitiba,41133581,2° ano do Ensino Fundamental,Municipal,Ausente,Não,
2024,4113700,Londrina,41135869,2° ano do Ensino Fundamental,Municipal,Ausente,Não,
2024,4118501,Pato Branco,41136834,2° ano do Ensino Fundamental,Municipal,Ausente,Não,
2024,4119509,Piraquara,41131333,2° ano do Ensino Fundamental,Municipal,Ausente,Não,
2024,4122008,Rio Azul,41085606,2° ano do Ensino Fundamental,Municipal,Ausente,Não,
2024,4124509,Santo Inácio,41136286,2° ano do Ensino Fundamental,Municipal,Ausente,Não,
2024,4215000,Rio Negrinho,42072022,2° ano do Ensino Fundamental,Municipal,Ausente,Não,
2024,4300604,Alvorada,43001108,2° ano do Ensino Fundamental,Municipal,Ausente,Não,
2024,4305108,Caxias do Sul,43021536,2° ano do Ensino Fundamental,Municipal,Ausente,Não,
2024,4309308,Guaíba,43037593,2° ano do Ensino Fundamental,Municipal,Ausente,Não,
2024,4314902,Porto Alegre,43061917,2° ano do Ensino Fundamental,Estadual,Ausente,Não,
2024,4319208,São Nicolau,43090685,2° ano do Ensino Fundamental,Municipal,Ausente,Não,
2024,5206909,Davinópolis,52073375,2° ano do Ensino Fundamental,Municipal,Ausente,Não,
2024,5214002,Mozarlândia,52028728,2° ano do Ensino Fundamental,Municipal,Ausente,Não,
2024,5300108,Brasília,53019498,2° ano do Ensino Fundamental,Estadual,Ausente,Não,
2024,1302603,Manaus,13039691,2° ano do Ensino Fundamental,Municipal,Ausente,Não,
2024,1500859,Anapu,15011627,2° ano do Ensino Fundamental,Municipal,Ausente,Não,
2024,1502152,Canaã dos Carajás,15023140,2° ano do Ensino Fundamental,Municipal,Ausente,Não,
2024,2105302,Imperatriz,21067437,2° ano do Ensino Fundamental,Municipal,Ausente,Não,
2024,2202208,Campo Maior,22032622,2° ano do Ensino Fundamental,Municipal,Ausente,Não,
2024,2305332,Ibicuitinga,23080968,2° ano do Ensino Fundamental,Municipal,Ausente,Não,
2024,2307304,Juazeiro do Norte,23076154,2° ano do Ensino Fundamental,Municipal,Ausente,Não,
2024,2411205,Santa Cruz,24025858,2° ano do Ensino Fundamental,Municipal,Ausente,Não,
2024,2600054,Abreu e Lima,26080149,2° ano do Ensino Fundamental,Municipal,Ausente,Não,
2024,2612505,Santa Cruz do Capibaribe,26080087,2° ano do Ensino Fundamental,Municipal,Ausente,Não,
2024,2708709,São Miguel dos Milagres,27033426,2° ano do Ensino Fundamental,Municipal,Ausente,Não,
2024,2910800,Feira de Santana,29081565,2° ano do Ensino Fundamental,Municipal,Ausente,Não,
2024,3136702,Juiz de Fora,31185021,2° ano do Ensino Fundamental,Municipal,Ausente,Não,
2024,3202405,Guarapari,32045209,2° ano do Ensino Fundamental,Municipal,Ausente,Não,
2024,3302502,Magé,33045497,2° ano do Ensino Fundamental,Municipal,Ausente,Não,
2024,3303500,Nova Iguaçu,33058134,2° ano do Ensino Fundamental,Municipal,Ausente,Não,
2024,3303500,Nova Iguaçu,33061314,2° ano do Ensino Fundamental,Municipal,Ausente,Não,
2024,3304144,Queimados,33069960,2° ano do Ensino Fundamental,Municipal,Ausente,Não,
2024,3304557,Rio de Janeiro,33107177,2° ano do Ensino Fundamental,Municipal,Ausente,Não,
2024,3505708,Barueri,35236399,2° ano do Ensino Fundamental,Municipal,Ausente,Não,
2024,3506359,Bertioga,35170074,2° ano do Ensino Fundamental,Municipal,Ausente,Não,
2024,3516309,Francisco Morato,35242633,2° ano do Ensino Fundamental,Municipal,Ausente,Não,
2024,3538501,Piquete,35070288,2° ano do Ensino Fundamental,Municipal,Ausente,Não,
2024,3540002,Pompéia,35120209,2° ano do Ensino Fundamental,Municipal,Ausente,Não,
2024,3549102,São João da Boa Vista,35176333,2° ano do Ensino Fundamental,Municipal,Ausente,Não,
2024,3550308,São Paulo,35363156,2° ano do Ensino Fundamental,Municipal,Ausente,Não,
2024,3550308,São Paulo,35421329,2° ano do Ensino Fundamental,Municipal,Ausente,Não,
2024,3550308,São Paulo,35378787,2° ano do Ensino Fundamental,Estadual,Ausente,Não,
2024,4106902,Curitiba,41100504,2° ano do Ensino Fundamental,Municipal,Ausente,Não,
2024,4106902,Curitiba,41133305,2° ano do Ensino Fundamental,Municipal,Ausente,Não,
2024,4106902,Curitiba,41133670,2° ano do Ensino Fundamental,Municipal,Ausente,Não,
2024,4111001,Itambaracá,41133196,2° ano do Ensino Fundamental,Municipal,Ausente,Não,
2024,4115606,Matelândia,41134657,2° ano do Ensino Fundamental,Municipal,Ausente,Não,
2024,4120903,Quedas do Iguaçu,41096012,2° ano do Ensino Fundamental,Municipal,Ausente,Não,
2024,4202453,Bombinhas,42068102,2° ano do Ensino Fundamental,Municipal,Ausente,Não,
2024,4206603,Guarujá do Sul,42098485,2° ano do Ensino Fundamental,Municipal,Ausente,Não,
2024,4208450,Itapoá,42041438,2° ano do Ensino Fundamental,Municipal,Ausente,Não,
2024,4211900,Palhoça,42065101,2° ano do Ensino Fundamental,Municipal,Ausente,Não,
2024,4218004,Tijucas,42082624,2° ano do Ensino Fundamental,Municipal,Ausente,Não,
2024,4314902,Porto Alegre,43061802,2° ano do Ensino Fundamental,Estadual,Ausente,Não,
2024,5002308,Brasilândia,50036907,2° ano do Ensino Fundamental,Municipal,Ausente,Não,
2024,5002407,Caarapó,50019279,2° ano do Ensino Fundamental,Estadual,Ausente,Não,
2024,5106422,Peixoto de Azevedo,51050827,2° ano do Ensino Fundamental,Municipal,Ausente,Não,
2024,5202502,Aruanã,52028322,2° ano do Ensino Fundamental,Municipal,Ausente,Não,
2024,1100106,Guajará-Mirim,11004019,2° ano do Ensino Fundamental,Municipal,Ausente,Não,
2024,1302603,Manaus,13039517,2° ano do Ensino Fundamental,Municipal,Ausente,Não,
2024,2101103,Axixá,21069153,2° ano do Ensino Fundamental,Municipal,Ausente,Não,
2024,2313401,Tianguá,23081336,2° ano do Ensino Fundamental,Municipal,Ausente,Não,
2024,2404408,Grossos,24028577,2° ano do Ensino Fundamental,Municipal,Ausente,Não,
2024,2413359,Serra do Mel,24028653,2° ano do Ensino Fundamental,Municipal,Ausente,Não,
2024,2513703,Santa Rita,25016617,2° ano do Ensino Fundamental,Municipal,Ausente,Não,
2024,2702405,Delmiro Gouveia,27032444,2° ano do Ensino Fundamental,Municipal,Ausente,Não,
2024,2704302,Maceió,27032931,2° ano do Ensino Fundamental,Municipal,Ausente,Não,
2024,2918100,Jeremoabo,29126572,2° ano do Ensino Fundamental,Municipal,Ausente,Não,
2024,3106200,Belo Horizonte,31180110,2° ano do Ensino Fundamental,Municipal,Ausente,Não,
2024,3106200,Belo Horizonte,31203359,2° ano do Ensino Fundamental,Estadual,Ausente,Não,
2024,3109303,Buritis,31184683,2° ano do Ensino Fundamental,Municipal,Ausente,Não,
2024,3110608,Cambuí,31183703,2° ano do Ensino Fundamental,Municipal,Ausente,Não,
2024,3151800,Poços de Caldas,31185156,2° ano do Ensino Fundamental,Municipal,Ausente,Não,
2024,3162104,São Gotardo,31185141,2° ano do Ensino Fundamental,Municipal,Ausente,Não,
2024,3163102,São José da Varginha,31184619,2° ano do Ensino Fundamental,Municipal,Ausente,Não,
2024,3205002,Serra,32002647,2° ano do Ensino Fundamental,Municipal,Ausente,Não,
2024,3304557,Rio de Janeiro,33138976,2° ano do Ensino Fundamental,Municipal,Ausente,Não,
2024,3304557,Rio de Janeiro,33119507,2° ano do Ensino Fundamental,Municipal,Ausente,Não,
2024,3525904,Jundiaí,35105599,2° ano do Ensino Fundamental,Municipal,Ausente,Não,
2024,3527306,Louveira,35103450,2° ano do Ensino Fundamental,Municipal,Ausente,Não,
2024,3534401,Osasco,35302788,2° ano do Ensino Fundamental,Municipal,Ausente,Não,
2024,3541000,Praia Grande,35145230,2° ano do Ensino Fundamental,Municipal,Ausente,Não,
2024,3548708,São Bernardo do Campo,35322793,2° ano do Ensino Fundamental,Municipal,Ausente,Não,
2024,3550308,São Paulo,35343787,2° ano do Ensino Fundamental,Municipal,Ausente,Não,
2024,3550308,São Paulo,35340133,2° ano do Ensino Fundamental,Municipal,Ausente,Não,
2024,3550308,São Paulo,35350148,2° ano do Ensino Fundamental,Estadual,Ausente,Não,
2024,4101101,Andirá,41037902,2° ano do Ensino Fundamental,Municipal,Ausente,Não,
2024,4104808,Cascavel,41132778,2° ano do Ensino Fundamental,Municipal,Ausente,Não,
2024,4108304,Foz do Iguaçu,41134553,2° ano do Ensino Fundamental,Municipal,Ausente,Não,
2024,4113700,Londrina,41135871,2° ano do Ensino Fundamental,Municipal,Ausente,Não,
2024,4115200,Maringá,41013244,2° ano do Ensino Fundamental,Municipal,Ausente,Não,
2024,4117800,Palmital,41056773,2° ano do Ensino Fundamental,Municipal,Ausente,Não,
2024,5201405,Aparecida de Goiânia,52076375,2° ano do Ensino Fundamental,Municipal,Ausente,Não,
2024,5204706,Campinorte,52077092,2° ano do Ensino Fundamental,Municipal,Ausente,Não,
2024,5208707,Goiânia,52076255,2° ano do Ensino Fundamental,Municipal,Ausente,Não,
2024,1100023,Ariquemes,11000015,2° ano do Ensino Fundamental,Municipal,Ausente,Não,
2024,1502400,Castanhal,15025832,2° ano do Ensino Fundamental,Municipal,Ausente,Não,
2024,1504422,Marituba,15046086,2° ano do Ensino Fundamental,Municipal,Ausente,Não,
2024,1505536,Parauapebas,15058509,2° ano do Ensino Fundamental,Municipal,Ausente,Não,
2024,2100436,Alto Alegre do Maranhão,21067892,2° ano do Ensino Fundamental,Municipal,Ausente,Não,
2024,2105500,João Lisboa,21029445,2° ano do Ensino Fundamental,Municipal,Ausente,Não,
2024,2111300,São Luís,21005643,2° ano do Ensino Fundamental,Municipal,Ausente,Não,
2024,2408102,Natal,24005505,2° ano do Ensino Fundamental,Municipal,Ausente,Não,
2024,2513703,Santa Rita,25034413,2° ano do Ensino Fundamental,Municipal,Ausente,Não,
2024,2604304,Cedro,26080027,2° ano do Ensino Fundamental,Municipal,Ausente,Não,
2024,2702900,Girau do Ponciano,27033566,2° ano do Ensino Fundamental,Municipal,Ausente,Não,
2024,2918357,João Dourado,29127859,2° ano do Ensino Fundamental,Municipal,Ausente,Não,
2024,2927408,Salvador,29948003,2° ano do Ensino Fundamental,Municipal,Ausente,Não,
2024,3106200,Belo Horizonte,31008770,2° ano do Ensino Fundamental,Estadual,Ausente,Não,
2024,3106200,Belo Horizonte,31203052,2° ano do Ensino Fundamental,Estadual,Ausente,Não,
2024,3106200,Belo Horizonte,31009279,2° ano do Ensino Fundamental,Municipal,Ausente,Não,
2024,3136306,João Pinheiro,31080192,2° ano do Ensino Fundamental,Estadual,Ausente,Não,
2024,3144805,Nova Lima,31180258,2° ano do Ensino Fundamental,Municipal,Ausente,Não,
2024,3170206,Uberlândia,31202686,2° ano do Ensino Fundamental,Municipal,Ausente,Não,
2024,3205200,Vila Velha,32014853,2° ano do Ensino Fundamental,Municipal,Ausente,Não,
2024,3300209,Araruama,33002264,2° ano do Ensino Fundamental,Municipal,Ausente,Não,
2024,3300456,Belford Roxo,33005226,2° ano do Ensino Fundamental,Municipal,Ausente,Não,
2024,3304557,Rio de Janeiro,33119021,2° ano do Ensino Fundamental,Municipal,Ausente,Não,
2024,3502200,Angatuba,35071148,2° ano do Ensino Fundamental,Municipal,Ausente,Não,
2024,3548708,São Bernardo do Campo,35318846,2° ano do Ensino Fundamental,Municipal,Ausente,Não,
2024,3550308,São Paulo,35407073,2° ano do Ensino Fundamental,Municipal,Ausente,Não,
2024,3550308,São Paulo,35340263,2° ano do Ensino Fundamental,Municipal,Ausente,Não,
2024,3550704,São Sebastião,35057570,2° ano do Ensino Fundamental,Municipal,Ausente,Não,
2024,3554003,Tatuí,35075065,2° ano do Ensino Fundamental,Municipal,Ausente,Não,
2024,4103107,Bocaiúva do Sul,41127979,2° ano do Ensino Fundamental,Municipal,Ausente,Não,
2024,4104006,Campina Grande do Sul,41108381,2° ano do Ensino Fundamental,Municipal,Ausente,Não,
2024,4104808,Cascavel,41101749,2° ano do Ensino Fundamental,Municipal,Ausente,Não,
2024,4105805,Colombo,41131554,2° ano do Ensino Fundamental,Municipal,Ausente,Não,
2024,4106902,Curitiba,41133527,2° ano do Ensino Fundamental,Municipal,Ausente,Não,
2024,4118501,Pato Branco,41136890,2° ano do Ensino Fundamental,Municipal,Ausente,Não,
2024,4127106,Telêmaco Borba,41084952,2° ano do Ensino Fundamental,Municipal,Ausente,Não,
2024,4205902,Gaspar,42032813,2° ano do Ensino Fundamental,Municipal,Ausente,Não,
2024,5102637,Campo Novo do Parecis,51049453,2° ano do Ensino Fundamental,Municipal,Ausente,Não,
2024,5105234,Lambari D'Oeste,51050756,2° ano do Ensino Fundamental,Municipal,Ausente,Não,
2024,5211503,Itumbiara,52074248,2° ano do Ensino Fundamental,Municipal,Ausente,Não,
2024,1302504,Manacapuru,13014167,2° ano do Ensino Fundamental,Municipal,Ausente,Não,
2024,1302603,Manaus,13055448,2° ano do Ensino Fundamental,Estadual,Ausente,Não,
2024,1721000,Palmas,17001953,2° ano do Ensino Fundamental,Municipal,Ausente,Não,
2024,2408003,Mossoró,24028611,2° ano do Ensino Fundamental,Municipal,Ausente,Não,
2024,2504009,Campina Grande,25021453,2° ano do Ensino Fundamental,Estadual,Ausente,Não,
2024,2704005,Junqueiro,27011740,2° ano do Ensino Fundamental,Municipal,Ausente,Não,
2024,2707800,Roteiro,27033325,2° ano do Ensino Fundamental,Municipal,Ausente,Não,
2024,2927408,Salvador,29209155,2° ano do Ensino Fundamental,Municipal,Ausente,Não,
2024,3106200,Belo Horizonte,31180098,2° ano do Ensino Fundamental,Municipal,Ausente,Não,
2024,3170206,Uberlândia,31185290,2° ano do Ensino Fundamental,Municipal,Ausente,Não,
2024,3201308,Cariacica,32045826,2° ano do Ensino Fundamental,Municipal,Ausente,Não,
2024,3205101,Viana,32045882,2° ano do Ensino Fundamental,Municipal,Ausente,Não,
2024,3300209,Araruama,33002144,2° ano do Ensino Fundamental,Municipal,Ausente,Não,
2024,3510609,Carapicuíba,35246827,2° ano do Ensino Fundamental,Estadual,Ausente,Não,
2024,3541000,Praia Grande,35145813,2° ano do Ensino Fundamental,Municipal,Ausente,Não,
2024,4104808,Cascavel,41109432,2° ano do Ensino Fundamental,Municipal,Ausente,Não,
2024,4107652,Fazenda Rio Grande,41131731,2° ano do Ensino Fundamental,Municipal,Ausente,Não,
2024,4108304,Foz do Iguaçu,41134428,2° ano do Ensino Fundamental,Municipal,Ausente,Não,
2024,4112009,Jaguariaíva,41091265,2° ano do Ensino Fundamental,Municipal,Ausente,Não,
2024,4115804,Medianeira,41138655,2° ano do Ensino Fundamental,Municipal,Ausente,Não,
2024,4127957,Tupãssi,41132406,2° ano do Ensino Fundamental,Municipal,Ausente,Não,
2024,4203204,Camboriú,42017926,2° ano do Ensino Fundamental,Municipal,Ausente,Não,
2024,5221809,Urutaí,52047159,2° ano do Ensino Fundamental,Municipal,Ausente,Não,
2024,1302603,Manaus,13039008,2° ano do Ensino Fundamental,Municipal,Ausente,Não,
2024,1302603,Manaus,13053218,2° ano do Ensino Fundamental,Municipal,Ausente,Não,
2024,1502400,Castanhal,15099607,2° ano do Ensino Fundamental,Municipal,Ausente,Não,
2024,1504208,Marabá,15040720,2° ano do Ensino Fundamental,Municipal,Ausente,Não,
2024,2404200,Goianinha,24029316,2° ano do Ensino Fundamental,Municipal,Ausente,Não,
2024,2504009,Campina Grande,25021366,2° ano do Ensino Fundamental,Municipal,Ausente,Não,
2024,2904605,Brumado,29026882,2° ano do Ensino Fundamental,Municipal,Ausente,Não,
2024,2908606,Conde,29057146,2° ano do Ensino Fundamental,Municipal,Ausente,Não,
2024,2917607,Jaguaquara,29121694,2° ano do Ensino Fundamental,Municipal,Ausente,Não,
2024,3101003,Águas Vermelhas,31150283,2° ano do Ensino Fundamental,Municipal,Ausente,Não,
2024,3106200,Belo Horizonte,31000185,2° ano do Ensino Fundamental,Estadual,Ausente,Não,
2024,3115359,Catas Altas,31078283,2° ano do Ensino Fundamental,Municipal,Ausente,Não,
2024,3139508,Manhumirim,31181290,2° ano do Ensino Fundamental,Municipal,Ausente,Não,
2024,3140852,Matias Cardoso,31184992,2° ano do Ensino Fundamental,Municipal,Ausente,Não,
2024,3304557,Rio de Janeiro,33141965,2° ano do Ensino Fundamental,Municipal,Ausente,Não,
2024,3304557,Rio de Janeiro,33112083,2° ano do Ensino Fundamental,Municipal,Ausente,Não,
2024,3502804,Araçatuba,35009411,2° ano do Ensino Fundamental,Municipal,Ausente,Não,
2024,3524402,Jacareí,35091444,2° ano do Ensino Fundamental,Municipal,Ausente,Não,
2024,3525607,João Ramalho,35227356,2° ano do Ensino Fundamental,Municipal,Ausente,Não,
2024,3550308,São Paulo,35367476,2° ano do Ensino Fundamental,Municipal,Ausente,Não,
2024,3550308,São Paulo,35349624,2° ano do Ensino Fundamental,Estadual,Ausente,Não,
2024,3551306,Sebastianópolis do Sul,35233014,2° ano do Ensino Fundamental,Municipal,Ausente,Não,
2024,4102109,Astorga,41136246,2° ano do Ensino Fundamental,Municipal,Ausente,Não,
2024,4105805,Colombo,41131353,2° ano do Ensino Fundamental,Municipal,Ausente,Não,
2024,4106902,Curitiba,41133236,2° ano do Ensino Fundamental,Municipal,Ausente,Não,
2024,4202305,Biguaçu,42006436,2° ano do Ensino Fundamental,Estadual,Ausente,Não,
2024,4218004,Tijucas,42082631,2° ano do Ensino Fundamental,Municipal,Ausente,Não,
2024,4300604,Alvorada,43003232,2° ano do Ensino Fundamental,Municipal,Ausente,Não,
2024,4303103,Cachoeirinha,43008930,2° ano do Ensino Fundamental,Estadual,Ausente,Não,
2024,5204508,Caldas Novas,52077161,2° ano do Ensino Fundamental,Municipal,Ausente,Não,
2024,5208707,Goiânia,52072249,2° ano do Ensino Fundamental,Municipal,Ausente,Não,
2024,1302504,Manacapuru,13013902,2° ano do Ensino Fundamental,Municipal,Ausente,Não,
2024,1302603,Manaus,13029988,2° ano do Ensino Fundamental,Municipal,Ausente,Não,
2024,1500800,Ananindeua,15006812,2° ano do Ensino Fundamental,Municipal,Ausente,Não,
2024,1500909,Augusto Corrêa,15011967,2° ano do Ensino Fundamental,Municipal,Ausente,Não,
2024,1506195,Rurópolis,15065904,2° ano do Ensino Fundamental,Municipal,Ausente,Não,
2024,1715705,Palmeirante,17019606,2° ano do Ensino Fundamental,Municipal,Ausente,Não,
2024,2106706,Mirador,21052286,2° ano do Ensino Fundamental,Municipal,Ausente,Não,
2024,2111300,São Luís,21069142,2° ano do Ensino Fundamental,Municipal,Ausente,Não,
2024,2112456,Turilândia,21069269,2° ano do Ensino Fundamental,Municipal,Ausente,Não,
2024,2412559,São Miguel do Gostoso,24029362,2° ano do Ensino Fundamental,Municipal,Ausente,Não,
2024,2604106,Caruaru,26077327,2° ano do Ensino Fundamental,Municipal,Ausente,Não,
2024,2933109,Várzea do Poço,29917615,2° ano do Ensino Fundamental,Municipal,Ausente,Não,
2024,3106200,Belo Horizonte,31134593,2° ano do Ensino Fundamental,Municipal,Ausente,Não,
2024,3106903,Bicas,31181109,2° ano do Ensino Fundamental,Municipal,Ausente,Não,
2024,3108552,Brasilândia de Minas,31185107,2° ano do Ensino Fundamental,Municipal,Ausente,Não,
2024,3127073,Fruta de Leite,31000612,2° ano do Ensino Fundamental,Municipal,Ausente,Não,
2024,3131158,Ipaba,31180535,2° ano do Ensino Fundamental,Municipal,Ausente,Não,
2024,3170107,Uberaba,31182514,2° ano do Ensino Fundamental,Municipal,Ausente,Não,
2024,3301900,Itaboraí,33033387,2° ano do Ensino Fundamental,Municipal,Ausente,Não,
2024,3303807,Paraty,33065885,2° ano do Ensino Fundamental,Municipal,Ausente,Não,
2024,3304904,São Gonçalo,33080685,2° ano do Ensino Fundamental,Municipal,Ausente,Não,
2024,3305109,São João de Meriti,33084231,2° ano do Ensino Fundamental,Municipal,Ausente,Não,
2024,3550308,São Paulo,35385582,2° ano do Ensino Fundamental,Estadual,Ausente,Não,
2024,3550308,São Paulo,35371825,2° ano do Ensino Fundamental,Municipal,Ausente,Não,
2024,3550308,São Paulo,35384360,2° ano do Ensino Fundamental,Estadual,Ausente,Não,
2024,3551009,São Vicente,35201240,2° ano do Ensino Fundamental,Municipal,Ausente,Não,
2024,4104808,Cascavel,41133060,2° ano do Ensino Fundamental,Municipal,Ausente,Não,
2024,4106902,Curitiba,41134038,2° ano do Ensino Fundamental,Municipal,Ausente,Não,
2024,4106902,Curitiba,41138594,2° ano do Ensino Fundamental,Municipal,Ausente,Não,
2024,4106902,Curitiba,41133677,2° ano do Ensino Fundamental,Municipal,Ausente,Não,
2024,4203204,Camboriú,42016792,2° ano do Ensino Fundamental,Municipal,Ausente,Não,
2024,4203204,Camboriú,42017017,2° ano do Ensino Fundamental,Municipal,Ausente,Não,
2024,4211306,Navegantes,42061579,2° ano do Ensino Fundamental,Municipal,Ausente,Não,
2024,4313409,Novo Hamburgo,43049630,2° ano do Ensino Fundamental,Municipal,Ausente,Não,
2024,5002704,Campo Grande,50010313,2° ano do Ensino Fundamental,Municipal,Ausente,Não,
2024,5103403,Cuiabá,51037573,2° ano do Ensino Fundamental,Municipal,Ausente,Não,
2024,5300108,Brasília,53018780,2° ano do Ensino Fundamental,Estadual,Ausente,Não,
2024,1100023,Ariquemes,11022411,2° ano do Ensino Fundamental,Municipal,Ausente,Não,
2024,1100205,Porto Velho,11021642,2° ano do Ensino Fundamental,Municipal,Ausente,Não,
2024,1100205,Porto Velho,11013616,2° ano do Ensino Fundamental,Municipal,Ausente,Não,
2024,1301852,Iranduba,13010659,2° ano do Ensino Fundamental,Municipal,Ausente,Não,
2024,1501576,Bom Jesus do Tocantins,15016554,2° ano do Ensino Fundamental,Municipal,Ausente,Não,
2024,1507904,Soure,15079187,2° ano do Ensino Fundamental,Municipal,Ausente,Não,
2024,1718204,Porto Nacional,17019239,2° ano do Ensino Fundamental,Municipal,Ausente,Não,
2024,2105708,Lago da Pedra,21068865,2° ano do Ensino Fundamental,Municipal,Ausente,Não,
2024,2403251,Parnamirim,24017088,2° ano do Ensino Fundamental,Municipal,Ausente,Não,
2024,2403608,Extremoz,24028206,2° ano do Ensino Fundamental,Municipal,Ausente,Não,
2024,2411205,Santa Cruz,24029137,2° ano do Ensino Fundamental,Municipal,Ausente,Não,
2024,2511707,Pilõezinhos,25019853,2° ano do Ensino Fundamental,Municipal,Ausente,Não,
2024,2603454,Camaragibe,26078553,2° ano do Ensino Fundamental,Municipal,Ausente,Não,
2024,2704302,Maceió,27032695,2° ano do Ensino Fundamental,Municipal,Ausente,Não,
2024,2704302,Maceió,27032820,2° ano do Ensino Fundamental,Municipal,Ausente,Não,
2024,2704302,Maceió,27032641,2° ano do Ensino Fundamental,Municipal,Ausente,Não,
2024,2708600,São Miguel dos Campos,27029005,2° ano do Ensino Fundamental,Municipal,Ausente,Não,
2024,2905404,Cairu,29031981,2° ano do Ensino Fundamental,Municipal,Ausente,Não,
2024,3108404,Botelhos,31181813,2° ano do Ensino Fundamental,Municipal,Ausente,Não,
2024,3154606,Ribeirão das Neves,31184153,2° ano do Ensino Fundamental,Municipal,Ausente,Não,
2024,3156700,Sabará,31002617,2° ano do Ensino Fundamental,Municipal,Ausente,Não,
2024,3165537,Sarzedo,31184825,2° ano do Ensino Fundamental,Municipal,Ausente,Não,
2024,3205200,Vila Velha,32045474,2° ano do Ensino Fundamental,Municipal,Ausente,Não,
2024,3304557,Rio de Janeiro,33133789,2° ano do Ensino Fundamental,Municipal,Ausente,Não,
2024,3305752,Tanguá,33033201,2° ano do Ensino Fundamental,Municipal,Ausente,Não,
2024,3518800,Guarulhos,35261117,2° ano do Ensino Fundamental,Municipal,Ausente,Não,
2024,3550308,São Paulo,35435344,2° ano do Ensino Fundamental,Estadual,Ausente,Não,
2024,3550308,São Paulo,35371992,2° ano do Ensino Fundamental,Municipal,Ausente,Não,
2024,3550308,São Paulo,35356062,2° ano do Ensino Fundamental,Estadual,Ausente,Não,
2024,4101408,Apucarana,41130804,2° ano do Ensino Fundamental,Municipal,Ausente,Não,
2024,4104808,Cascavel,41132858,2° ano do Ensino Fundamental,Municipal,Ausente,Não,
2024,4105805,Colombo,41048962,2° ano do Ensino Fundamental,Municipal,Ausente,Não,
2024,4106902,Curitiba,41115578,2° ano do Ensino Fundamental,Municipal,Ausente,Não,
2024,4110953,Itaipulândia,41134590,2° ano do Ensino Fundamental,Municipal,Ausente,Não,
2024,4113700,Londrina,41135874,2° ano do Ensino Fundamental,Municipal,Ausente,Não,
2024,4117503,Paiçandu,41136369,2° ano do Ensino Fundamental,Municipal,Ausente,Não,
2024,4120002,Porecatu,41135651,2° ano do Ensino Fundamental,Municipal,Ausente,Não,
2024,4125506,São José dos Pinhais,41132260,2° ano do Ensino Fundamental,Municipal,Ausente,Não,
2024,4202099,Barra Bonita,42079539,2° ano do Ensino Fundamental,Municipal,Ausente,Não,
2024,4315800,Roca Sales,43026233,2° ano do Ensino Fundamental,Municipal,Ausente,Não,
2024,4316907,Santa Maria,43077850,2° ano do Ensino Fundamental,Estadual,Ausente,Não,
2024,4316907,Santa Maria,43075307,2° ano do Ensino Fundamental,Municipal,Ausente,Não,
2024,5103403,Cuiabá,51038620,2° ano do Ensino Fundamental,Municipal,Ausente,Não,
2024,5201405,Aparecida de Goiânia,52072882,2° ano do Ensino Fundamental,Municipal,Ausente,Não,
2024,5212501,Luziânia,52073821,2° ano do Ensino Fundamental,Municipal,Ausente,Não,
2024,1506807,Santarém,15069806,2° ano do Ensino Fundamental,Municipal,Ausente,Não,
2024,1508126,Ulianópolis,15084716,2° ano do Ensino Fundamental,Municipal,Ausente,Não,
2024,1715705,Palmeirante,17019130,2° ano do Ensino Fundamental,Municipal,Ausente,Não,
2024,2100907,Araioses,21068664,2° ano do Ensino Fundamental,Municipal,Ausente,Não,
2024,2401008,Apodi,24012431,2° ano do Ensino Fundamental,Municipal,Ausente,Não,
2024,2403251,Parnamirim,24016976,2° ano do Ensino Fundamental,Municipal,Ausente,Não,
2024,2504009,Campina Grande,25035083,2° ano do Ensino Fundamental,Municipal,Ausente,Não,
2024,3106705,Betim,31179517,2° ano do Ensino Fundamental,Municipal,Ausente,Não,
2024,3131901,Itabirito,31048098,2° ano do Ensino Fundamental,Municipal,Ausente,Não,
2024,3146107,Ouro Preto,31054294,2° ano do Ensino Fundamental,Estadual,Ausente,Não,
2024,3152501,Pouso Alegre,31023818,2° ano do Ensino Fundamental,Estadual,Ausente,Não,
2024,3157807,Santa Luzia,31105263,2° ano do Ensino Fundamental,Municipal,Ausente,Não,
2024,3170206,Uberlândia,31173033,2° ano do Ensino Fundamental,Municipal,Ausente,Não,
2024,3201308,Cariacica,32017666,2° ano do Ensino Fundamental,Municipal,Ausente,Não,
2024,3205200,Vila Velha,32045426,2° ano do Ensino Fundamental,Municipal,Ausente,Não,
2024,3300704,Cabo Frio,33013699,2° ano do Ensino Fundamental,Municipal,Ausente,Não,
2024,3301009,Campos dos Goytacazes,33017640,2° ano do Ensino Fundamental,Municipal,Ausente,Não,
2024,3513801,Diadema,35257156,2° ano do Ensino Fundamental,Municipal,Ausente,Não,
2024,3548500,Santos,35166796,2° ano do Ensino Fundamental,Municipal,Ausente,Não,
2024,3548708,São Bernardo do Campo,35321507,2° ano do Ensino Fundamental,Municipal,Ausente,Não,
2024,3550308,São Paulo,35442998,2° ano do Ensino Fundamental,Estadual,Ausente,Não,
2024,3550308,São Paulo,35343304,2° ano do Ensino Fundamental,Municipal,Ausente,Não,
2024,4105805,Colombo,41131528,2° ano do Ensino Fundamental,Municipal,Ausente,Não,
2024,4115903,Mirador,41058758,2° ano do Ensino Fundamental,Municipal,Ausente,Não,
2024,4117602,Palmas,41136920,2° ano do Ensino Fundamental,Municipal,Ausente,Não,
2024,4120903,Quedas do Iguaçu,41138315,2° ano do Ensino Fundamental,Municipal,Ausente,Não,
2024,4204400,Coronel Freitas,42024120,2° ano do Ensino Fundamental,Municipal,Ausente,Não,
2024,4205407,Florianópolis,42091498,2° ano do Ensino Fundamental,Estadual,Ausente,Não,
2024,4208906,Jaraguá do Sul,42043973,2° ano do Ensino Fundamental,Estadual,Ausente,Não,
2024,4209102,Joinville,42097363,2° ano do Ensino Fundamental,Municipal,Ausente,Não,
2024,4300638,Amaral Ferrador,43010775,2° ano do Ensino Fundamental,Municipal,Ausente,Não,
2024,4314902,Porto Alegre,43064068,2° ano do Ensino Fundamental,Estadual,Ausente,Não,
2024,5103403,Cuiabá,51038561,2° ano do Ensino Fundamental,Municipal,Ausente,Não,
2024,5104526,Ipiranga do Norte,51050896,2° ano do Ensino Fundamental,Municipal,Ausente,Não,
2024,5208608,Goianésia,52073504,2° ano do Ensino Fundamental,Municipal,Ausente,Não,
2024,5208707,Goiânia,52004561,2° ano do Ensino Fundamental,Municipal,Ausente,Não,
2024,5212501,Luziânia,52030495,2° ano do Ensino Fundamental,Municipal,Ausente,Não,
2024,1100155,Ouro Preto do Oeste,11007888,2° ano do Ensino Fundamental,Municipal,Ausente,Não,
2024,1501402,Belém,15095521,2° ano do Ensino Fundamental,Municipal,Ausente,Não,
2024,1720804,Sítio Novo do Tocantins,17019214,2° ano do Ensino Fundamental,Municipal,Ausente,Não,
2024,2106904,Monção,21066996,2° ano do Ensino Fundamental,Municipal,Ausente,Não,
2024,2305407,Icó,23082901,2° ano do Ensino Fundamental,Municipal,Ausente,Não,
2024,2305605,Independência,23076939,2° ano do Ensino Fundamental,Municipal,Ausente,Não,
2024,2401305,Campo Grande,24008855,2° ano do Ensino Fundamental,Municipal,Ausente,Não,
2024,2403103,Currais Novos,24029387,2° ano do Ensino Fundamental,Municipal,Ausente,Não,
2024,2403509,Espírito Santo,24020478,2° ano do Ensino Fundamental,Municipal,Ausente,Não,
2024,2408102,Natal,24028387,2° ano do Ensino Fundamental,Estadual,Ausente,Não,
2024,2414407,Touros,24029088,2° ano do Ensino Fundamental,Municipal,Ausente,Não,
2024,2504009,Campina Grande,25021286,2° ano do Ensino Fundamental,Municipal,Ausente,Não,
2024,2511905,Pitimbu,25034356,2° ano do Ensino Fundamental,Municipal,Ausente,Não,
2024,2706307,Palmeira dos Índios,27033098,2° ano do Ensino Fundamental,Municipal,Ausente,Não,
2024,2927408,Salvador,29218139,2° ano do Ensino Fundamental,Municipal,Ausente,Não,
2024,3101607,Alfenas,31000077,2° ano do Ensino Fundamental,Estadual,Ausente,Não,
2024,3133303,Itaobim,31185568,2° ano do Ensino Fundamental,Municipal,Ausente,Não,
2024,3136702,Juiz de Fora,31181192,2° ano do Ensino Fundamental,Municipal,Ausente,Não,
2024,3157807,Santa Luzia,31188621,2° ano do Ensino Fundamental,Municipal,Ausente,Não,
2024,3205200,Vila Velha,32045482,2° ano do Ensino Fundamental,Municipal,Ausente,Não,
2024,3301900,Itaboraí,33032218,2° ano do Ensino Fundamental,Municipal,Ausente,Não,
2024,3304201,Resende,33072351,2° ano do Ensino Fundamental,Municipal,Ausente,Não,
2024,3304557,Rio de Janeiro,33107256,2° ano do Ensino Fundamental,Municipal,Ausente,Não,
2024,3304904,São Gonçalo,33082343,2° ano do Ensino Fundamental,Municipal,Ausente,Não,
2024,3534401,Osasco,35302026,2° ano do Ensino Fundamental,Municipal,Ausente,Não,
2024,3550308,São Paulo,35365254,2° ano do Ensino Fundamental,Municipal,Ausente,Não,
2024,3555406,Ubatuba,35058352,2° ano do Ensino Fundamental,Municipal,Ausente,Não,
2024,4102406,Bandeirantes,41133146,2° ano do Ensino Fundamental,Municipal,Ausente,Não,
2024,4201307,Araquari,42004726,2° ano do Ensino Fundamental,Municipal,Ausente,Não,
2024,4211306,Navegantes,42060903,2° ano do Ensino Fundamental,Municipal,Ausente,Não,
2024,4213708,Pouso Redondo,42081112,2° ano do Ensino Fundamental,Municipal,Ausente,Não,
2024,4313409,Novo Hamburgo,43048994,2° ano do Ensino Fundamental,Municipal,Ausente,Não,
2024,5002704,Campo Grande,50003056,2° ano do Ensino Fundamental,Municipal,Ausente,Não,
2024,5100250,Alta Floresta,51000269,2° ano do Ensino Fundamental,Municipal,Ausente,Não,
2024,5105259,Lucas do Rio Verde,51025791,2° ano do Ensino Fundamental,Municipal,Ausente,Não,
2024,5208707,Goiânia,52000817,2° ano do Ensino Fundamental,Municipal,Ausente,Não,
2024,5218805,Rio Verde,52051591,2° ano do Ensino Fundamental,Municipal,Presente,Não,
2024,1302009,Itapiranga,13012470,2° ano do Ensino Fundamental,Estadual,Ausente,Não,
2024,1302603,Manaus,13042233,2° ano do Ensino Fundamental,Municipal,Ausente,Não,
2024,1303502,Pauini,13019649,2° ano do Ensino Fundamental,Municipal,Ausente,Não,
2024,1500602,Altamira,15006098,2° ano do Ensino Fundamental,Municipal,Ausente,Não,
2024,1503606,Itaituba,15035809,2° ano do Ensino Fundamental,Municipal,Ausente,Não,
2024,1600402,Mazagão,16008527,2° ano do Ensino Fundamental,Municipal,Ausente,Não,
2024,1720101,São Bento do Tocantins,17019192,2° ano do Ensino Fundamental,Municipal,Ausente,Não,
2024,2207900,Pedro II,22031764,2° ano do Ensino Fundamental,Municipal,Ausente,Não,
2024,2509206,Massaranduba,25024845,2° ano do Ensino Fundamental,Municipal,Ausente,Não,
2024,2604304,Cedro,26080022,2° ano do Ensino Fundamental,Municipal,Ausente,Não,
2024,2609600,Olinda,26078354,2° ano do Ensino Fundamental,Municipal,Ausente,Não,
2024,2707701,Rio Largo,27033283,2° ano do Ensino Fundamental,Municipal,Ausente,Não,
2024,2927408,Salvador,29206284,2° ano do Ensino Fundamental,Municipal,Ausente,Não,
2024,2932606,Urandi,29257221,2° ano do Ensino Fundamental,Municipal,Ausente,Não,
2024,3109303,Buritis,31185604,2° ano do Ensino Fundamental,Municipal,Ausente,Não,
2024,3145307,Novo Cruzeiro,31012295,2° ano do Ensino Fundamental,Estadual,Ausente,Não,
2024,3145604,Oliveira,31026831,2° ano do Ensino Fundamental,Municipal,Ausente,Não,
2024,3154606,Ribeirão das Neves,31185648,2° ano do Ensino Fundamental,Municipal,Ausente,Não,
2024,3205200,Vila Velha,32047137,2° ano do Ensino Fundamental,Municipal,Ausente,Não,
2024,3300209,Araruama,33003209,2° ano do Ensino Fundamental,Municipal,Ausente,Não,
2024,3300456,Belford Roxo,33006453,2° ano do Ensino Fundamental,Municipal,Ausente,Não,
2024,3300456,Belford Roxo,33006085,2° ano do Ensino Fundamental,Municipal,Ausente,Não,
2024,3300704,Cabo Frio,33010866,2° ano do Ensino Fundamental,Municipal,Ausente,Não,
2024,3304557,Rio de Janeiro,33148160,2° ano do Ensino Fundamental,Municipal,Ausente,Não,
2024,3304557,Rio de Janeiro,33128988,2° ano do Ensino Fundamental,Municipal,Ausente,Não,
2024,3516200,Franca,35064889,2° ano do Ensino Fundamental,Municipal,Ausente,Não,
2024,3530805,Mogi Mirim,35126383,2° ano do Ensino Fundamental,Municipal,Ausente,Não,
2024,3550308,São Paulo,35398905,2° ano do Ensino Fundamental,Estadual,Ausente,Não,
2024,4101606,Arapoti,41138878,2° ano do Ensino Fundamental,Municipal,Ausente,Não,
2024,4105102,Centenário do Sul,41135612,2° ano do Ensino Fundamental,Municipal,Ausente,Não,
2024,4105805,Colombo,41063449,2° ano do Ensino Fundamental,Municipal,Ausente,Não,
2024,4106902,Curitiba,41133782,2° ano do Ensino Fundamental,Municipal,Ausente,Não,
2024,4110706,Irati,41135190,2° ano do Ensino Fundamental,Municipal,Ausente,Não,
2024,4121406,Realeza,41134882,2° ano do Ensino Fundamental,Municipal,Ausente,Não,
2024,4208906,Jaraguá do Sul,42043404,2° ano do Ensino Fundamental,Municipal,Ausente,Não,
2024,4211900,Palhoça,42063666,2° ano do Ensino Fundamental,Estadual,Ausente,Não,
2024,4301602,Bagé,43003850,2° ano do Ensino Fundamental,Municipal,Ausente,Não,
2024,5002704,Campo Grande,50008678,2° ano do Ensino Fundamental,Municipal,Ausente,Não,
2024,5101258,Araputanga,51004536,2° ano do Ensino Fundamental,Municipal,Ausente,Não,
2024,5102678,Campo Verde,51050340,2° ano do Ensino Fundamental,Municipal,Ausente,Não,
2024,5107602,Rondonópolis,51048853,2° ano do Ensino Fundamental,Municipal,Ausente,Não,
2024,5107925,Sorriso,51049318,2° ano do Ensino Fundamental,Municipal,Ausente,Não,
2024,5208707,Goiânia,52071887,2° ano do Ensino Fundamental,Municipal,Ausente,Não,
2024,5300108,Brasília,53007131,2° ano do Ensino Fundamental,Estadual,Ausente,Não,
2024,5300108,Brasília,53009747,2° ano do Ensino Fundamental,Estadual,Ausente,Não,
2024,1100122,Ji-Paraná,11022481,2° ano do Ensino Fundamental,Municipal,Ausente,Não,
2024,1200401,Rio Branco,12008347,2° ano do Ensino Fundamental,Municipal,Ausente,Não,
2024,2204600,Hugo Napoleão,22016691,2° ano do Ensino Fundamental,Municipal,Ausente,Não,
2024,2403251,Parnamirim,24016446,2° ano do Ensino Fundamental,Municipal,Ausente,Não,
2024,2503704,Cajazeiras,25033000,2° ano do Ensino Fundamental,Municipal,Ausente,Não,
2024,2607653,Itambé,26019783,2° ano do Ensino Fundamental,Municipal,Ausente,Não,
2024,2611101,Petrolina,26080330,2° ano do Ensino Fundamental,Municipal,Ausente,Não,
2024,2702405,Delmiro Gouveia,27032460,2° ano do Ensino Fundamental,Municipal,Ausente,Não,
2024,2903201,Barreiras,29018137,2° ano do Ensino Fundamental,Municipal,Ausente,Não,
2024,3103504,Araguari,31185255,2° ano do Ensino Fundamental,Municipal,Ausente,Não,
2024,3106200,Belo Horizonte,31184309,2° ano do Ensino Fundamental,Municipal,Ausente,Não,
2024,3131307,Ipatinga,31033720,2° ano do Ensino Fundamental,Municipal,Ausente,Não,
2024,3131703,Itabira,31181500,2° ano do Ensino Fundamental,Municipal,Ausente,Não,
2024,3159605,Santa Rita do Sapucaí,31183856,2° ano do Ensino Fundamental,Municipal,Ausente,Não,
2024,3203205,Linhares,32026591,2° ano do Ensino Fundamental,Municipal,Ausente,Não,
2024,3204906,São Mateus,32046347,2° ano do Ensino Fundamental,Municipal,Ausente,Não,
2024,3205002,Serra,32045046,2° ano do Ensino Fundamental,Municipal,Ausente,Não,
2024,3205200,Vila Velha,32012773,2° ano do Ensino Fundamental,Municipal,Ausente,Não,
2024,3301900,Itaboraí,33032695,2° ano do Ensino Fundamental,Municipal,Ausente,Não,
2024,3301900,Itaboraí,33032402,2° ano do Ensino Fundamental,Municipal,Ausente,Não,
2024,3505708,Barueri,35237950,2° ano do Ensino Fundamental,Municipal,Ausente,Não,
2024,3506003,Bauru,35023283,2° ano do Ensino Fundamental,Estadual,Ausente,Não,
2024,3541000,Praia Grande,35146346,2° ano do Ensino Fundamental,Municipal,Ausente,Não,
2024,3550308,São Paulo,35411782,2° ano do Ensino Fundamental,Municipal,Ausente,Não,
2024,4100400,Almirante Tamandaré,41131000,2° ano do Ensino Fundamental,Municipal,Ausente,Não,
2024,4111100,Itambé,41042896,2° ano do Ensino Fundamental,Municipal,Ausente,Não,
2024,4120200,Porto Rico,41000640,2° ano do Ensino Fundamental,Municipal,Ausente,Não,
2024,4202404,Blumenau,42008423,2° ano do Ensino Fundamental,Municipal,Ausente,Não,
2024,4204202,Chapecó,42022748,2° ano do Ensino Fundamental,Municipal,Ausente,Não,
2024,4207304,Imbituba,42057602,2° ano do Ensino Fundamental,Estadual,Ausente,Não,
2024,4216206,São Francisco do Sul,42074246,2° ano do Ensino Fundamental,Estadual,Ausente,Não,
2024,5105606,Matupá,51050819,2° ano do Ensino Fundamental,Municipal,Ausente,Não,
2024,5107040,Primavera do Leste,51019262,2° ano do Ensino Fundamental,Municipal,Ausente,Não,
2024,5107875,Sapezal,51050939,2° ano do Ensino Fundamental,Municipal,Ausente,Não,
2024,5107958,Tangará da Serra,51034318,2° ano do Ensino Fundamental,Municipal,Ausente,Não,
2024,5208707,Goiânia,52072248,2° ano do Ensino Fundamental,Municipal,Ausente,Não,
2024,5300108,Brasília,53005610,2° ano do Ensino Fundamental,Estadual,Ausente,Não,
2024,5300108,Brasília,53007713,2° ano do Ensino Fundamental,Estadual,Ausente,Não,
2024,1504208,Marabá,15043315,2° ano do Ensino Fundamental,Municipal,Ausente,Não,
2024,1505205,Oeiras do Pará,15053012,2° ano do Ensino Fundamental,Municipal,Ausente,Não,
2024,1600600,Santana,16012370,2° ano do Ensino Fundamental,Estadual,Ausente,Não,
2024,1703867,Cariri do Tocantins,17004944,2° ano do Ensino Fundamental,Municipal,Ausente,Não,
2024,2109106,Presidente Dutra,21068167,2° ano do Ensino Fundamental,Municipal,Ausente,Não,
2024,2200400,Altos,22032697,2° ano do Ensino Fundamental,Municipal,Ausente,Não,
2024,2211001,Teresina,22032757,2° ano do Ensino Fundamental,Municipal,Ausente,Não,
2024,2611606,Recife,26048068,2° ano do Ensino Fundamental,Municipal,Ausente,Não,
2024,2615409,Toritama,26007607,2° ano do Ensino Fundamental,Municipal,Ausente,Não,
2024,2914901,Itacaré,29107766,2° ano do Ensino Fundamental,Municipal,Ausente,Não,
2024,2925501,Prado,29181496,2° ano do Ensino Fundamental,Municipal,Ausente,Não,
2024,2927408,Salvador,29217853,2° ano do Ensino Fundamental,Municipal,Ausente,Não,
2024,3106200,Belo Horizonte,31184838,2° ano do Ensino Fundamental,Municipal,Ausente,Não,
2024,3129806,Ibirité,31123325,2° ano do Ensino Fundamental,Municipal,Ausente,Não,
2024,3147907,Passos,31181667,2° ano do Ensino Fundamental,Municipal,Ausente,Não,
2024,3159803,Santa Vitória,31183472,2° ano do Ensino Fundamental,Municipal,Ausente,Não,
2024,3201308,Cariacica,32045613,2° ano do Ensino Fundamental,Municipal,Ausente,Não,
2024,3304557,Rio de Janeiro,33105375,2° ano do Ensino Fundamental,Municipal,Ausente,Não,
2024,3509502,Campinas,35045415,2° ano do Ensino Fundamental,Estadual,Ausente,Não,
2024,3525904,Jundiaí,35106110,2° ano do Ensino Fundamental,Municipal,Ausente,Não,
2024,3529302,Matão,35014293,2° ano do Ensino Fundamental,Estadual,Ausente,Não,
2024,3530607,Mogi das Cruzes,35296258,2° ano do Ensino Fundamental,Municipal,Ausente,Não,
2024,3530607,Mogi das Cruzes,35298391,2° ano do Ensino Fundamental,Municipal,Ausente,Não,
2024,3538709,Piracicaba,35134442,2° ano do Ensino Fundamental,Estadual,Ausente,Não,
2024,3550308,São Paulo,35433671,2° ano do Ensino Fundamental,Estadual,Ausente,Não,
2024,3550308,São Paulo,35411812,2° ano do Ensino Fundamental,Municipal,Ausente,Não,
2024,3550308,São Paulo,35377370,2° ano do Ensino Fundamental,Estadual,Ausente,Não,
2024,3550308,São Paulo,35374953,2° ano do Ensino Fundamental,Estadual,Ausente,Não,
2024,3552908,Taciba,35151059,2° ano do Ensino Fundamental,Municipal,Ausente,Não,
2024,4101804,Araucária,41131635,2° ano do Ensino Fundamental,Municipal,Ausente,Não,
2024,4106902,Curitiba,41133718,2° ano do Ensino Fundamental,Municipal,Ausente,Não,
2024,4113205,Lapa,41131989,2° ano do Ensino Fundamental,Municipal,Ausente,Não,
2024,4115200,Maringá,41136064,2° ano do Ensino Fundamental,Municipal,Ausente,Não,
2024,4126306,Sengés,41068842,2° ano do Ensino Fundamental,Municipal,Ausente,Não,
2024,4127700,Toledo,41137728,2° ano do Ensino Fundamental,Municipal,Ausente,Não,
2024,4127908,Tuneiras do Oeste,41122519,2° ano do Ensino Fundamental,Municipal,Ausente,Não,
2024,4202404,Blumenau,42011278,2° ano do Ensino Fundamental,Estadual,Ausente,Não,
2024,4202404,Blumenau,42008416,2° ano do Ensino Fundamental,Municipal,Ausente,Não,
2024,4208203,Itajaí,42036946,2° ano do Ensino Fundamental,Municipal,Ausente,Não,
2024,4214805,Rio do Sul,42097544,2° ano do Ensino Fundamental,Estadual,Ausente,Não,
2024,4300604,Alvorada,43001925,2° ano do Ensino Fundamental,Municipal,Ausente,Não,
2024,4315602,Rio Grande,43071165,2° ano do Ensino Fundamental,Municipal,Ausente,Não,
2024,4323002,Viamão,43104382,2° ano do Ensino Fundamental,Municipal,Ausente,Não,
2024,5002407,Caarapó,50019359,2° ano do Ensino Fundamental,Municipal,Ausente,Não,
2024,5105176,Juruena,51013023,2° ano do Ensino Fundamental,Municipal,Ausente,Não,
2024,5215702,Palmeiras de Goiás,52076701,2° ano do Ensino Fundamental,Municipal,Ausente,Não,
2024,1200401,Rio Branco,12012635,2° ano do Ensino Fundamental,Municipal,Ausente,Não,
2024,1303569,Rio Preto da Eva,13020592,2° ano do Ensino Fundamental,Municipal,Ausente,Não,
2024,1502103,Cametá,15022164,2° ano do Ensino Fundamental,Municipal,Ausente,Não,
2024,1508084,Tucumã,15083215,2° ano do Ensino Fundamental,Municipal,Ausente,Não,
2024,1600204,Calçoene,16011804,2° ano do Ensino Fundamental,Municipal,Ausente,Não,
2024,1702109,Araguaína,17018870,2° ano do Ensino Fundamental,Municipal,Ausente,Não,
2024,2112209,Timon,21064026,2° ano do Ensino Fundamental,Municipal,Ausente,Não,
2024,2302404,Boa Viagem,23072248,2° ano do Ensino Fundamental,Municipal,Ausente,Não,
2024,2403608,Extremoz,24000157,2° ano do Ensino Fundamental,Municipal,Ausente,Não,
2024,2611606,Recife,26053660,2° ano do Ensino Fundamental,Municipal,Ausente,Não,
2024,2611606,Recife,26078871,2° ano do Ensino Fundamental,Municipal,Ausente,Não,
2024,2918001,Jequié,29124274,2° ano do Ensino Fundamental,Municipal,Ausente,Não,
2024,2922656,Nordestina,29159930,2° ano do Ensino Fundamental,Municipal,Ausente,Não,
2024,3106200,Belo Horizonte,31030179,2° ano do Ensino Fundamental,Estadual,Ausente,Não,
2024,3106705,Betim,31184768,2° ano do Ensino Fundamental,Municipal,Ausente,Não,
2024,3118601,Contagem,31119525,2° ano do Ensino Fundamental,Municipal,Ausente,Não,
2024,3151800,Poços de Caldas,31140719,2° ano do Ensino Fundamental,Municipal,Ausente,Não,
2024,3201308,Cariacica,32047384,2° ano do Ensino Fundamental,Municipal,Ausente,Não,
2024,3205101,Viana,32045883,2° ano do Ensino Fundamental,Municipal,Ausente,Não,
2024,3301702,Duque de Caxias,33030792,2° ano do Ensino Fundamental,Municipal,Ausente,Não,
2024,3303500,Nova Iguaçu,33057776,2° ano do Ensino Fundamental,Municipal,Ausente,Não,
2024,3527108,Lins,35116614,2° ano do Ensino Fundamental,Estadual,Ausente,Não,
2024,3528502,Mairiporã,35245751,2° ano do Ensino Fundamental,Municipal,Ausente,Não,
2024,3547809,Santo André,35312604,2° ano do Ensino Fundamental,Municipal,Ausente,Não,
2024,3550308,São Paulo,35416799,2° ano do Ensino Fundamental,Municipal,Ausente,Não,
2024,3550308,São Paulo,35336453,2° ano do Ensino Fundamental,Municipal,Ausente,Não,
2024,3550308,São Paulo,35431396,2° ano do Ensino Fundamental,Estadual,Ausente,Não,
2024,4102901,Bituruna,41126787,2° ano do Ensino Fundamental,Municipal,Ausente,Não,
2024,4106902,Curitiba,41103677,2° ano do Ensino Fundamental,Municipal,Ausente,Não,
2024,4106902,Curitiba,41030977,2° ano do Ensino Fundamental,Municipal,Ausente,Não,
2024,4117503,Paiçandu,41136366,2° ano do Ensino Fundamental,Municipal,Ausente,Não,
2024,4126306,Sengés,41069559,2° ano do Ensino Fundamental,Municipal,Ausente,Não,
2024,4202404,Blumenau,42007380,2° ano do Ensino Fundamental,Municipal,Ausente,Não,
2024,4208203,Itajaí,42037907,2° ano do Ensino Fundamental,Municipal,Ausente,Não,
2024,4208906,Jaraguá do Sul,42042893,2° ano do Ensino Fundamental,Municipal,Ausente,Não,
2024,4303103,Cachoeirinha,43009365,2° ano do Ensino Fundamental,Municipal,Ausente,Não,
2024,5105606,Matupá,51014093,2° ano do Ensino Fundamental,Municipal,Ausente,Não,
2024,5107602,Rondonópolis,51021305,2° ano do Ensino Fundamental,Municipal,Ausente,Não,
2024,5208707,Goiânia,52005056,2° ano do Ensino Fundamental,Municipal,Ausente,Não,
2024,5300108,Brasília,53001272,2° ano do Ensino Fundamental,Estadual,Ausente,Não,
2024,1500800,Ananindeua,15099518,2° ano do Ensino Fundamental,Municipal,Ausente,Não,
2024,1502152,Canaã dos Carajás,15023396,2° ano do Ensino Fundamental,Municipal,Ausente,Não,
2024,2100436,Alto Alegre do Maranhão,21040085,2° ano do Ensino Fundamental,Municipal,Ausente,Não,
2024,2211001,Teresina,22032616,2° ano do Ensino Fundamental,Municipal,Ausente,Não,
2024,2408102,Natal,24028432,2° ano do Ensino Fundamental,Municipal,Ausente,Não,
2024,2507507,João Pessoa,25033959,2° ano do Ensino Fundamental,Municipal,Ausente,Não,
2024,2512507,Queimadas,25012472,2° ano do Ensino Fundamental,Municipal,Ausente,Não,
2024,2601102,Araripina,26079338,2° ano do Ensino Fundamental,Municipal,Ausente,Não,
2024,2611101,Petrolina,26071932,2° ano do Ensino Fundamental,Municipal,Ausente,Não,
2024,2929701,Sátiro Dias,29235855,2° ano do Ensino Fundamental,Municipal,Ausente,Não,
2024,3136520,José Gonçalves de Minas,31192087,2° ano do Ensino Fundamental,Municipal,Ausente,Não,
2024,3146206,Ouro Verde de Minas,31185195,2° ano do Ensino Fundamental,Municipal,Ausente,Não,
2024,3169406,Três Pontas,31183087,2° ano do Ensino Fundamental,Municipal,Ausente,Não,
2024,3301306,Casimiro de Abreu,33022096,2° ano do Ensino Fundamental,Municipal,Ausente,Não,
2024,3304557,Rio de Janeiro,33136237,2° ano do Ensino Fundamental,Municipal,Ausente,Não,
2024,3531407,Monte Aprazível,35098733,2° ano do Ensino Fundamental,Municipal,Ausente,Não,
2024,3541000,Praia Grande,35144941,2° ano do Ensino Fundamental,Municipal,Ausente,Não,
2024,3548708,São Bernardo do Campo,35321685,2° ano do Ensino Fundamental,Municipal,Ausente,Não,
2024,3550308,São Paulo,35412113,2° ano do Ensino Fundamental,Municipal,Ausente,Não,
2024,4106902,Curitiba,41050720,2° ano do Ensino Fundamental,Municipal,Ausente,Não,
2024,4106902,Curitiba,41133950,2° ano do Ensino Fundamental,Municipal,Ausente,Não,
2024,4111258,Itaperuçu,41131141,2° ano do Ensino Fundamental,Municipal,Ausente,Não,
2024,4111902,Jaguapitã,41004175,2° ano do Ensino Fundamental,Municipal,Ausente,Não,
2024,4113700,Londrina,41108498,2° ano do Ensino Fundamental,Municipal,Ausente,Não,
2024,4119608,Pitanga,41137074,2° ano do Ensino Fundamental,Municipal,Ausente,Não,
2024,4209102,Joinville,42049873,2° ano do Ensino Fundamental,Estadual,Ausente,Não,
2024,4304630,Capão da Canoa,43015170,2° ano do Ensino Fundamental,Municipal,Ausente,Não,
2024,5200134,Acreúna,52077100,2° ano do Ensino Fundamental,Municipal,Ausente,Não,
2024,5200258,Águas Lindas de Goiás,52075966,2° ano do Ensino Fundamental,Municipal,Ausente,Não,
2024,5200258,Águas Lindas de Goiás,52070432,2° ano do Ensino Fundamental,Municipal,Ausente,Não,
2024,5211008,Itapirapuã,52077067,2° ano do Ensino Fundamental,Municipal,Ausente,Não,
2024,1200203,Cruzeiro do Sul,12001343,2° ano do Ensino Fundamental,Municipal,Ausente,Não,
2024,1503093,Goianésia do Pará,15032415,2° ano do Ensino Fundamental,Municipal,Ausente,Não,
2024,1505536,Parauapebas,15060645,2° ano do Ensino Fundamental,Municipal,Ausente,Não,
2024,1600303,Macapá,16008093,2° ano do Ensino Fundamental,Estadual,Ausente,Não,
2024,1702109,Araguaína,17018868,2° ano do Ensino Fundamental,Municipal,Ausente,Não,
2024,2604106,Caruaru,26077358,2° ano do Ensino Fundamental,Municipal,Ausente,Não,
2024,2705309,Minador do Negrão,27033046,2° ano do Ensino Fundamental,Municipal,Ausente,Não,
2024,2801306,Capela,28010037,2° ano do Ensino Fundamental,Municipal,Ausente,Não,
2024,2920601,Maragogipe,29149180,2° ano do Ensino Fundamental,Municipal,Ausente,Não,
2024,3124203,Espera Feliz,31183978,2° ano do Ensino Fundamental,Municipal,Ausente,Não,
2024,3154606,Ribeirão das Neves,31184095,2° ano do Ensino Fundamental,Municipal,Ausente,Não,
2024,3170107,Uberaba,31001021,2° ano do Ensino Fundamental,Municipal,Ausente,Não,
2024,3203106,Jerônimo Monteiro,32046791,2° ano do Ensino Fundamental,Municipal,Ausente,Não,
2024,3304557,Rio de Janeiro,33120623,2° ano do Ensino Fundamental,Municipal,Ausente,Não,
2024,3513801,Diadema,35257705,2° ano do Ensino Fundamental,Municipal,Ausente,Não,
2024,3516200,Franca,35065821,2° ano do Ensino Fundamental,Municipal,Ausente,Não,
2024,3547809,Santo André,35310915,2° ano do Ensino Fundamental,Municipal,Ausente,Não,
2024,3550308,São Paulo,35362661,2° ano do Ensino Fundamental,Municipal,Ausente,Não,
2024,3557303,Estiva Gerbi,35127628,2° ano do Ensino Fundamental,Municipal,Ausente,Não,
2024,4106902,Curitiba,41056769,2° ano do Ensino Fundamental,Municipal,Ausente,Não,
2024,4108304,Foz do Iguaçu,41138896,2° ano do Ensino Fundamental,Municipal,Ausente,Não,
2024,4204251,Cocal do Sul,42086652,2° ano do Ensino Fundamental,Municipal,Ausente,Não,
2024,4211900,Palhoça,42065560,2° ano do Ensino Fundamental,Estadual,Ausente,Não,
2024,4300604,Alvorada,43002198,2° ano do Ensino Fundamental,Estadual,Ausente,Não,
2024,5107958,Tangará da Serra,51049510,2° ano do Ensino Fundamental,Municipal,Ausente,Não,
2024,5108402,Várzea Grande,51045965,2° ano do Ensino Fundamental,Municipal,Ausente,Não,
2024,5201405,Aparecida de Goiânia,52072801,2° ano do Ensino Fundamental,Municipal,Ausente,Não,
2024,1300300,Autazes,13001443,2° ano do Ensino Fundamental,Municipal,Ausente,Não,
2024,1303403,Parintins,13018729,2° ano do Ensino Fundamental,Municipal,Ausente,Não,
2024,1507458,São Geraldo do Araguaia,15076518,2° ano do Ensino Fundamental,Municipal,Ausente,Não,
2024,1600402,Mazagão,16012349,2° ano do Ensino Fundamental,Municipal,Ausente,Não,
2024,2405801,João Câmara,24028759,2° ano do Ensino Fundamental,Municipal,Ausente,Não,
2024,2610707,Paulista,26078371,2° ano do Ensino Fundamental,Municipal,Ausente,Não,
2024,2614857,Tamandaré,26025609,2° ano do Ensino Fundamental,Municipal,Ausente,Não,
2024,2702801,Flexeiras,27032494,2° ano do Ensino Fundamental,Municipal,Ausente,Não,
2024,3106200,Belo Horizonte,31180330,2° ano do Ensino Fundamental,Municipal,Ausente,Não,
2024,3136702,Juiz de Fora,31163465,2° ano do Ensino Fundamental,Municipal,Ausente,Não,
2024,3152006,Pompéu,31182090,2° ano do Ensino Fundamental,Municipal,Ausente,Não,
2024,3162922,São Joaquim de Bicas,31101747,2° ano do Ensino Fundamental,Municipal,Ausente,Não,
2024,3202405,Guarapari,32012156,2° ano do Ensino Fundamental,Municipal,Ausente,Não,
2024,3300100,Angra dos Reis,33000090,2° ano do Ensino Fundamental,Municipal,Ausente,Não,
2024,3300258,Arraial do Cabo,33013188,2° ano do Ensino Fundamental,Municipal,Ausente,Não,
2024,3304557,Rio de Janeiro,33146675,2° ano do Ensino Fundamental,Municipal,Ausente,Não,
2024,3304557,Rio de Janeiro,33122984,2° ano do Ensino Fundamental,Municipal,Ausente,Não,
2024,3507605,Bragança Paulista,35036194,2° ano do Ensino Fundamental,Municipal,Ausente,Não,
2024,3513108,Cravinhos,35154203,2° ano do Ensino Fundamental,Municipal,Ausente,Não,
2024,3518800,Guarulhos,35269715,2° ano do Ensino Fundamental,Municipal,Ausente,Não,
2024,3520509,Indaiatuba,35051562,2° ano do Ensino Fundamental,Municipal,Ausente,Não,
2024,3534401,Osasco,35302239,2° ano do Ensino Fundamental,Municipal,Ausente,Não,
2024,3549805,São José do Rio Preto,35184591,2° ano do Ensino Fundamental,Municipal,Ausente,Não,
2024,3550308,São Paulo,35441488,2° ano do Ensino Fundamental,Estadual,Ausente,Não,
2024,3550308,São Paulo,35433080,2° ano do Ensino Fundamental,Estadual,Ausente,Não,
2024,4104808,Cascavel,41133039,2° ano do Ensino Fundamental,Municipal,Ausente,Não,
2024,4105904,Colorado,41136255,2° ano do Ensino Fundamental,Municipal,Ausente,Não,
2024,4107652,Fazenda Rio Grande,41087875,2° ano do Ensino Fundamental,Municipal,Ausente,Não,
2024,4108403,Francisco Beltrão,41134751,2° ano do Ensino Fundamental,Municipal,Ausente,Não,
2024,4118402,Paranavaí,41136685,2° ano do Ensino Fundamental,Municipal,Ausente,Não,
2024,4125506,São José dos Pinhais,41132131,2° ano do Ensino Fundamental,Municipal,Ausente,Não,
2024,4217907,Tangará,42087871,2° ano do Ensino Fundamental,Municipal,Ausente,Não,
2024,4314100,Passo Fundo,43055544,2° ano do Ensino Fundamental,Municipal,Ausente,Não,
2024,5003702,Dourados,50020228,2° ano do Ensino Fundamental,Municipal,Ausente,Não,
2024,5103403,Cuiabá,51039382,2° ano do Ensino Fundamental,Municipal,Ausente,Não,
2024,5107578,Rondolândia,51016785,2° ano do Ensino Fundamental,Municipal,Ausente,Não,
2024,5201405,Aparecida de Goiânia,52076978,2° ano do Ensino Fundamental,Municipal,Ausente,Não,
2024,1200401,Rio Branco,12012627,2° ano do Ensino Fundamental,Estadual,Ausente,Não,
2024,1501402,Belém,15097306,2° ano do Ensino Fundamental,Municipal,Ausente,Não,
2024,1505536,Parauapebas,15056956,2° ano do Ensino Fundamental,Municipal,Ausente,Não,
2024,1505536,Parauapebas,15057791,2° ano do Ensino Fundamental,Municipal,Ausente,Não,
2024,1508001,Tomé-Açu,15081534,2° ano do Ensino Fundamental,Municipal,Ausente,Não,
2024,2111201,São José de Ribamar,21002441,2° ano do Ensino Fundamental,Municipal,Ausente,Não,
2024,2202752,Colônia do Gurguéia,22032674,2° ano do Ensino Fundamental,Municipal,Ausente,Não,
2024,2302909,Capistrano,23018077,2° ano do Ensino Fundamental,Municipal,Ausente,Não,
2024,2305308,Ibiapina,23089077,2° ano do Ensino Fundamental,Municipal,Ausente,Não,
2024,2408102,Natal,24004059,2° ano do Ensino Fundamental,Municipal,Ausente,Não,
2024,2602902,Cabo de Santo Agostinho,26034425,2° ano do Ensino Fundamental,Municipal,Ausente,Não,
2024,3106200,Belo Horizonte,31072266,2° ano do Ensino Fundamental,Municipal,Ausente,Não,
2024,3113404,Caratinga,31180518,2° ano do Ensino Fundamental,Municipal,Ausente,Não,
2024,3127800,Grão Mogol,31185063,2° ano do Ensino Fundamental,Municipal,Ausente,Não,
2024,3129707,Ibiraci,31015007,2° ano do Ensino Fundamental,Municipal,Ausente,Não,
2024,3144805,Nova Lima,31180236,2° ano do Ensino Fundamental,Municipal,Ausente,Não,
2024,3148103,Patrocínio,31059400,2° ano do Ensino Fundamental,Estadual,Ausente,Não,
2024,3148905,Pedra do Indaiá,31180804,2° ano do Ensino Fundamental,Municipal,Ausente,Não,
2024,3151800,Poços de Caldas,31185158,2° ano do Ensino Fundamental,Municipal,Ausente,Não,
2024,3154606,Ribeirão das Neves,31166796,2° ano do Ensino Fundamental,Municipal,Ausente,Não,
2024,3300308,Barra do Piraí,33004735,2° ano do Ensino Fundamental,Municipal,Ausente,Não,
2024,3300456,Belford Roxo,33009152,2° ano do Ensino Fundamental,Municipal,Ausente,Não,
2024,3301306,Casimiro de Abreu,33021949,2° ano do Ensino Fundamental,Municipal,Ausente,Não,
2024,3304557,Rio de Janeiro,33140152,2° ano do Ensino Fundamental,Municipal,Ausente,Não,
2024,3304557,Rio de Janeiro,33127417,2° ano do Ensino Fundamental,Municipal,Ausente,Não,
2024,3510500,Caraguatatuba,35055582,2° ano do Ensino Fundamental,Municipal,Ausente,Não,
2024,3518701,Guarujá,35165631,2° ano do Ensino Fundamental,Municipal,Ausente,Não,
2024,3539202,Pirapozinho,35148711,2° ano do Ensino Fundamental,Municipal,Ausente,Não,
2024,4104303,Campo Mourão,41041796,2° ano do Ensino Fundamental,Municipal,Ausente,Não,
2024,4106902,Curitiba,41133714,2° ano do Ensino Fundamental,Municipal,Ausente,Não,
2024,4108403,Francisco Beltrão,41134782,2° ano do Ensino Fundamental,Municipal,Ausente,Não,
2024,4202107,Barra Velha,42005194,2° ano do Ensino Fundamental,Municipal,Ausente,Não,
2024,4216602,São José,42076011,2° ano do Ensino Fundamental,Municipal,Ausente,Não,
2024,4216602,São José,42076085,2° ano do Ensino Fundamental,Municipal,Ausente,Não,
2024,4300604,Alvorada,43001833,2° ano do Ensino Fundamental,Municipal,Ausente,Não,
2024,4300604,Alvorada,43002351,2° ano do Ensino Fundamental,Estadual,Ausente,Não,
2024,4304606,Canoas,43013537,2° ano do Ensino Fundamental,Estadual,Ausente,Não,
2024,4323002,Viamão,43104305,2° ano do Ensino Fundamental,Municipal,Ausente,Não,
2024,5208707,Goiânia,52072142,2° ano do Ensino Fundamental,Municipal,Ausente,Não,
2024,5300108,Brasília,53007704,2° ano do Ensino Fundamental,Estadual,Ausente,Não,
2024,1301100,Careiro,13005944,2° ano do Ensino Fundamental,Municipal,Ausente,Não,
2024,1302603,Manaus,13055054,2° ano do Ensino Fundamental,Estadual,Ausente,Não,
2024,1302603,Manaus,13043395,2° ano do Ensino Fundamental,Municipal,Ausente,Não,
2024,1501402,Belém,15089139,2° ano do Ensino Fundamental,Estadual,Ausente,Não,
2024,1504422,Marituba,15044584,2° ano do Ensino Fundamental,Municipal,Ausente,Não,
2024,1508001,Tomé-Açu,15081920,2° ano do Ensino Fundamental,Municipal,Ausente,Não,
2024,2104800,Grajaú,21068282,2° ano do Ensino Fundamental,Municipal,Ausente,Não,
2024,2105005,Humberto de Campos,21015723,2° ano do Ensino Fundamental,Municipal,Ausente,Não,
2024,2110401,São Benedito do Rio Preto,21013282,2° ano do Ensino Fundamental,Municipal,Ausente,Não,
2024,2703601,Japaratinga,27033570,2° ano do Ensino Fundamental,Municipal,Ausente,Não,
2024,2705200,Messias,27019970,2° ano do Ensino Fundamental,Municipal,Ausente,Não,
2024,2902104,Araci,29009906,2° ano do Ensino Fundamental,Municipal,Ausente,Não,
2024,2910800,Feira de Santana,29072641,2° ano do Ensino Fundamental,Municipal,Ausente,Não,
2024,2928059,Santa Luzia,29223628,2° ano do Ensino Fundamental,Municipal,Ausente,Não,
2024,3103504,Araguari,31145105,2° ano do Ensino Fundamental,Municipal,Ausente,Não,
2024,3106200,Belo Horizonte,31055117,2° ano do Ensino Fundamental,Estadual,Ausente,Não,
2024,3106200,Belo Horizonte,31041815,2° ano do Ensino Fundamental,Estadual,Ausente,Não,
2024,3138203,Lavras,31183600,2° ano do Ensino Fundamental,Municipal,Ausente,Não,
2024,3157807,Santa Luzia,31202184,2° ano do Ensino Fundamental,Estadual,Ausente,Não,
2024,3302452,Macuco,33021396,2° ano do Ensino Fundamental,Municipal,Ausente,Não,
2024,3304144,Queimados,33070110,2° ano do Ensino Fundamental,Municipal,Ausente,Não,
2024,3507506,Botucatu,35029518,2° ano do Ensino Fundamental,Municipal,Ausente,Não,
2024,3524709,Jaguariúna,35040921,2° ano do Ensino Fundamental,Municipal,Ausente,Não,
2024,3526902,Limeira,35111638,2° ano do Ensino Fundamental,Municipal,Ausente,Não,
2024,3534401,Osasco,35300704,2° ano do Ensino Fundamental,Municipal,Ausente,Não,
2024,3549805,São José do Rio Preto,35183332,2° ano do Ensino Fundamental,Municipal,Ausente,Não,
2024,3550308,São Paulo,35365574,2° ano do Ensino Fundamental,Municipal,Ausente,Não,
2024,4103305,Borrazópolis,41130827,2° ano do Ensino Fundamental,Municipal,Ausente,Não,
2024,4113700,Londrina,41108703,2° ano do Ensino Fundamental,Municipal,Ausente,Não,
2024,4115200,Maringá,41135984,2° ano do Ensino Fundamental,Municipal,Ausente,Não,
2024,4115200,Maringá,41002660,2° ano do Ensino Fundamental,Municipal,Ausente,Não,
2024,4217907,Tangará,42087768,2° ano do Ensino Fundamental,Municipal,Ausente,Não,
2024,4304358,Candiota,43004399,2° ano do Ensino Fundamental,Municipal,Ausente,Não,
2024,4313656,Palmares do Sul,43051696,2° ano do Ensino Fundamental,Municipal,Ausente,Não,
2024,4315602,Rio Grande,43071015,2° ano do Ensino Fundamental,Estadual,Ausente,Não,
2024,5103403,Cuiabá,51036781,2° ano do Ensino Fundamental,Municipal,Ausente,Não,
2024,5107909,Sinop,51027068,2° ano do Ensino Fundamental,Municipal,Ausente,Não,
2024,5107909,Sinop,51050504,2° ano do Ensino Fundamental,Municipal,Ausente,Não,
2024,5206206,Cristalina,52029000,2° ano do Ensino Fundamental,Municipal,Ausente,Não,
2024,5300108,Brasília,53026608,2° ano do Ensino Fundamental,Estadual,Ausente,Não,
2024,5300108,Brasília,53010479,2° ano do Ensino Fundamental,Estadual,Ausente,Não,
2024,1100205,Porto Velho,11021655,2° ano do Ensino Fundamental,Municipal,Ausente,Não,
2024,1301852,Iranduba,13010928,2° ano do Ensino Fundamental,Municipal,Ausente,Não,
2024,1302603,Manaus,13035875,2° ano do Ensino Fundamental,Municipal,Ausente,Não,
2024,1505486,Pacajá,15054912,2° ano do Ensino Fundamental,Municipal,Ausente,Não,
2024,1508001,Tomé-Açu,15081661,2° ano do Ensino Fundamental,Municipal,Ausente,Não,
2024,2211001,Teresina,22009867,2° ano do Ensino Fundamental,Municipal,Ausente,Não,
2024,2403251,Parnamirim,24028853,2° ano do Ensino Fundamental,Municipal,Ausente,Não,
2024,2511905,Pitimbu,25015931,2° ano do Ensino Fundamental,Municipal,Ausente,Não,
2024,2926608,Ribeira do Pombal,29188080,2° ano do Ensino Fundamental,Municipal,Ausente,Não,
2024,2933208,Vera Cruz,29260965,2° ano do Ensino Fundamental,Municipal,Ausente,Não,
2024,3121605,Diamantina,31180576,2° ano do Ensino Fundamental,Municipal,Ausente,Não,
2024,3127701,Governador Valadares,31023498,2° ano do Ensino Fundamental,Estadual,Ausente,Não,
2024,3140902,Matipó,31185047,2° ano do Ensino Fundamental,Municipal,Ausente,Não,
2024,3145000,Nova Ponte,31185261,2° ano do Ensino Fundamental,Municipal,Ausente,Não,
2024,3160405,Santo Antônio do Monte,31180814,2° ano do Ensino Fundamental,Municipal,Ausente,Não,
2024,3205002,Serra,32044745,2° ano do Ensino Fundamental,Municipal,Ausente,Não,
2024,3303401,Nova Friburgo,33055375,2° ano do Ensino Fundamental,Municipal,Ausente,Não,
2024,3303906,Petrópolis,33069043,2° ano do Ensino Fundamental,Municipal,Ausente,Não,
2024,3505708,Barueri,35238661,2° ano do Ensino Fundamental,Municipal,Ausente,Não,
2024,3518800,Guarulhos,35268650,2° ano do Ensino Fundamental,Municipal,Ausente,Não,
2024,3524402,Jacareí,35089684,2° ano do Ensino Fundamental,Municipal,Ausente,Não,
2024,3530607,Mogi das Cruzes,35295817,2° ano do Ensino Fundamental,Municipal,Ausente,Não,
2024,3549805,São José do Rio Preto,35182268,2° ano do Ensino Fundamental,Municipal,Ausente,Não,
2024,3550803,São Sebastião da Grama,35176916,2° ano do Ensino Fundamental,Municipal,Ausente,Não,
2024,4106902,Curitiba,41133861,2° ano do Ensino Fundamental,Municipal,Ausente,Não,
2024,4109906,Icaraíma,41086797,2° ano do Ensino Fundamental,Municipal,Ausente,Não,
2024,4114302,Mandirituba,41132093,2° ano do Ensino Fundamental,Municipal,Ausente,Não,
2024,4114609,Marechal Cândido Rondon,41138876,2° ano do Ensino Fundamental,Municipal,Ausente,Não,
2024,4125506,São José dos Pinhais,41132202,2° ano do Ensino Fundamental,Municipal,Ausente,Não,
2024,4205704,Garopaba,42056396,2° ano do Ensino Fundamental,Municipal,Ausente,Não,
2024,4211702,Orleans,42087156,2° ano do Ensino Fundamental,Municipal,Ausente,Não,
2024,4214805,Rio do Sul,42071241,2° ano do Ensino Fundamental,Estadual,Ausente,Não,
2024,5103403,Cuiabá,51049722,2° ano do Ensino Fundamental,Municipal,Ausente,Não,
2024,5107180,Ribeirão Cascalheira,51004314,2° ano do Ensino Fundamental,Municipal,Ausente,Não,
2024,5201108,Anápolis,52010167,2° ano do Ensino Fundamental,Municipal,Ausente,Não,
2024,1100452,Buritis,11020306,2° ano do Ensino Fundamental,Municipal,Ausente,Não,
2024,1302603,Manaus,13049358,2° ano do Ensino Fundamental,Municipal,Ausente,Não,
2024,1600204,Calçoene,16011910,2° ano do Ensino Fundamental,Municipal,Ausente,Não,
2024,1600303,Macapá,16003837,2° ano do Ensino Fundamental,Municipal,Ausente,Não,
2024,1721000,Palmas,17019680,2° ano do Ensino Fundamental,Municipal,Ausente,Não,
2024,2200400,Altos,22028931,2° ano do Ensino Fundamental,Municipal,Ausente,Não,
2024,2206407,Monsenhor Gil,22032502,2° ano do Ensino Fundamental,Municipal,Ausente,Não,
2024,2311504,Quixeré,23035245,2° ano do Ensino Fundamental,Municipal,Ausente,Não,
2024,2602605,Brejo da Madre de Deus,26001369,2° ano do Ensino Fundamental,Municipal,Ausente,Não,
2024,2611606,Recife,26078993,2° ano do Ensino Fundamental,Municipal,Ausente,Não,
2024,2616407,Vitória de Santo Antão,26077809,2° ano do Ensino Fundamental,Municipal,Ausente,Não,
2024,2800308,Aracaju,28016542,2° ano do Ensino Fundamental,Estadual,Presente,Não,
2024,2902500,Baianópolis,29011351,2° ano do Ensino Fundamental,Municipal,Ausente,Não,
2024,2910800,Feira de Santana,29073754,2° ano do Ensino Fundamental,Municipal,Ausente,Não,
2024,2933208,Vera Cruz,29261063,2° ano do Ensino Fundamental,Municipal,Ausente,Não,
2024,3106705,Betim,31055406,2° ano do Ensino Fundamental,Municipal,Ausente,Não,
2024,3120904,Curvelo,31185432,2° ano do Ensino Fundamental,Estadual,Ausente,Não,
2024,3135803,Jequitinhonha,31084341,2° ano do Ensino Fundamental,Estadual,Ausente,Não,
2024,3136702,Juiz de Fora,31019766,2° ano do Ensino Fundamental,Municipal,Ausente,Não,
2024,3137601,Lagoa Santa,31184013,2° ano do Ensino Fundamental,Municipal,Ausente,Não,
2024,3140803,Matias Barbosa,31185030,2° ano do Ensino Fundamental,Municipal,Ausente,Não,
2024,3154457,Riachinho,31184717,2° ano do Ensino Fundamental,Municipal,Ausente,Não,
2024,3201308,Cariacica,32045705,2° ano do Ensino Fundamental,Municipal,Ausente,Não,
2024,3301702,Duque de Caxias,33025213,2° ano do Ensino Fundamental,Municipal,Ausente,Não,
2024,3518800,Guarulhos,35269608,2° ano do Ensino Fundamental,Municipal,Ausente,Não,
2024,3518800,Guarulhos,35264905,2° ano do Ensino Fundamental,Municipal,Ausente,Não,
2024,3550308,São Paulo,35407574,2° ano do Ensino Fundamental,Municipal,Ausente,Não,
2024,3550605,São Roque,35195268,2° ano do Ensino Fundamental,Municipal,Ausente,Não,
2024,4106902,Curitiba,41134033,2° ano do Ensino Fundamental,Municipal,Ausente,Não,
2024,4106902,Curitiba,41123714,2° ano do Ensino Fundamental,Municipal,Ausente,Não,
2024,4119152,Pinhais,41068644,2° ano do Ensino Fundamental,Municipal,Ausente,Não,
2024,4125506,São José dos Pinhais,41132190,2° ano do Ensino Fundamental,Municipal,Ausente,Não,
2024,4201208,Antônio Carlos,42006000,2° ano do Ensino Fundamental,Municipal,Ausente,Não,
2024,4204202,Chapecó,42021285,2° ano do Ensino Fundamental,Municipal,Ausente,Não,
2024,4205407,Florianópolis,42093583,2° ano do Ensino Fundamental,Municipal,Ausente,Não,
2024,4205407,Florianópolis,42093179,2° ano do Ensino Fundamental,Estadual,Ausente,Não,
2024,4208302,Itapema,42068854,2° ano do Ensino Fundamental,Municipal,Ausente,Não,
2024,4301602,Bagé,43003476,2° ano do Ensino Fundamental,Municipal,Ausente,Não,
2024,4323002,Viamão,43105058,2° ano do Ensino Fundamental,Municipal,Ausente,Não,
2024,5214606,Niquelândia,52054178,2° ano do Ensino Fundamental,Municipal,Ausente,Não,
2024,5215231,Novo Gama,52075732,2° ano do Ensino Fundamental,Municipal,Ausente,Não,
2024,1100940,Cujubim,11001564,2° ano do Ensino Fundamental,Municipal,Ausente,Não,
2024,1302603,Manaus,13044438,2° ano do Ensino Fundamental,Municipal,Ausente,Não,
2024,1302603,Manaus,13032943,2° ano do Ensino Fundamental,Municipal,Ausente,Não,
2024,1500404,Alenquer,15003953,2° ano do Ensino Fundamental,Municipal,Ausente,Não,
2024,1505536,Parauapebas,15060542,2° ano do Ensino Fundamental,Municipal,Ausente,Não,
2024,2606804,Igarassu,26080013,2° ano do Ensino Fundamental,Municipal,Ausente,Não,
2024,2609600,Olinda,26078352,2° ano do Ensino Fundamental,Municipal,Ausente,Não,
2024,2611606,Recife,26048138,2° ano do Ensino Fundamental,Municipal,Ausente,Não,
2024,2706307,Palmeira dos Índios,27033111,2° ano do Ensino Fundamental,Municipal,Ausente,Não,
2024,2802908,Itabaiana,28002876,2° ano do Ensino Fundamental,Municipal,Ausente,Não,
2024,2910800,Feira de Santana,29071667,2° ano do Ensino Fundamental,Municipal,Ausente,Não,
2024,2929404,São Miguel das Matas,29926545,2° ano do Ensino Fundamental,Municipal,Ausente,Não,
2024,3125101,Extrema,31183735,2° ano do Ensino Fundamental,Municipal,Ausente,Não,
2024,3135209,Januária,31008049,2° ano do Ensino Fundamental,Estadual,Ausente,Não,
2024,3139409,Manhuaçu,31181273,2° ano do Ensino Fundamental,Municipal,Ausente,Não,
2024,3149309,Pedro Leopoldo,31082766,2° ano do Ensino Fundamental,Municipal,Ausente,Não,
2024,3201308,Cariacica,32045677,2° ano do Ensino Fundamental,Municipal,Ausente,Não,
2024,3204906,São Mateus,32046274,2° ano do Ensino Fundamental,Municipal,Ausente,Não,
2024,3303500,Nova Iguaçu,33061823,2° ano do Ensino Fundamental,Municipal,Ausente,Não,
2024,3304557,Rio de Janeiro,33115265,2° ano do Ensino Fundamental,Municipal,Ausente,Não,
2024,3305109,São João de Meriti,33084615,2° ano do Ensino Fundamental,Municipal,Ausente,Não,
2024,3503208,Araraquara,35011820,2° ano do Ensino Fundamental,Estadual,Ausente,Não,
2024,3510609,Carapicuíba,35250907,2° ano do Ensino Fundamental,Estadual,Ausente,Não,
2024,3534401,Osasco,35301039,2° ano do Ensino Fundamental,Municipal,Ausente,Não,
2024,3534401,Osasco,35301854,2° ano do Ensino Fundamental,Municipal,Ausente,Não,
2024,3549805,São José do Rio Preto,35184577,2° ano do Ensino Fundamental,Municipal,Ausente,Não,
2024,3550308,São Paulo,35348002,2° ano do Ensino Fundamental,Municipal,Ausente,Não,
2024,3550308,São Paulo,35336358,2° ano do Ensino Fundamental,Municipal,Ausente,Não,
2024,3550308,São Paulo,35337756,2° ano do Ensino Fundamental,Municipal,Ausente,Não,
2024,3552205,Sorocaba,35212882,2° ano do Ensino Fundamental,Municipal,Ausente,Não,
2024,4105805,Colombo,41131432,2° ano do Ensino Fundamental,Municipal,Ausente,Não,
2024,4106902,Curitiba,41138564,2° ano do Ensino Fundamental,Municipal,Ausente,Não,
2024,4107652,Fazenda Rio Grande,41091551,2° ano do Ensino Fundamental,Municipal,Ausente,Não,
2024,4126256,Sarandi,41136209,2° ano do Ensino Fundamental,Municipal,Ausente,Não,
2024,4202073,Balneário Gaivota,42000469,2° ano do Ensino Fundamental,Municipal,Ausente,Não,
2024,4203006,Caçador,42015931,2° ano do Ensino Fundamental,Municipal,Ausente,Não,
2024,4215802,São Bento do Sul,42073688,2° ano do Ensino Fundamental,Estadual,Ausente,Não,
2024,4318309,São Gabriel,43086309,2° ano do Ensino Fundamental,Municipal,Ausente,Não,
2024,4320107,Sarandi,43016735,2° ano do Ensino Fundamental,Municipal,Ausente,Não,
2024,5002704,Campo Grande,50003150,2° ano do Ensino Fundamental,Municipal,Ausente,Não,
2024,5211503,Itumbiara,52039888,2° ano do Ensino Fundamental,Municipal,Ausente,Não,
2024,5213806,Morrinhos,52076924,2° ano do Ensino Fundamental,Municipal,Ausente,Não,
2024,5214507,Nerópolis,52072727,2° ano do Ensino Fundamental,Municipal,Ausente,Não,
2024,1100205,Porto Velho,11021632,2° ano do Ensino Fundamental,Municipal,Ausente,Não,
2024,1302207,Juruá,13012774,2° ano do Ensino Fundamental,Estadual,Ausente,Não,
2024,1302603,Manaus,13037976,2° ano do Ensino Fundamental,Municipal,Ausente,Não,
2024,1503606,Itaituba,15035467,2° ano do Ensino Fundamental,Municipal,Ausente,Não,
2024,1505536,Parauapebas,15058599,2° ano do Ensino Fundamental,Municipal,Ausente,Não,
2024,2112209,Timon,21068847,2° ano do Ensino Fundamental,Municipal,Ausente,Não,
2024,2204659,Ilha Grande,22001122,2° ano do Ensino Fundamental,Municipal,Ausente,Não,
2024,2207793,Pau D'Arco do Piauí,22032794,2° ano do Ensino Fundamental,Municipal,Ausente,Não,
2024,2903201,Barreiras,29017779,2° ano do Ensino Fundamental,Municipal,Ausente,Não,
2024,2927903,Santa Inês,29223524,2° ano do Ensino Fundamental,Municipal,Ausente,Não,
2024,3101508,Além Paraíba,31185400,2° ano do Ensino Fundamental,Municipal,Ausente,Não,
2024,3106200,Belo Horizonte,31180417,2° ano do Ensino Fundamental,Municipal,Ausente,Não,
2024,3125101,Extrema,31183765,2° ano do Ensino Fundamental,Municipal,Ausente,Não,
2024,3139409,Manhuaçu,31181266,2° ano do Ensino Fundamental,Municipal,Ausente,Não,
2024,3170206,Uberlândia,31182845,2° ano do Ensino Fundamental,Municipal,Ausente,Não,
2024,3171808,Virginópolis,31096656,2° ano do Ensino Fundamental,Municipal,Ausente,Não,
2024,3205309,Vitória,32009296,2° ano do Ensino Fundamental,Municipal,Ausente,Não,
2024,3507605,Bragança Paulista,35035485,2° ano do Ensino Fundamental,Municipal,Ausente,Não,
2024,3550308,São Paulo,35370251,2° ano do Ensino Fundamental,Municipal,Ausente,Não,
2024,3557303,Estiva Gerbi,35127693,2° ano do Ensino Fundamental,Municipal,Ausente,Não,
2024,4106902,Curitiba,41108176,2° ano do Ensino Fundamental,Municipal,Ausente,Não,
2024,4107652,Fazenda Rio Grande,41131754,2° ano do Ensino Fundamental,Municipal,Ausente,Não,
2024,4107652,Fazenda Rio Grande,41131711,2° ano do Ensino Fundamental,Municipal,Ausente,Não,
2024,4118204,Paranaguá,41062927,2° ano do Ensino Fundamental,Municipal,Ausente,Não,
2024,4209102,Joinville,42052797,2° ano do Ensino Fundamental,Municipal,Ausente,Não,
2024,4211900,Palhoça,42065631,2° ano do Ensino Fundamental,Estadual,Ausente,Não,
2024,4216602,São José,42077681,2° ano do Ensino Fundamental,Municipal,Ausente,Não,
2024,4304606,Canoas,43105254,2° ano do Ensino Fundamental,Municipal,Ausente,Não,
2024,4304606,Canoas,43106316,2° ano do Ensino Fundamental,Municipal,Ausente,Não,
2024,4321600,Tramandaí,43096531,2° ano do Ensino Fundamental,Municipal,Ausente,Não,
2024,5003702,Dourados,50020753,2° ano do Ensino Fundamental,Municipal,Ausente,Não,
2024,5300108,Brasília,53001974,2° ano do Ensino Fundamental,Estadual,Ausente,Não,
2024,1302603,Manaus,13029646,2° ano do Ensino Fundamental,Municipal,Ausente,Não,
2024,1302603,Manaus,13029828,2° ano do Ensino Fundamental,Municipal,Ausente,Não,
2024,1504406,Marapanim,15044330,2° ano do Ensino Fundamental,Municipal,Ausente,Não,
2024,1504422,Marituba,15044666,2° ano do Ensino Fundamental,Municipal,Ausente,Não,
2024,2800308,Aracaju,28016150,2° ano do Ensino Fundamental,Municipal,Ausente,Não,
2024,2906303,Canavieiras,29042858,2° ano do Ensino Fundamental,Municipal,Ausente,Não,
2024,3106606,Bertópolis,31185742,2° ano do Ensino Fundamental,Estadual,Ausente,Não,
2024,3112703,Capitão Enéas,31181330,2° ano do Ensino Fundamental,Municipal,Ausente,Não,
2024,3120904,Curvelo,31057442,2° ano do Ensino Fundamental,Municipal,Ausente,Não,
2024,3135050,Jaíba,31000076,2° ano do Ensino Fundamental,Estadual,Ausente,Não,
2024,3205002,Serra,32001406,2° ano do Ensino Fundamental,Municipal,Ausente,Não,
2024,3302007,Itaguaí,33034527,2° ano do Ensino Fundamental,Municipal,Ausente,Não,
2024,3506003,Bauru,35025727,2° ano do Ensino Fundamental,Estadual,Ausente,Não,
2024,3506003,Bauru,35024247,2° ano do Ensino Fundamental,Municipal,Ausente,Não,
2024,3518800,Guarulhos,35266690,2° ano do Ensino Fundamental,Municipal,Ausente,Não,
2024,3529005,Marília,35118242,2° ano do Ensino Fundamental,Municipal,Ausente,Não,
2024,3529401,Mauá,35289871,2° ano do Ensino Fundamental,Estadual,Ausente,Não,
2024,3550308,São Paulo,35406159,2° ano do Ensino Fundamental,Municipal,Ausente,Não,
2024,3550308,São Paulo,35373695,2° ano do Ensino Fundamental,Estadual,Ausente,Não,
2024,3555307,Turmalina,35062480,2° ano do Ensino Fundamental,Municipal,Ausente,Não,
2024,4104402,Cândido de Abreu,41135265,2° ano do Ensino Fundamental,Municipal,Ausente,Não,
2024,4104808,Cascavel,41075377,2° ano do Ensino Fundamental,Municipal,Ausente,Não,
2024,4115002,Marilena,41136423,2° ano do Ensino Fundamental,Municipal,Ausente,Não,
2024,4119905,Ponta Grossa,41137134,2° ano do Ensino Fundamental,Municipal,Ausente,Não,
2024,4119905,Ponta Grossa,41099989,2° ano do Ensino Fundamental,Municipal,Ausente,Não,
2024,4213500,Porto Belo,42069725,2° ano do Ensino Fundamental,Municipal,Ausente,Não,
2024,5102504,Cáceres,51047717,2° ano do Ensino Fundamental,Municipal,Ausente,Não,
2024,5108402,Várzea Grande,51049981,2° ano do Ensino Fundamental,Municipal,Ausente,Não,
2024,5200134,Acreúna,52075330,2° ano do Ensino Fundamental,Municipal,Ausente,Não,
2024,5201108,Anápolis,52011116,2° ano do Ensino Fundamental,Municipal,Ausente,Não,
2024,5210406,Itaberaí,52056222,2° ano do Ensino Fundamental,Municipal,Ausente,Não,
2024,1100809,Candeias do Jamari,11014196,2° ano do Ensino Fundamental,Municipal,Ausente,Não,
2024,1302603,Manaus,13034199,2° ano do Ensino Fundamental,Municipal,Ausente,Não,
2024,1303601,Santa Isabel do Rio Negro,13021014,2° ano do Ensino Fundamental,Estadual,Ausente,Não,
2024,1503705,Itupiranga,15037655,2° ano do Ensino Fundamental,Municipal,Ausente,Não,
2024,1600303,Macapá,16012118,2° ano do Ensino Fundamental,Municipal,Ausente,Não,
2024,2104909,Guimarães,21034679,2° ano do Ensino Fundamental,Municipal,Ausente,Não,
2024,2107803,Parnarama,21068796,2° ano do Ensino Fundamental,Municipal,Ausente,Não,
2024,2111300,São Luís,21068915,2° ano do Ensino Fundamental,Municipal,Ausente,Não,
2024,2112803,Viana,21069225,2° ano do Ensino Fundamental,Municipal,Ausente,Não,
2024,2403103,Currais Novos,24027193,2° ano do Ensino Fundamental,Municipal,Ausente,Não,
2024,2407807,Monte Alegre,24028889,2° ano do Ensino Fundamental,Municipal,Ausente,Não,
2024,2408102,Natal,24028427,2° ano do Ensino Fundamental,Municipal,Ausente,Não,
2024,2611101,Petrolina,26072734,2° ano do Ensino Fundamental,Municipal,Ausente,Não,
2024,2910800,Feira de Santana,29073049,2° ano do Ensino Fundamental,Municipal,Ausente,Não,
2024,3106200,Belo Horizonte,31044750,2° ano do Ensino Fundamental,Municipal,Ausente,Não,
2024,3106200,Belo Horizonte,31072040,2° ano do Ensino Fundamental,Municipal,Ausente,Não,
2024,3106705,Betim,31179533,2° ano do Ensino Fundamental,Municipal,Ausente,Não,
2024,3113503,Carbonita,31002296,2° ano do Ensino Fundamental,Municipal,Ausente,Não,
2024,3205002,Serra,32047240,2° ano do Ensino Fundamental,Estadual,Ausente,Não,
2024,3301306,Casimiro de Abreu,33021794,2° ano do Ensino Fundamental,Municipal,Ausente,Não,
2024,3303856,Paty do Alferes,33066881,2° ano do Ensino Fundamental,Municipal,Ausente,Não,
2024,3303906,Petrópolis,33067566,2° ano do Ensino Fundamental,Municipal,Ausente,Não,
2024,3304557,Rio de Janeiro,33103711,2° ano do Ensino Fundamental,Municipal,Ausente,Não,
2024,3504008,Assis,35015306,2° ano do Ensino Fundamental,Municipal,Ausente,Não,
2024,3518800,Guarulhos,35271149,2° ano do Ensino Fundamental,Estadual,Ausente,Não,
2024,3545803,Santa Bárbara d'Oeste,35004852,2° ano do Ensino Fundamental,Municipal,Ausente,Não,
2024,3550308,São Paulo,35431492,2° ano do Ensino Fundamental,Estadual,Ausente,Não,
2024,4104907,Castro,41044834,2° ano do Ensino Fundamental,Municipal,Ausente,Não,
2024,4105508,Cianorte,41133076,2° ano do Ensino Fundamental,Municipal,Ausente,Não,
2024,4115200,Maringá,41135992,2° ano do Ensino Fundamental,Municipal,Ausente,Não,
2024,4118204,Paranaguá,41014194,2° ano do Ensino Fundamental,Municipal,Ausente,Não,
2024,4119509,Piraquara,41138453,2° ano do Ensino Fundamental,Municipal,Ausente,Não,
2024,4202008,Balneário Camboriú,42004179,2° ano do Ensino Fundamental,Municipal,Ausente,Não,
2024,4202057,Balneário Barra do Sul,42073900,2° ano do Ensino Fundamental,Municipal,Ausente,Não,
2024,4202107,Barra Velha,42005804,2° ano do Ensino Fundamental,Municipal,Ausente,Não,
2024,4216206,São Francisco do Sul,42074597,2° ano do Ensino Fundamental,Municipal,Ausente,Não,
2024,4304663,Capão do Leão,43012580,2° ano do Ensino Fundamental,Municipal,Ausente,Não,
2024,5107008,Poxoréo,51018133,2° ano do Ensino Fundamental,Municipal,Ausente,Não,
2024,5200258,Águas Lindas de Goiás,52075917,2° ano do Ensino Fundamental,Municipal,Ausente,Não,
2024,5214507,Nerópolis,52014453,2° ano do Ensino Fundamental,Municipal,Ausente,Não,
2024,5218805,Rio Verde,52050339,2° ano do Ensino Fundamental,Municipal,Ausente,Não,
2024,5300108,Brasília,53015251,2° ano do Ensino Fundamental,Estadual,Ausente,Não,
2024,5300108,Brasília,53011927,2° ano do Ensino Fundamental,Estadual,Ausente,Não,
2024,1101807,Vale do Paraíso,11008584,2° ano do Ensino Fundamental,Municipal,Ausente,Não,
2024,1302603,Manaus,13057647,2° ano do Ensino Fundamental,Estadual,Ausente,Não,
2024,1506807,Santarém,15099886,2° ano do Ensino Fundamental,Municipal,Ausente,Não,
2024,1714880,Nova Olinda,17018956,2° ano do Ensino Fundamental,Municipal,Ausente,Não,
2024,1721000,Palmas,17018512,2° ano do Ensino Fundamental,Municipal,Ausente,Não,
2024,2100055,Açailândia,21067541,2° ano do Ensino Fundamental,Municipal,Ausente,Não,
2024,2101707,Barreirinhas,21069155,2° ano do Ensino Fundamental,Municipal,Ausente,Não,
2024,2105302,Imperatriz,21069176,2° ano do Ensino Fundamental,Municipal,Ausente,Não,
2024,2407104,Macaíba,24000893,2° ano do Ensino Fundamental,Municipal,Ausente,Não,
2024,2503001,Caaporã,25034289,2° ano do Ensino Fundamental,Municipal,Ausente,Não,
2024,2603454,Camaragibe,26035501,2° ano do Ensino Fundamental,Municipal,Ausente,Não,
2024,2914505,Irará,29101150,2° ano do Ensino Fundamental,Municipal,Ausente,Não,
2024,2923605,Paramirim,29165569,2° ano do Ensino Fundamental,Municipal,Ausente,Não,
2024,2926400,Riacho de Santana,29187503,2° ano do Ensino Fundamental,Municipal,Ausente,Não,
2024,3107505,Bom Jardim de Minas,31146033,2° ano do Ensino Fundamental,Municipal,Ausente,Não,
2024,3117504,Conceição do Mato Dentro,31180572,2° ano do Ensino Fundamental,Estadual,Ausente,Não,
2024,3118601,Contagem,31179762,2° ano do Ensino Fundamental,Municipal,Ausente,Não,
2024,3147709,Passa Tempo,31180799,2° ano do Ensino Fundamental,Municipal,Ausente,Não,
2024,3151206,Pirapora,31185593,2° ano do Ensino Fundamental,Municipal,Ausente,Não,
2024,3170206,Uberlândia,31081984,2° ano do Ensino Fundamental,Estadual,Ausente,Não,
2024,3201209,Cachoeiro de Itapemirim,32037069,2° ano do Ensino Fundamental,Municipal,Ausente,Não,
2024,3205200,Vila Velha,32045542,2° ano do Ensino Fundamental,Municipal,Ausente,Não,
2024,3301702,Duque de Caxias,33027296,2° ano do Ensino Fundamental,Municipal,Ausente,Não,
2024,3518701,Guarujá,35165895,2° ano do Ensino Fundamental,Municipal,Ausente,Não,
2024,3534401,Osasco,35301242,2° ano do Ensino Fundamental,Municipal,Ausente,Não,
2024,3549904,São José dos Campos,35188484,2° ano do Ensino Fundamental,Municipal,Ausente,Não,
2024,3550308,São Paulo,35441753,2° ano do Ensino Fundamental,Estadual,Ausente,Não,
2024,3550308,São Paulo,35381747,2° ano do Ensino Fundamental,Estadual,Ausente,Não,
2024,3550308,São Paulo,35376559,2° ano do Ensino Fundamental,Estadual,Ausente,Não,
2024,3550308,São Paulo,35405953,2° ano do Ensino Fundamental,Municipal,Ausente,Não,
2024,3552205,Sorocaba,35209829,2° ano do Ensino Fundamental,Municipal,Ausente,Não,
2024,4101507,Arapongas,41130876,2° ano do Ensino Fundamental,Municipal,Ausente,Não,
2024,4104204,Campo Largo,41097660,2° ano do Ensino Fundamental,Municipal,Ausente,Não,
2024,4104907,Castro,41048194,2° ano do Ensino Fundamental,Municipal,Ausente,Não,
2024,4106902,Curitiba,41133433,2° ano do Ensino Fundamental,Municipal,Ausente,Não,
2024,4108304,Foz do Iguaçu,41134383,2° ano do Ensino Fundamental,Municipal,Ausente,Não,
2024,4113700,Londrina,41135436,2° ano do Ensino Fundamental,Municipal,Ausente,Não,
2024,4119509,Piraquara,41131279,2° ano do Ensino Fundamental,Municipal,Ausente,Não,
2024,4201505,Armazém,42011607,2° ano do Ensino Fundamental,Estadual,Ausente,Não,
2024,4202404,Blumenau,42009241,2° ano do Ensino Fundamental,Estadual,Ausente,Não,
2024,4207304,Imbituba,42057955,2° ano do Ensino Fundamental,Municipal,Ausente,Não,
2024,4318002,São Borja,43083604,2° ano do Ensino Fundamental,Municipal,Ausente,Não,
2024,5103403,Cuiabá,51042252,2° ano do Ensino Fundamental,Municipal,Ausente,Não,
2024,1100023,Ariquemes,11021113,2° ano do Ensino Fundamental,Municipal,Ausente,Não,
2024,1100106,Guajará-Mirim,11004411,2° ano do Ensino Fundamental,Municipal,Ausente,Não,
2024,1100338,Nova Mamoré,11004735,2° ano do Ensino Fundamental,Municipal,Ausente,Não,
2024,1501402,Belém,15090718,2° ano do Ensino Fundamental,Estadual,Ausente,Não,
2024,1507706,São Sebastião da Boa Vista,15078377,2° ano do Ensino Fundamental,Municipal,Ausente,Não,
2024,2304400,Fortaleza,23076391,2° ano do Ensino Fundamental,Municipal,Ausente,Não,
2024,2408805,Parazinho,24015564,2° ano do Ensino Fundamental,Municipal,Ausente,Não,
2024,2516102,Soledade,25025825,2° ano do Ensino Fundamental,Municipal,Ausente,Não,
2024,2606408,Gravatá,26077784,2° ano do Ensino Fundamental,Municipal,Ausente,Não,
2024,2927408,Salvador,29208630,2° ano do Ensino Fundamental,Municipal,Ausente,Não,
2024,3106200,Belo Horizonte,31180137,2° ano do Ensino Fundamental,Municipal,Ausente,Não,
2024,3113404,Caratinga,31195048,2° ano do Ensino Fundamental,Municipal,Ausente,Não,
2024,3115300,Cataguases,31052862,2° ano do Ensino Fundamental,Municipal,Ausente,Não,
2024,3118601,Contagem,31051656,2° ano do Ensino Fundamental,Municipal,Ausente,Não,
2024,3127107,Frutal,31182375,2° ano do Ensino Fundamental,Municipal,Ausente,Não,
2024,3127701,Governador Valadares,31093246,2° ano do Ensino Fundamental,Municipal,Ausente,Não,
2024,3129806,Ibirité,31179885,2° ano do Ensino Fundamental,Municipal,Ausente,Não,
2024,3131703,Itabira,31181499,2° ano do Ensino Fundamental,Municipal,Ausente,Não,
2024,3136702,Juiz de Fora,31163630,2° ano do Ensino Fundamental,Municipal,Ausente,Não,
2024,3205002,Serra,32044763,2° ano do Ensino Fundamental,Municipal,Ausente,Não,
2024,3304557,Rio de Janeiro,33148508,2° ano do Ensino Fundamental,Municipal,Ausente,Não,
2024,3550308,São Paulo,35386236,2° ano do Ensino Fundamental,Estadual,Ausente,Não,
2024,3550308,São Paulo,35381085,2° ano do Ensino Fundamental,Estadual,Ausente,Não,
2024,4104808,Cascavel,41138543,2° ano do Ensino Fundamental,Municipal,Ausente,Não,
2024,4105805,Colombo,41131483,2° ano do Ensino Fundamental,Municipal,Ausente,Não,
2024,4106902,Curitiba,41134167,2° ano do Ensino Fundamental,Municipal,Ausente,Não,
2024,4108007,Florestópolis,41063402,2° ano do Ensino Fundamental,Municipal,Ausente,Não,
2024,4108304,Foz do Iguaçu,41134474,2° ano do Ensino Fundamental,Municipal,Ausente,Não,
2024,4108304,Foz do Iguaçu,41134566,2° ano do Ensino Fundamental,Municipal,Ausente,Não,
2024,4114302,Mandirituba,41132077,2° ano do Ensino Fundamental,Municipal,Ausente,Não,
2024,4126256,Sarandi,41099705,2° ano do Ensino Fundamental,Municipal,Ausente,Não,
2024,4209151,José Boiteux,42034993,2° ano do Ensino Fundamental,Estadual,Ausente,Não,
2024,5001003,Aparecida do Taboado,50031907,2° ano do Ensino Fundamental,Municipal,Ausente,Não,
2024,5008404,Vicentina,50025421,2° ano do Ensino Fundamental,Estadual,Ausente,Não,
2024,5106307,Paranatinga,51050328,2° ano do Ensino Fundamental,Municipal,Ausente,Não,
2024,5200258,Águas Lindas de Goiás,52075987,2° ano do Ensino Fundamental,Municipal,Ausente,Não,
2024,5208707,Goiânia,52000782,2° ano do Ensino Fundamental,Municipal,Ausente,Não,
2024,5208707,Goiânia,52008373,2° ano do Ensino Fundamental,Municipal,Ausente,Não,
2024,1100031,Cabixi,11002928,2° ano do Ensino Fundamental,Municipal,Ausente,Não,
2024,1200401,Rio Branco,12008620,2° ano do Ensino Fundamental,Estadual,Ausente,Não,
2024,1302603,Manaus,13038612,2° ano do Ensino Fundamental,Estadual,Ausente,Não,
2024,1500800,Ananindeua,15007455,2° ano do Ensino Fundamental,Municipal,Ausente,Não,
2024,1501576,Bom Jesus do Tocantins,15016606,2° ano do Ensino Fundamental,Municipal,Ausente,Não,
2024,1502152,Canaã dos Carajás,15023489,2° ano do Ensino Fundamental,Municipal,Ausente,Não,
2024,1503606,Itaituba,15036068,2° ano do Ensino Fundamental,Municipal,Ausente,Não,
2024,2103125,Central do Maranhão,21034306,2° ano do Ensino Fundamental,Municipal,Ausente,Não,
2024,2105302,Imperatriz,21026355,2° ano do Ensino Fundamental,Municipal,Ausente,Não,
2024,2113009,Vitorino Freire,21069061,2° ano do Ensino Fundamental,Municipal,Ausente,Não,
2024,2207702,Parnaíba,22031627,2° ano do Ensino Fundamental,Municipal,Ausente,Não,
2024,2210607,São Raimundo Nonato,22032316,2° ano do Ensino Fundamental,Municipal,Ausente,Não,
2024,2302503,Brejo Santo,23076194,2° ano do Ensino Fundamental,Municipal,Ausente,Não,
2024,2304400,Fortaleza,23064182,2° ano do Ensino Fundamental,Municipal,Ausente,Não,
2024,2306405,Itapipoca,23087284,2° ano do Ensino Fundamental,Municipal,Ausente,Não,
2024,2408102,Natal,24028330,2° ano do Ensino Fundamental,Estadual,Ausente,Não,
2024,2411700,São Bento do Trairí,24026131,2° ano do Ensino Fundamental,Municipal,Ausente,Não,
2024,2412906,São Tomé,24029052,2° ano do Ensino Fundamental,Estadual,Ausente,Não,
2024,2700300,Arapiraca,27032132,2° ano do Ensino Fundamental,Municipal,Ausente,Não,
2024,2921005,Mata de São João,29151258,2° ano do Ensino Fundamental,Municipal,Ausente,Não,
2024,2921401,Mirangaba,29153654,2° ano do Ensino Fundamental,Municipal,Ausente,Não,
2024,3100203,Abaeté,31035605,2° ano do Ensino Fundamental,Municipal,Ausente,Não,
2024,3106200,Belo Horizonte,31184301,2° ano do Ensino Fundamental,Municipal,Ausente,Não,
2024,3106705,Betim,31179427,2° ano do Ensino Fundamental,Municipal,Ausente,Não,
2024,3118601,Contagem,31184804,2° ano do Ensino Fundamental,Municipal,Ausente,Não,
2024,3146107,Ouro Preto,31000093,2° ano do Ensino Fundamental,Estadual,Ausente,Não,
2024,3150406,Piedade dos Gerais,31145815,2° ano do Ensino Fundamental,Municipal,Ausente,Não,
2024,3152501,Pouso Alegre,31021178,2° ano do Ensino Fundamental,Municipal,Ausente,Não,
2024,3170206,Uberlândia,31182789,2° ano do Ensino Fundamental,Municipal,Ausente,Não,
2024,3170206,Uberlândia,31182737,2° ano do Ensino Fundamental,Municipal,Ausente,Não,
2024,3203320,Marataízes,32039255,2° ano do Ensino Fundamental,Municipal,Ausente,Não,
2024,3205002,Serra,32044929,2° ano do Ensino Fundamental,Municipal,Ausente,Não,
2024,3516200,Franca,35065595,2° ano do Ensino Fundamental,Municipal,Ausente,Não,
2024,3526902,Limeira,35112010,2° ano do Ensino Fundamental,Municipal,Ausente,Não,
2024,3541000,Praia Grande,35146907,2° ano do Ensino Fundamental,Municipal,Ausente,Não,
2024,4106902,Curitiba,41078653,2° ano do Ensino Fundamental,Municipal,Ausente,Não,
2024,4107652,Fazenda Rio Grande,41131693,2° ano do Ensino Fundamental,Municipal,Ausente,Não,
2024,4113700,Londrina,41129714,2° ano do Ensino Fundamental,Municipal,Ausente,Não,
2024,4125506,São José dos Pinhais,41123162,2° ano do Ensino Fundamental,Municipal,Ausente,Não,
2024,4203204,Camboriú,42017368,2° ano do Ensino Fundamental,Municipal,Ausente,Não,
2024,4205175,Entre Rios,42089773,2° ano do Ensino Fundamental,Municipal,Ausente,Não,
2024,4205456,Forquilhinha,42028959,2° ano do Ensino Fundamental,Municipal,Ausente,Não,
2024,4206652,Guatambú,42024195,2° ano do Ensino Fundamental,Estadual,Ausente,Não,
2024,4216602,São José,42077223,2° ano do Ensino Fundamental,Municipal,Ausente,Não,
2024,4218707,Tubarão,42085119,2° ano do Ensino Fundamental,Municipal,Ausente,Não,
2024,5107909,Sinop,51027419,2° ano do Ensino Fundamental,Municipal,Ausente,Não,
2024,5107925,Sorriso,51049299,2° ano do Ensino Fundamental,Municipal,Ausente,Não,
2024,5300108,Brasília,53004737,2° ano do Ensino Fundamental,Estadual,Ausente,Não,
2024,5300108,Brasília,53021087,2° ano do Ensino Fundamental,Estadual,Ausente,Não,
2024,5300108,Brasília,53020176,2° ano do Ensino Fundamental,Estadual,Ausente,Não,
2024,1100205,Porto Velho,11021704,2° ano do Ensino Fundamental,Estadual,Ausente,Não,
2024,1200401,Rio Branco,12008778,2° ano do Ensino Fundamental,Estadual,Ausente,Não,
2024,1200401,Rio Branco,12011590,2° ano do Ensino Fundamental,Municipal,Ausente,Não,
2024,1502806,Curralinho,15029457,2° ano do Ensino Fundamental,Municipal,Ausente,Não,
2024,2110401,São Benedito do Rio Preto,21013382,2° ano do Ensino Fundamental,Municipal,Ausente,Não,
2024,2211001,Teresina,22013100,2° ano do Ensino Fundamental,Municipal,Ausente,Não,
2024,2211209,Uruçuí,22032245,2° ano do Ensino Fundamental,Municipal,Ausente,Não,
2024,2303501,Cascavel,23062456,2° ano do Ensino Fundamental,Municipal,Ausente,Não,
2024,2602902,Cabo de Santo Agostinho,26034897,2° ano do Ensino Fundamental,Municipal,Ausente,Não,
2024,2611606,Recife,26053067,2° ano do Ensino Fundamental,Municipal,Ausente,Não,
2024,2613909,Serra Talhada,26079299,2° ano do Ensino Fundamental,Municipal,Ausente,Não,
2024,2908606,Conde,29056791,2° ano do Ensino Fundamental,Municipal,Ausente,Não,
2024,3101607,Alfenas,31185314,2° ano do Ensino Fundamental,Municipal,Ausente,Não,
2024,3136702,Juiz de Fora,31023778,2° ano do Ensino Fundamental,Municipal,Ausente,Não,
2024,3513009,Cotia,35253655,2° ano do Ensino Fundamental,Municipal,Ausente,Não,
2024,3513801,Diadema,35256781,2° ano do Ensino Fundamental,Municipal,Ausente,Não,
2024,3550308,São Paulo,35339619,2° ano do Ensino Fundamental,Municipal,Ausente,Não,
2024,3552403,Sumaré,35217749,2° ano do Ensino Fundamental,Municipal,Ausente,Não,
2024,4106902,Curitiba,41134000,2° ano do Ensino Fundamental,Municipal,Ausente,Não,
2024,4106902,Curitiba,41124423,2° ano do Ensino Fundamental,Municipal,Ausente,Não,
2024,4121208,Quitandinha,41132106,2° ano do Ensino Fundamental,Municipal,Ausente,Não,
2024,4204202,Chapecó,42022590,2° ano do Ensino Fundamental,Municipal,Ausente,Não,
2024,4209102,Joinville,42051837,2° ano do Ensino Fundamental,Municipal,Ausente,Não,
2024,4216305,São João Batista,42082276,2° ano do Ensino Fundamental,Municipal,Ausente,Não,
2024,4216305,São João Batista,42082420,2° ano do Ensino Fundamental,Municipal,Ausente,Não,
2024,5103304,Comodoro,51048354,2° ano do Ensino Fundamental,Municipal,Ausente,Não,
2024,5107925,Sorriso,51030823,2° ano do Ensino Fundamental,Municipal,Ausente,Não,
2024,5208004,Formosa,52025760,2° ano do Ensino Fundamental,Municipal,Ausente,Não,
2024,5217302,Pirenópolis,52015116,2° ano do Ensino Fundamental,Municipal,Ausente,Não,
2024,1301704,Humaitá,13008858,2° ano do Ensino Fundamental,Estadual,Ausente,Não,
2024,1500602,Altamira,15005033,2° ano do Ensino Fundamental,Municipal,Ausente,Não,
2024,1503408,Inhangapi,15034339,2° ano do Ensino Fundamental,Municipal,Ausente,Não,
2024,2111201,São José de Ribamar,21003024,2° ano do Ensino Fundamental,Municipal,Ausente,Não,
2024,2927101,Rodelas,29190872,2° ano do Ensino Fundamental,Municipal,Ausente,Não,
2024,3101631,Alfredo Vasconcelos,31180434,2° ano do Ensino Fundamental,Municipal,Ausente,Não,
2024,3106200,Belo Horizonte,31180334,2° ano do Ensino Fundamental,Municipal,Ausente,Não,
2024,3106200,Belo Horizonte,31184425,2° ano do Ensino Fundamental,Municipal,Ausente,Não,
2024,3154606,Ribeirão das Neves,31185647,2° ano do Ensino Fundamental,Municipal,Ausente,Não,
2024,3168804,Tiradentes,31079269,2° ano do Ensino Fundamental,Municipal,Ausente,Não,
2024,3302700,Maricá,33046907,2° ano do Ensino Fundamental,Municipal,Ausente,Não,
2024,3303500,Nova Iguaçu,33058753,2° ano do Ensino Fundamental,Municipal,Ausente,Não,
2024,3516606,Gália,35117662,2° ano do Ensino Fundamental,Municipal,Ausente,Não,
2024,3525904,Jundiaí,35106293,2° ano do Ensino Fundamental,Municipal,Ausente,Não,
2024,3536505,Paulínia,35214051,2° ano do Ensino Fundamental,Municipal,Ausente,Não,
2024,3539301,Pirassununga,35142043,2° ano do Ensino Fundamental,Municipal,Ausente,Não,
2024,3550308,São Paulo,35344436,2° ano do Ensino Fundamental,Municipal,Ausente,Não,
2024,3550308,São Paulo,35392274,2° ano do Ensino Fundamental,Estadual,Ausente,Não,
2024,3550308,São Paulo,35400745,2° ano do Ensino Fundamental,Estadual,Ausente,Não,
2024,3550308,São Paulo,35416691,2° ano do Ensino Fundamental,Municipal,Ausente,Não,
2024,4104204,Campo Largo,41131906,2° ano do Ensino Fundamental,Municipal,Ausente,Não,
2024,4106902,Curitiba,41133936,2° ano do Ensino Fundamental,Municipal,Ausente,Não,
2024,4120002,Porecatu,41135653,2° ano do Ensino Fundamental,Municipal,Ausente,Não,
2024,4207304,Imbituba,42057337,2° ano do Ensino Fundamental,Municipal,Ausente,Não,
2024,4208203,Itajaí,42038535,2° ano do Ensino Fundamental,Municipal,Ausente,Não,
2024,4208203,Itajaí,42039862,2° ano do Ensino Fundamental,Municipal,Ausente,Não,
2024,4208203,Itajaí,42038027,2° ano do Ensino Fundamental,Municipal,Ausente,Não,
2024,4209607,Lauro Muller,42086813,2° ano do Ensino Fundamental,Estadual,Ausente,Não,
2024,4304630,Capão da Canoa,43014486,2° ano do Ensino Fundamental,Estadual,Ausente,Não,
2024,4314803,Portão,43023804,2° ano do Ensino Fundamental,Municipal,Ausente,Não,
2024,5002704,Campo Grande,50003136,2° ano do Ensino Fundamental,Municipal,Ausente,Não,
2024,5003702,Dourados,50021874,2° ano do Ensino Fundamental,Municipal,Ausente,Não,
2024,5201108,Anápolis,52072608,2° ano do Ensino Fundamental,Municipal,Ausente,Não,
2024,1500800,Ananindeua,15008302,2° ano do Ensino Fundamental,Municipal,Ausente,Não,
2024,2108702,Pio XII,21067032,2° ano do Ensino Fundamental,Municipal,Ausente,Não,
2024,2110658,São Domingos do Azeitão,21069094,2° ano do Ensino Fundamental,Municipal,Ausente,Não,
2024,2610004,Palmares,26023943,2° ano do Ensino Fundamental,Municipal,Ausente,Não,
2024,2704302,Maceió,27033584,2° ano do Ensino Fundamental,Municipal,Ausente,Não,
2024,2927002,Rio Real,29190766,2° ano do Ensino Fundamental,Municipal,Ausente,Não,
2024,3111150,Campo Azul,31023767,2° ano do Ensino Fundamental,Municipal,Ausente,Não,
2024,3122306,Divinópolis,31053407,2° ano do Ensino Fundamental,Estadual,Ausente,Não,
2024,3304003,Piraí,33097818,2° ano do Ensino Fundamental,Municipal,Ausente,Não,
2024,3304557,Rio de Janeiro,33103322,2° ano do Ensino Fundamental,Municipal,Ausente,Não,
2024,3305208,São Pedro da Aldeia,33014082,2° ano do Ensino Fundamental,Municipal,Ausente,Não,
2024,3511102,Catanduva,35059420,2° ano do Ensino Fundamental,Municipal,Ausente,Não,
2024,3548708,São Bernardo do Campo,35319529,2° ano do Ensino Fundamental,Municipal,Ausente,Não,
2024,3549904,São José dos Campos,35190011,2° ano do Ensino Fundamental,Municipal,Ausente,Não,
2024,4112702,Jataizinho,41023595,2° ano do Ensino Fundamental,Municipal,Ausente,Não,
2024,4122701,Sabáudia,41113987,2° ano do Ensino Fundamental,Municipal,Ausente,Não,
2024,4125506,São José dos Pinhais,41132361,2° ano do Ensino Fundamental,Municipal,Ausente,Não,
2024,4127601,Tijucas do Sul,41132037,2° ano do Ensino Fundamental,Municipal,Ausente,Não,
2024,4206504,Guaramirim,42034095,2° ano do Ensino Fundamental,Municipal,Ausente,Não,
2024,4309308,Guaíba,43037416,2° ano do Ensino Fundamental,Municipal,Ausente,Não,
2024,5105259,Lucas do Rio Verde,51049070,2° ano do Ensino Fundamental,Municipal,Ausente,Não,
2024,1302603,Manaus,13028928,2° ano do Ensino Fundamental,Municipal,Ausente,Não,
2024,1506500,Santa Isabel do Pará,15067768,2° ano do Ensino Fundamental,Municipal,Ausente,Não,
2024,2109908,Santa Inês,21020248,2° ano do Ensino Fundamental,Municipal,Ausente,Não,
2024,2306306,Itapagé,23050335,2° ano do Ensino Fundamental,Municipal,Ausente,Não,
2024,2403251,Parnamirim,24017521,2° ano do Ensino Fundamental,Municipal,Ausente,Não,
2024,2407203,Macau,24025131,2° ano do Ensino Fundamental,Municipal,Ausente,Não,
2024,2513703,Santa Rita,25017006,2° ano do Ensino Fundamental,Municipal,Ausente,Não,
2024,2615409,Toritama,26007595,2° ano do Ensino Fundamental,Municipal,Ausente,Não,
2024,2708907,Satuba,27033665,2° ano do Ensino Fundamental,Municipal,Ausente,Não,
2024,2923407,Palmas de Monte Alto,29164848,2° ano do Ensino Fundamental,Municipal,Ausente,Não,
2024,3106200,Belo Horizonte,31184895,2° ano do Ensino Fundamental,Municipal,Ausente,Não,
2024,3118403,Conselheiro Pena,31041506,2° ano do Ensino Fundamental,Municipal,Ausente,Não,
2024,3157807,Santa Luzia,31062023,2° ano do Ensino Fundamental,Municipal,Ausente,Não,
2024,3205200,Vila Velha,32045511,2° ano do Ensino Fundamental,Municipal,Ausente,Não,
2024,3548708,São Bernardo do Campo,35320314,2° ano do Ensino Fundamental,Municipal,Ausente,Não,
2024,3548708,São Bernardo do Campo,35319548,2° ano do Ensino Fundamental,Municipal,Ausente,Não,
2024,3550308,São Paulo,35340993,2° ano do Ensino Fundamental,Municipal,Ausente,Não,
2024,4106902,Curitiba,41076908,2° ano do Ensino Fundamental,Municipal,Ausente,Não,
2024,4107652,Fazenda Rio Grande,41131851,2° ano do Ensino Fundamental,Municipal,Ausente,Não,
2024,4108403,Francisco Beltrão,41013020,2° ano do Ensino Fundamental,Municipal,Ausente,Não,
2024,4113700,Londrina,41135827,2° ano do Ensino Fundamental,Municipal,Ausente,Não,
2024,4202453,Bombinhas,42068169,2° ano do Ensino Fundamental,Municipal,Ausente,Não,
2024,4202909,Brusque,42014487,2° ano do Ensino Fundamental,Municipal,Ausente,Não,
2024,4211108,Monte Castelo,42058725,2° ano do Ensino Fundamental,Municipal,Ausente,Não,
2024,4211900,Palhoça,42063807,2° ano do Ensino Fundamental,Estadual,Ausente,Não,
2024,4216305,São João Batista,42082142,2° ano do Ensino Fundamental,Municipal,Ausente,Não,
2024,4313656,Palmares do Sul,43051703,2° ano do Ensino Fundamental,Municipal,Ausente,Não,
2024,5002704,Campo Grande,50003642,2° ano do Ensino Fundamental,Municipal,Ausente,Não,
2024,5003207,Corumbá,50016060,2° ano do Ensino Fundamental,Municipal,Ausente,Não,
2024,5007109,Ribas do Rio Pardo,50013353,2° ano do Ensino Fundamental,Municipal,Ausente,Não,
2024,5102637,Campo Novo do Parecis,51032631,2° ano do Ensino Fundamental,Estadual,Ausente,Não,
2024,5103403,Cuiabá,51041289,2° ano do Ensino Fundamental,Municipal,Ausente,Não,
2024,5200258,Águas Lindas de Goiás,52076034,2° ano do Ensino Fundamental,Municipal,Ausente,Não,
2024,5208004,Formosa,52076511,2° ano do Ensino Fundamental,Municipal,Ausente,Não,
2024,5208707,Goiânia,52077153,2° ano do Ensino Fundamental,Municipal,Ausente,Não,
2024,2106904,Monção,21018564,2° ano do Ensino Fundamental,Municipal,Presente,Não,700.06
2024,2302503,Brejo Santo,23006114,2° ano do Ensino Fundamental,Municipal,Presente,Sim,807.17
2024,2305308,Ibiapina,23073665,2° ano do Ensino Fundamental,Municipal,Presente,Sim,794.33
2024,2311405,Quixeramobim,23052850,2° ano do Ensino Fundamental,Municipal,Presente,Sim,896.1
2024,2311504,Quixeré,23030060,2° ano do Ensino Fundamental,Municipal,Presente,Sim,821.22
2024,2602001,Bodocó,26060723,2° ano do Ensino Fundamental,Municipal,Presente,Não,707.15
2024,2604106,Caruaru,26003080,2° ano do Ensino Fundamental,Municipal,Presente,Sim,746.96
2024,2608404,Jurema,26012022,2° ano do Ensino Fundamental,Municipal,Presente,Sim,748.82
2024,2612307,Saloá,26012905,2° ano do Ensino Fundamental,Municipal,Presente,Sim,804.55
2024,2616506,Xexéu,26025672,2° ano do Ensino Fundamental,Municipal,Presente,Sim,771.29
2024,2709103,Taquarana,27030547,2° ano do Ensino Fundamental,Municipal,Presente,Não,643.58
2024,2901007,Amargosa,29004751,2° ano do Ensino Fundamental,Municipal,Presente,Não,742.61
2024,2912905,Ibirataia,29090764,2° ano do Ensino Fundamental,Municipal,Presente,Não,702.11
2024,2919553,Luís Eduardo Magalhães,29915375,2° ano do Ensino Fundamental,Municipal,Presente,Não,692.07
2024,2922102,Mundo Novo,29157454,2° ano do Ensino Fundamental,Municipal,Presente,Não,697.31
2024,2923407,Palmas de Monte Alto,29165010,2° ano do Ensino Fundamental,Municipal,Presente,Não,665.24
2024,2925303,Porto Seguro,29177101,2° ano do Ensino Fundamental,Municipal,Presente,Sim,796.28
2024,2927408,Salvador,29205932,2° ano do Ensino Fundamental,Municipal,Presente,Não,729.21
2024,2927705,Santa Cruz Cabrália,29223241,2° ano do Ensino Fundamental,Municipal,Presente,Sim,756.91
2024,2933307,Vitória da Conquista,29267750,2° ano do Ensino Fundamental,Municipal,Presente,Não,710.82
2024,3130101,Igarapé,31139995,2° ano do Ensino Fundamental,Municipal,Presente,Sim,752.81
2024,3172004,Visconde do Rio Branco,31123866,2° ano do Ensino Fundamental,Estadual,Presente,Sim,843.4
2024,3501152,Alumínio,35196264,2° ano do Ensino Fundamental,Municipal,Presente,Sim,766.7537873
2024,3523107,Itaquaquecetuba,35284682,2° ano do Ensino Fundamental,Municipal,Presente,Sim,756.7965791
2024,3527603,Luís Antônio,35154564,2° ano do Ensino Fundamental,Municipal,Presente,Sim,806.3990448
2024,3529401,Mauá,35289037,2° ano do Ensino Fundamental,Estadual,Presente,Sim,821.514298
2024,3533601,Nuporanga,35179217,2° ano do Ensino Fundamental,Municipal,Presente,Não,737.3585082
2024,3547809,Santo André,35311034,2° ano do Ensino Fundamental,Municipal,Presente,Sim,789.0946779
2024,3552205,Sorocaba,35210321,2° ano do Ensino Fundamental,Municipal,Presente,Sim,768.07215
2024,4101101,Andirá,41092591,2° ano do Ensino Fundamental,Municipal,Presente,Sim,765.99
2024,4105409,Chopinzinho,41031270,2° ano do Ensino Fundamental,Municipal,Presente,Sim,750.65
2024,4119905,Ponta Grossa,41069043,2° ano do Ensino Fundamental,Municipal,Presente,Não,739.1
2024,5005806,Nioaque,50027015,2° ano do Ensino Fundamental,Municipal,Presente,Sim,750.13
2024,5102504,Cáceres,51005072,2° ano do Ensino Fundamental,Municipal,Presente,Não,713.89
2024,5200258,Águas Lindas de Goiás,52069066,2° ano do Ensino Fundamental,Municipal,Presente,Não,696.04
2024,1506807,Santarém,15071133,2° ano do Ensino Fundamental,Municipal,Presente,Não,664.15
2024,2100709,Anajatuba,21011373,2° ano do Ensino Fundamental,Municipal,Presente,Não,728.74
2024,2302602,Camocim,23048201,2° ano do Ensino Fundamental,Municipal,Presente,Sim,868.34
2024,2304400,Fortaleza,23037268,2° ano do Ensino Fundamental,Municipal,Presente,Não,709.57
2024,2304400,Fortaleza,23076429,2° ano do Ensino Fundamental,Municipal,Presente,Sim,792.27
2024,2304400,Fortaleza,23086426,2° ano do Ensino Fundamental,Municipal,Presente,Sim,793.19
2024,2309003,Mucambo,23003015,2° ano do Ensino Fundamental,Municipal,Presente,Sim,834.83
2024,2313005,Solonópole,23042836,2° ano do Ensino Fundamental,Municipal,Presente,Sim,860.04
2024,2313401,Tianguá,23015363,2° ano do Ensino Fundamental,Municipal,Presente,Sim,814.06
2024,2313609,Ubajara,23057013,2° ano do Ensino Fundamental,Municipal,Presente,Sim,836.32
2024,2314102,Viçosa do Ceará,23055885,2° ano do Ensino Fundamental,Municipal,Presente,Sim,821.85
2024,2503704,Cajazeiras,25033116,2° ano do Ensino Fundamental,Municipal,Presente,Sim,770.79
2024,2600302,Agrestina,26000037,2° ano do Ensino Fundamental,Municipal,Presente,Sim,756.17
2024,2604106,Caruaru,26003371,2° ano do Ensino Fundamental,Municipal,Presente,Sim,763.19
2024,2604403,Chã de Alegria,26014804,2° ano do Ensino Fundamental,Municipal,Presente,Não,718.72
2024,2614204,Sirinhaém,26025302,2° ano do Ensino Fundamental,Municipal,Presente,Sim,761.85
2024,2706901,Pilar,27024043,2° ano do Ensino Fundamental,Municipal,Presente,Não,738.48
2024,2802106,Estância,28001095,2° ano do Ensino Fundamental,Municipal,Presente,Não,655.32
2024,2805901,Riachuelo,28009722,2° ano do Ensino Fundamental,Municipal,Presente,Não,735.18
2024,2903201,Barreiras,29019022,2° ano do Ensino Fundamental,Municipal,Presente,Sim,745.48
2024,2905701,Camaçari,29036527,2° ano do Ensino Fundamental,Municipal,Presente,Sim,744.93
2024,2909802,Cruz das Almas,29924755,2° ano do Ensino Fundamental,Municipal,Presente,Não,697.15
2024,2909802,Cruz das Almas,29060675,2° ano do Ensino Fundamental,Municipal,Presente,Não,670.24
2024,2922300,Muritiba,29158315,2° ano do Ensino Fundamental,Municipal,Presente,Sim,768.81
2024,2925303,Porto Seguro,29938157,2° ano do Ensino Fundamental,Municipal,Presente,Sim,791.44
2024,2925501,Prado,29182070,2° ano do Ensino Fundamental,Municipal,Presente,Sim,743.49
2024,2927408,Salvador,29212865,2° ano do Ensino Fundamental,Municipal,Presente,Não,718.13
2024,2927408,Salvador,29195259,2° ano do Ensino Fundamental,Municipal,Presente,Não,695.76
2024,2931905,Tucano,29254174,2° ano do Ensino Fundamental,Municipal,Presente,Não,652.73
2024,3123809,Engenheiro Navarro,31168756,2° ano do Ensino Fundamental,Municipal,Presente,Sim,769.93
2024,3205101,Viana,32022415,2° ano do Ensino Fundamental,Municipal,Presente,Não,717.2
2024,3303906,Petrópolis,33069315,2° ano do Ensino Fundamental,Municipal,Presente,Sim,747.67
2024,3506508,Birigui,35027785,2° ano do Ensino Fundamental,Municipal,Presente,Não,680.4129983
2024,3506706,Boa Esperança do Sul,35013533,2° ano do Ensino Fundamental,Municipal,Presente,Sim,821.514298
2024,3506904,Bofete,35029094,2° ano do Ensino Fundamental,Municipal,Presente,Sim,821.514298
2024,3509007,Caieiras,35239622,2° ano do Ensino Fundamental,Municipal,Presente,Não,700.8442682
2024,3516200,Franca,35064396,2° ano do Ensino Fundamental,Municipal,Presente,Sim,806.3990448
2024,3530607,Mogi das Cruzes,35296819,2° ano do Ensino Fundamental,Municipal,Presente,Sim,796.360933
2024,3550308,São Paulo,35442748,2° ano do Ensino Fundamental,Estadual,Presente,Sim,796.360933
2024,3550308,São Paulo,35391760,2° ano do Ensino Fundamental,Estadual,Presente,Sim,796.360933
2024,4306379,Dilermando de Aguiar,43075488,2° ano do Ensino Fundamental,Municipal,Presente,Sim,747.4305514
2024,5108402,Várzea Grande,51044333,2° ano do Ensino Fundamental,Municipal,Presente,Não,720.38
2024,1304062,Tabatinga,13024250,2° ano do Ensino Fundamental,Municipal,Presente,Não,683.67
2024,1600279,Laranjal do Jari,16000097,2° ano do Ensino Fundamental,Municipal,Presente,Sim,780.17
2024,2101350,Bacurituba,21057251,2° ano do Ensino Fundamental,Municipal,Presente,Sim,789.1
2024,2103307,Codó,21040584,2° ano do Ensino Fundamental,Municipal,Presente,Sim,744.5
2024,2105609,Joselândia,21047282,2° ano do Ensino Fundamental,Municipal,Presente,Sim,809.5
2024,2110500,São Bento,21058123,2° ano do Ensino Fundamental,Municipal,Presente,Não,703.69
2024,2112506,Tutóia,21062344,2° ano do Ensino Fundamental,Municipal,Presente,Não,731.87
2024,2206803,Nossa Senhora dos Remédios,22005306,2° ano do Ensino Fundamental,Municipal,Presente,Sim,774.61
2024,2208908,Ribeiro Gonçalves,22021936,2° ano do Ensino Fundamental,Municipal,Presente,Não,726.1
2024,2303956,Chorozinho,23070678,2° ano do Ensino Fundamental,Municipal,Presente,Sim,835.8
2024,2304400,Fortaleza,23043898,2° ano do Ensino Fundamental,Municipal,Presente,Sim,761.82
2024,2304400,Fortaleza,23040856,2° ano do Ensino Fundamental,Municipal,Presente,Sim,774.25
2024,2304707,Granja,23021015,2° ano do Ensino Fundamental,Municipal,Presente,Sim,866.88
2024,2305308,Ibiapina,23077715,2° ano do Ensino Fundamental,Municipal,Presente,Sim,843.3
2024,2307601,Limoeiro do Norte,23012747,2° ano do Ensino Fundamental,Municipal,Presente,Sim,838.6
2024,2307635,Madalena,23001558,2° ano do Ensino Fundamental,Municipal,Presente,Sim,784.68
2024,2309458,Ocara,23051754,2° ano do Ensino Fundamental,Municipal,Presente,Sim,768.71
2024,2309508,Orós,23015879,2° ano do Ensino Fundamental,Municipal,Presente,Sim,802.93
2024,2606002,Garanhuns,26010748,2° ano do Ensino Fundamental,Municipal,Presente,Sim,783.79
2024,2611606,Recife,26045616,2° ano do Ensino Fundamental,Municipal,Presente,Não,711.94
2024,2613503,São José do Belmonte,26055722,2° ano do Ensino Fundamental,Municipal,Presente,Não,681.04
2024,2700300,Arapiraca,27003489,2° ano do Ensino Fundamental,Municipal,Presente,Sim,762.0
2024,2703809,Joaquim Gomes,27011563,2° ano do Ensino Fundamental,Municipal,Presente,Não,709.13
2024,2901304,Andaraí,29006554,2° ano do Ensino Fundamental,Municipal,Presente,Não,698.95
2024,2907103,Carinhanha,29049064,2° ano do Ensino Fundamental,Municipal,Presente,Não,661.78
2024,2910727,Eunápolis,29069651,2° ano do Ensino Fundamental,Municipal,Presente,Sim,752.12
2024,2914802,Itabuna,29106135,2° ano do Ensino Fundamental,Municipal,Presente,Não,724.55
2024,2926806,Rio do Antônio,29189730,2° ano do Ensino Fundamental,Municipal,Presente,Sim,789.22
2024,2928802,Santo Estêvão,29229369,2° ano do Ensino Fundamental,Municipal,Presente,Não,699.82
2024,3103405,Araçuaí,31170788,2° ano do Ensino Fundamental,Estadual,Presente,Sim,766.07
2024,3109204,Buenópolis,31034787,2° ano do Ensino Fundamental,Municipal,Presente,Sim,799.0
2024,3138104,Lassance,31145316,2° ano do Ensino Fundamental,Municipal,Presente,Sim,775.62
2024,3145455,Olhos-d'Água,31082773,2° ano do Ensino Fundamental,Municipal,Presente,Sim,752.94
2024,3154606,Ribeirão das Neves,31185728,2° ano do Ensino Fundamental,Municipal,Presente,Não,635.37
2024,3169604,Tupaciguara,31198006,2° ano do Ensino Fundamental,Municipal,Presente,Sim,774.53
2024,3303104,Natividade,33037317,2° ano do Ensino Fundamental,Municipal,Presente,Sim,790.97
2024,3503208,Araraquara,35011744,2° ano do Ensino Fundamental,Estadual,Presente,Sim,781.8094351
2024,3515129,Emilianópolis,35162015,2° ano do Ensino Fundamental,Municipal,Presente,Sim,751.8935971
2024,3515707,Ferraz de Vasconcelos,35324042,2° ano do Ensino Fundamental,Municipal,Presente,Não,715.7082668
2024,3530607,Mogi das Cruzes,35299524,2° ano do Ensino Fundamental,Municipal,Presente,Sim,766.7537873
2024,3550308,São Paulo,35374886,2° ano do Ensino Fundamental,Estadual,Presente,Sim,786.1511403
2024,4314100,Passo Fundo,43054270,2° ano do Ensino Fundamental,Municipal,Presente,Não,695.546754
2024,4322004,Triunfo,43098370,2° ano do Ensino Fundamental,Estadual,Presente,Não,724.748995
2024,5107040,Primavera do Leste,51018401,2° ano do Ensino Fundamental,Municipal,Presente,Sim,799.24
2024,5204508,Caldas Novas,52043896,2° ano do Ensino Fundamental,Municipal,Presente,Sim,759.75
2024,2110005,Santa Luzia,21020959,2° ano do Ensino Fundamental,Municipal,Presente,Não,716.33
2024,2200608,Angical do Piauí,22016446,2° ano do Ensino Fundamental,Municipal,Presente,Sim,800.7
2024,2301257,Ararendá,23057648,2° ano do Ensino Fundamental,Municipal,Presente,Sim,896.1
2024,2303402,Carnaubal,23071273,2° ano do Ensino Fundamental,Municipal,Presente,Sim,834.33
2024,2304400,Fortaleza,23007325,2° ano do Ensino Fundamental,Municipal,Presente,Sim,784.02
2024,2304400,Fortaleza,23038410,2° ano do Ensino Fundamental,Municipal,Presente,Sim,826.14
2024,2306256,Itaitinga,23049891,2° ano do Ensino Fundamental,Municipal,Presente,Sim,823.67
2024,2309706,Pacatuba,23081217,2° ano do Ensino Fundamental,Municipal,Presente,Sim,847.16
2024,2312106,Santana do Cariri,23069517,2° ano do Ensino Fundamental,Municipal,Presente,Sim,828.96
2024,2900702,Alagoinhas,29002906,2° ano do Ensino Fundamental,Municipal,Presente,Sim,776.69
2024,2903276,Barrocas,29019884,2° ano do Ensino Fundamental,Municipal,Presente,Não,739.42
2024,2904902,Cachoeira,29029045,2° ano do Ensino Fundamental,Municipal,Presente,Sim,791.44
2024,2907400,Catolândia,29914540,2° ano do Ensino Fundamental,Municipal,Presente,Não,663.24
2024,2915601,Itamaraju,29110941,2° ano do Ensino Fundamental,Municipal,Presente,Sim,752.5
2024,2915809,Itambé,29111783,2° ano do Ensino Fundamental,Municipal,Presente,Sim,760.01
2024,2917706,Jaguarari,29122350,2° ano do Ensino Fundamental,Municipal,Presente,Sim,804.33
2024,2923001,Nova Viçosa,29162268,2° ano do Ensino Fundamental,Municipal,Presente,Não,700.56
2024,2927408,Salvador,29203612,2° ano do Ensino Fundamental,Municipal,Presente,Não,727.65
2024,2931350,Teixeira de Freitas,29251572,2° ano do Ensino Fundamental,Municipal,Presente,Sim,787.54
2024,2933307,Vitória da Conquista,29264986,2° ano do Ensino Fundamental,Municipal,Presente,Sim,790.23
2024,3132404,Itajubá,31051567,2° ano do Ensino Fundamental,Municipal,Presente,Sim,803.04
2024,3151800,Poços de Caldas,31056653,2° ano do Ensino Fundamental,Municipal,Presente,Não,720.39
2024,3304557,Rio de Janeiro,33126289,2° ano do Ensino Fundamental,Municipal,Presente,Sim,773.53
2024,3305208,São Pedro da Aldeia,33015346,2° ano do Ensino Fundamental,Municipal,Presente,Sim,749.05
2024,3512407,Cordeirópolis,35109651,2° ano do Ensino Fundamental,Municipal,Presente,Sim,806.3990448
2024,3515004,Embu das Artes,35332915,2° ano do Ensino Fundamental,Estadual,Presente,Sim,786.1511403
2024,3518503,Guareí,35071396,2° ano do Ensino Fundamental,Municipal,Presente,Sim,787.2131925
2024,3518800,Guarulhos,35274019,2° ano do Ensino Fundamental,Estadual,Presente,Sim,821.514298
2024,3518800,Guarulhos,35271808,2° ano do Ensino Fundamental,Estadual,Presente,Não,691.2962585
2024,3522307,Itapetininga,35072102,2° ano do Ensino Fundamental,Municipal,Presente,Não,742.8134938
2024,3524402,Jacareí,35091099,2° ano do Ensino Fundamental,Municipal,Presente,Sim,821.514298
2024,3543402,Ribeirão Preto,35155228,2° ano do Ensino Fundamental,Estadual,Presente,Sim,759.0356307
2024,3546801,Santa Isabel,35091953,2° ano do Ensino Fundamental,Municipal,Presente,Sim,796.360933
2024,3551504,Serrana,35160705,2° ano do Ensino Fundamental,Municipal,Presente,Sim,806.3990448
2024,4113452,Lindoeste,41028630,2° ano do Ensino Fundamental,Municipal,Presente,Sim,749.62
2024,4314100,Passo Fundo,43054806,2° ano do Ensino Fundamental,Municipal,Presente,Não,724.5104292
2024,5200506,Aloândia,52055336,2° ano do Ensino Fundamental,Municipal,Presente,Sim,783.24
2024,5204706,Campinorte,52075016,2° ano do Ensino Fundamental,Municipal,Presente,Sim,798.43
2024,1100205,Porto Velho,11013491,2° ano do Ensino Fundamental,Municipal,Presente,Não,709.64
2024,1500305,Afuá,15002383,2° ano do Ensino Fundamental,Municipal,Presente,Não,739.34
2024,2112308,Tuntum,21048622,2° ano do Ensino Fundamental,Municipal,Presente,Não,706.66
2024,2302404,Boa Viagem,23014909,2° ano do Ensino Fundamental,Municipal,Presente,Sim,859.84
2024,2304400,Fortaleza,23008452,2° ano do Ensino Fundamental,Municipal,Presente,Não,683.19
2024,2307304,Juazeiro do Norte,23076156,2° ano do Ensino Fundamental,Municipal,Presente,Não,739.67
2024,2307650,Maracanaú,23060966,2° ano do Ensino Fundamental,Municipal,Presente,Sim,798.1
2024,2310704,Pentecoste,23050841,2° ano do Ensino Fundamental,Municipal,Presente,Sim,821.13
2024,2501351,Assunção,25028004,2° ano do Ensino Fundamental,Municipal,Presente,Sim,820.25
2024,2516706,Teixeira,25030157,2° ano do Ensino Fundamental,Municipal,Presente,Sim,781.44
2024,2612208,Salgueiro,26055244,2° ano do Ensino Fundamental,Municipal,Presente,Sim,784.36
2024,2612802,Santa Terezinha,26057900,2° ano do Ensino Fundamental,Municipal,Presente,Sim,758.81
2024,2612901,São Benedito do Sul,26024720,2° ano do Ensino Fundamental,Municipal,Presente,Sim,792.63
2024,2703304,Inhapi,27010947,2° ano do Ensino Fundamental,Municipal,Presente,Sim,760.8
2024,2803401,Japoatã,28012461,2° ano do Ensino Fundamental,Municipal,Presente,Não,648.97
2024,2902005,Aracatu,29009230,2° ano do Ensino Fundamental,Municipal,Presente,Sim,748.7
2024,2903201,Barreiras,29017433,2° ano do Ensino Fundamental,Municipal,Presente,Não,730.92
2024,2906006,Campo Formoso,29040883,2° ano do Ensino Fundamental,Municipal,Presente,Não,689.95
2024,2917508,Jacobina,29120843,2° ano do Ensino Fundamental,Municipal,Presente,Sim,754.86
2024,2925303,Porto Seguro,29180686,2° ano do Ensino Fundamental,Municipal,Presente,Não,714.13
2024,2931350,Teixeira de Freitas,29250206,2° ano do Ensino Fundamental,Municipal,Presente,Não,672.09
2024,2933406,Wagner,29268137,2° ano do Ensino Fundamental,Municipal,Presente,Sim,781.79
2024,3122306,Divinópolis,31180657,2° ano do Ensino Fundamental,Municipal,Presente,Sim,752.13
2024,3146107,Ouro Preto,31107731,2° ano do Ensino Fundamental,Estadual,Presente,Não,740.28
2024,3201159,Brejetuba,32042780,2° ano do Ensino Fundamental,Estadual,Presente,Sim,784.19
2024,3304557,Rio de Janeiro,33131602,2° ano do Ensino Fundamental,Municipal,Presente,Sim,796.48
2024,3520905,Ipaussu,35128180,2° ano do Ensino Fundamental,Municipal,Presente,Não,671.6276753
2024,3526001,Junqueirópolis,35000918,2° ano do Ensino Fundamental,Municipal,Presente,Sim,821.514298
2024,3537305,Penápolis,35130762,2° ano do Ensino Fundamental,Municipal,Presente,Sim,806.3990448
2024,3548054,Santo Antônio do Aracanguá,35010981,2° ano do Ensino Fundamental,Municipal,Presente,Sim,767.4745456
2024,3548500,Santos,35167951,2° ano do Ensino Fundamental,Municipal,Presente,Não,656.8606633
2024,3550308,São Paulo,35376933,2° ano do Ensino Fundamental,Estadual,Presente,Sim,781.5392356
2024,4120655,Quarto Centenário,41013768,2° ano do Ensino Fundamental,Municipal,Presente,Não,735.92
2024,4125704,São Miguel do Iguaçu,41067491,2° ano do Ensino Fundamental,Municipal,Presente,Sim,789.79
2024,5000856,Angélica,50029934,2° ano do Ensino Fundamental,Municipal,Presente,Sim,766.64
2024,5008305,Três Lagoas,50037357,2° ano do Ensino Fundamental,Municipal,Presente,Sim,775.62
2024,5200829,Amaralina,52053749,2° ano do Ensino Fundamental,Municipal,Presente,Não,691.07
2024,1304203,Tefé,13025319,2° ano do Ensino Fundamental,Estadual,Presente,Sim,755.79
2024,2102101,Brejo,21060084,2° ano do Ensino Fundamental,Municipal,Presente,Sim,750.2
2024,2109700,Sambaíba,21056359,2° ano do Ensino Fundamental,Municipal,Presente,Sim,772.28
2024,2207702,Parnaíba,22002771,2° ano do Ensino Fundamental,Municipal,Presente,Não,737.43
2024,2210508,São Pedro do Piauí,22017068,2° ano do Ensino Fundamental,Municipal,Presente,Não,681.92
2024,2304400,Fortaleza,23040213,2° ano do Ensino Fundamental,Municipal,Presente,Sim,803.07
2024,2306603,Itatira,23019349,2° ano do Ensino Fundamental,Municipal,Presente,Sim,854.58
2024,2308005,Massapê,23055188,2° ano do Ensino Fundamental,Municipal,Presente,Sim,794.7
2024,2311355,Quixelô,23004163,2° ano do Ensino Fundamental,Municipal,Presente,Sim,746.87
2024,2311959,Salitre,23060081,2° ano do Ensino Fundamental,Municipal,Presente,Sim,829.68
2024,2601003,Angelim,26008443,2° ano do Ensino Fundamental,Municipal,Presente,Sim,779.64
2024,2603801,Capoeiras,26009708,2° ano do Ensino Fundamental,Municipal,Presente,Sim,761.89
2024,2608107,João Alfredo,26075374,2° ano do Ensino Fundamental,Municipal,Presente,Sim,784.93
2024,2608503,Lagoa de Itaenga,26075545,2° ano do Ensino Fundamental,Municipal,Presente,Não,699.29
2024,2609402,Moreno,26042915,2° ano do Ensino Fundamental,Municipal,Presente,Não,668.15
2024,2615409,Toritama,26007741,2° ano do Ensino Fundamental,Municipal,Presente,Não,691.75
2024,2700300,Arapiraca,27002988,2° ano do Ensino Fundamental,Municipal,Presente,Sim,772.62
2024,2807105,Simão Dias,28014289,2° ano do Ensino Fundamental,Municipal,Presente,Não,673.85
2024,2903904,Bom Jesus da Lapa,29022193,2° ano do Ensino Fundamental,Municipal,Presente,Não,672.14
2024,2904803,Caatiba,29028055,2° ano do Ensino Fundamental,Municipal,Presente,Não,722.49
2024,2913903,Ipiaú,29098135,2° ano do Ensino Fundamental,Municipal,Presente,Sim,753.13
2024,2925808,Queimadas,29183721,2° ano do Ensino Fundamental,Municipal,Presente,Não,726.27
2024,2929354,São José da Vitória,29234445,2° ano do Ensino Fundamental,Municipal,Presente,Não,684.36
2024,2930709,Simões Filho,29245593,2° ano do Ensino Fundamental,Municipal,Presente,Sim,743.93
2024,2931509,Teofilândia,29252431,2° ano do Ensino Fundamental,Municipal,Presente,Sim,747.07
2024,2931905,Tucano,29254310,2° ano do Ensino Fundamental,Municipal,Presente,Sim,750.06
2024,2933604,Xique-Xique,29269472,2° ano do Ensino Fundamental,Municipal,Presente,Não,699.28
2024,3118601,Contagem,31179700,2° ano do Ensino Fundamental,Municipal,Presente,Não,727.23
2024,3138203,Lavras,31044140,2° ano do Ensino Fundamental,Municipal,Presente,Sim,786.76
2024,3200359,Alto Rio Novo,32033432,2° ano do Ensino Fundamental,Municipal,Presente,Sim,869.82
2024,3201308,Cariacica,32020625,2° ano do Ensino Fundamental,Municipal,Presente,Sim,748.05
2024,3304557,Rio de Janeiro,33113711,2° ano do Ensino Fundamental,Municipal,Presente,Não,676.02
2024,3502804,Araçatuba,35009249,2° ano do Ensino Fundamental,Municipal,Presente,Sim,806.3990448
2024,3515186,Espírito Santo do Pinhal,35175551,2° ano do Ensino Fundamental,Municipal,Presente,Não,717.128801
2024,3529203,Martinópolis,35148566,2° ano do Ensino Fundamental,Municipal,Presente,Não,731.0292221
2024,3532504,Neves Paulista,35098870,2° ano do Ensino Fundamental,Municipal,Presente,Sim,786.1511403
2024,3541307,Presidente Epitácio,35161438,2° ano do Ensino Fundamental,Municipal,Presente,Sim,746.2506041
2024,3547304,Santana de Parnaíba,35308024,2° ano do Ensino Fundamental,Municipal,Presente,Sim,806.3990448
2024,3547809,Santo André,35314431,2° ano do Ensino Fundamental,Municipal,Presente,Não,660.9132629
2024,3549904,São José dos Campos,35190759,2° ano do Ensino Fundamental,Municipal,Presente,Não,691.6651972
2024,3550308,São Paulo,35438450,2° ano do Ensino Fundamental,Estadual,Presente,Sim,806.3990448
2024,4103107,Bocaiúva do Sul,41056498,2° ano do Ensino Fundamental,Municipal,Presente,Sim,760.87
2024,4113700,Londrina,41048300,2° ano do Ensino Fundamental,Municipal,Presente,Sim,844.89
2024,4113700,Londrina,41102152,2° ano do Ensino Fundamental,Municipal,Presente,Sim,758.19
2024,4114302,Mandirituba,41114205,2° ano do Ensino Fundamental,Municipal,Presente,Sim,751.07
2024,4304606,Canoas,43106175,2° ano do Ensino Fundamental,Municipal,Presente,Não,721.6091002
2024,4315701,Rio Pardo,43072384,2° ano do Ensino Fundamental,Municipal,Presente,Não,705.3357157
2024,5008305,Três Lagoas,50038299,2° ano do Ensino Fundamental,Municipal,Presente,Sim,779.68
2024,5107958,Tangará da Serra,51035113,2° ano do Ensino Fundamental,Municipal,Presente,Sim,800.5
2024,5221403,Trindade,52033754,2° ano do Ensino Fundamental,Municipal,Presente,Sim,797.53
2024,1100205,Porto Velho,11008953,2° ano do Ensino Fundamental,Municipal,Presente,Sim,771.19
2024,1600303,Macapá,16005755,2° ano do Ensino Fundamental,Municipal,Presente,Sim,809.53
2024,1720804,Sítio Novo do Tocantins,17015176,2° ano do Ensino Fundamental,Municipal,Presente,Sim,746.91
2024,2100873,Araguanã,21021541,2° ano do Ensino Fundamental,Municipal,Presente,Sim,763.38
2024,2105005,Humberto de Campos,21015530,2° ano do Ensino Fundamental,Municipal,Presente,Não,719.12
2024,2105401,Itapecuru Mirim,21012167,2° ano do Ensino Fundamental,Municipal,Presente,Sim,786.83
2024,2202729,Cocal dos Alves,22000909,2° ano do Ensino Fundamental,Municipal,Presente,Sim,798.64
2024,2208304,Piracuruca,22006452,2° ano do Ensino Fundamental,Municipal,Presente,Sim,765.31
2024,2210003,São João do Piauí,22023149,2° ano do Ensino Fundamental,Municipal,Presente,Sim,783.43
2024,2304400,Fortaleza,23078449,2° ano do Ensino Fundamental,Municipal,Presente,Sim,846.76
2024,2304400,Fortaleza,23008607,2° ano do Ensino Fundamental,Municipal,Presente,Não,727.52
2024,2304400,Fortaleza,23079548,2° ano do Ensino Fundamental,Municipal,Presente,Não,667.99
2024,2305001,Guaraciaba do Norte,23083472,2° ano do Ensino Fundamental,Municipal,Presente,Sim,809.91
2024,2305704,Ipaumirim,23026463,2° ano do Ensino Fundamental,Municipal,Presente,Sim,805.17
2024,2609808,Orocó,26069530,2° ano do Ensino Fundamental,Municipal,Presente,Sim,757.08
2024,2704708,Marechal Deodoro,27019313,2° ano do Ensino Fundamental,Municipal,Presente,Não,675.11
2024,2705606,Novo Lino,27020556,2° ano do Ensino Fundamental,Municipal,Presente,Sim,837.76
2024,2708303,São José da Laje,27027883,2° ano do Ensino Fundamental,Municipal,Presente,Sim,829.58
2024,2902708,Barra,29012683,2° ano do Ensino Fundamental,Municipal,Presente,Sim,743.06
2024,2906907,Caravelas,29047763,2° ano do Ensino Fundamental,Municipal,Presente,Não,714.89
2024,2909604,Crisópolis,29060031,2° ano do Ensino Fundamental,Municipal,Presente,Não,694.5
2024,2917904,Jandaíra,29123591,2° ano do Ensino Fundamental,Municipal,Presente,Sim,751.29
2024,2918100,Jeremoabo,29126985,2° ano do Ensino Fundamental,Municipal,Presente,Sim,796.28
2024,2918407,Juazeiro,29132585,2° ano do Ensino Fundamental,Municipal,Presente,Sim,752.44
2024,2927408,Salvador,29945388,2° ano do Ensino Fundamental,Municipal,Presente,Não,692.72
2024,3102902,Antônio Carlos,31180443,2° ano do Ensino Fundamental,Municipal,Presente,Sim,773.6
2024,3117702,Conceição do Rio Verde,31088589,2° ano do Ensino Fundamental,Municipal,Presente,Sim,766.53
2024,3168002,Taiobeiras,31184525,2° ano do Ensino Fundamental,Municipal,Presente,Não,712.72
2024,3203163,Laranja da Terra,32044197,2° ano do Ensino Fundamental,Municipal,Presente,Sim,805.22
2024,3303005,Miracema,33151012,2° ano do Ensino Fundamental,Municipal,Presente,Sim,768.49
2024,3507506,Botucatu,35030320,2° ano do Ensino Fundamental,Municipal,Presente,Não,731.0820591
2024,3518206,Guararapes,35010550,2° ano do Ensino Fundamental,Municipal,Presente,Sim,821.514298
2024,3521200,Iporanga,35008183,2° ano do Ensino Fundamental,Municipal,Presente,Sim,772.9357392
2024,3525904,Jundiaí,35107129,2° ano do Ensino Fundamental,Municipal,Presente,Sim,821.514298
2024,3543402,Ribeirão Preto,35159312,2° ano do Ensino Fundamental,Estadual,Presente,Sim,790.0404485
2024,3547304,Santana de Parnaíba,35307799,2° ano do Ensino Fundamental,Municipal,Presente,Sim,778.2353432
2024,3550308,São Paulo,35345262,2° ano do Ensino Fundamental,Municipal,Presente,Sim,778.2353432
2024,3550308,São Paulo,35392069,2° ano do Ensino Fundamental,Estadual,Presente,Sim,821.514298
2024,3550704,São Sebastião,35057447,2° ano do Ensino Fundamental,Municipal,Presente,Sim,748.4536602
2024,4108403,Francisco Beltrão,41020453,2° ano do Ensino Fundamental,Municipal,Presente,Sim,773.26
2024,4119905,Ponta Grossa,41067660,2° ano do Ensino Fundamental,Municipal,Presente,Sim,800.85
2024,4125506,São José dos Pinhais,41074061,2° ano do Ensino Fundamental,Municipal,Presente,Sim,751.65
2024,4126306,Sengés,41073161,2° ano do Ensino Fundamental,Municipal,Presente,Sim,762.51
2024,4320008,Sapucaia do Sul,43108142,2° ano do Ensino Fundamental,Municipal,Presente,Não,707.7421238
2024,5219803,São Domingos,52048765,2° ano do Ensino Fundamental,Municipal,Presente,Não,732.18
2024,1303304,Novo Aripuanã,13017880,2° ano do Ensino Fundamental,Estadual,Presente,Sim,776.32
2024,2102325,Buriticupu,21032349,2° ano do Ensino Fundamental,Municipal,Presente,Sim,788.77
2024,2110005,Santa Luzia,21020966,2° ano do Ensino Fundamental,Municipal,Presente,Não,729.2
2024,2200400,Altos,22028728,2° ano do Ensino Fundamental,Municipal,Presente,Não,742.5
2024,2201200,Barras,22003264,2° ano do Ensino Fundamental,Municipal,Presente,Sim,769.67
2024,2202604,Castelo do Piauí,22015526,2° ano do Ensino Fundamental,Municipal,Presente,Sim,822.47
2024,2304400,Fortaleza,23063805,2° ano do Ensino Fundamental,Municipal,Presente,Sim,877.13
2024,2304400,Fortaleza,23039653,2° ano do Ensino Fundamental,Municipal,Presente,Sim,805.17
2024,2311603,Redenção,23019650,2° ano do Ensino Fundamental,Municipal,Presente,Sim,812.96
2024,2311702,Reriutaba,23060248,2° ano do Ensino Fundamental,Municipal,Presente,Sim,855.49
2024,2312205,Santa Quitéria,23014977,2° ano do Ensino Fundamental,Municipal,Presente,Sim,822.84
2024,2312809,Senador Sá,23022269,2° ano do Ensino Fundamental,Municipal,Presente,Sim,828.46
2024,2312908,Sobral,23061984,2° ano do Ensino Fundamental,Municipal,Presente,Sim,819.95
2024,2313559,Tururu,23029182,2° ano do Ensino Fundamental,Municipal,Presente,Sim,812.47
2024,2314003,Várzea Alegre,23077855,2° ano do Ensino Fundamental,Municipal,Presente,Sim,811.37
2024,2602605,Brejo da Madre de Deus,26001116,2° ano do Ensino Fundamental,Municipal,Presente,Não,686.16
2024,2607901,Jaboatão dos Guararapes,26038765,2° ano do Ensino Fundamental,Municipal,Presente,Não,684.98
2024,2609006,Macaparana,26020214,2° ano do Ensino Fundamental,Municipal,Presente,Sim,766.6
2024,2704005,Junqueiro,27011900,2° ano do Ensino Fundamental,Municipal,Presente,Sim,745.15
2024,2705408,Monteirópolis,27020295,2° ano do Ensino Fundamental,Municipal,Presente,Não,717.6
2024,2807402,Tobias Barreto,28014765,2° ano do Ensino Fundamental,Municipal,Presente,Sim,797.08
2024,2902104,Araci,29009390,2° ano do Ensino Fundamental,Municipal,Presente,Não,739.95
2024,2903201,Barreiras,29017204,2° ano do Ensino Fundamental,Municipal,Presente,Sim,760.57
2024,2906303,Canavieiras,29042836,2° ano do Ensino Fundamental,Municipal,Presente,Sim,752.29
2024,2909604,Crisópolis,29060308,2° ano do Ensino Fundamental,Municipal,Presente,Sim,774.56
2024,2918407,Juazeiro,29130441,2° ano do Ensino Fundamental,Municipal,Presente,Sim,760.29
2024,2925204,Pojuca,29175674,2° ano do Ensino Fundamental,Municipal,Presente,Sim,785.43
2024,2927408,Salvador,29204704,2° ano do Ensino Fundamental,Municipal,Presente,Sim,773.9
2024,2927408,Salvador,29208954,2° ano do Ensino Fundamental,Municipal,Presente,Não,663.86
2024,2927408,Salvador,29200772,2° ano do Ensino Fundamental,Municipal,Presente,Não,686.48
2024,2927408,Salvador,29197731,2° ano do Ensino Fundamental,Municipal,Presente,Não,727.59
2024,2928703,Santo Antônio de Jesus,29228809,2° ano do Ensino Fundamental,Municipal,Presente,Não,713.62
2024,2932408,Uibaí,29256216,2° ano do Ensino Fundamental,Municipal,Presente,Não,724.82
2024,2933505,Wenceslau Guimarães,29269027,2° ano do Ensino Fundamental,Municipal,Presente,Não,667.17
2024,3106705,Betim,31092916,2° ano do Ensino Fundamental,Municipal,Presente,Sim,751.72
2024,3114501,Carmópolis de Minas,31048438,2° ano do Ensino Fundamental,Municipal,Presente,Sim,753.4
2024,3134400,Iturama,31196159,2° ano do Ensino Fundamental,Municipal,Presente,Sim,746.81
2024,3161106,São Francisco,31177474,2° ano do Ensino Fundamental,Estadual,Presente,Sim,747.31
2024,3166907,Serrania,31013668,2° ano do Ensino Fundamental,Municipal,Presente,Sim,782.2
2024,3171204,Vespasiano,31194769,2° ano do Ensino Fundamental,Municipal,Presente,Não,633.6
2024,3505500,Barretos,35019551,2° ano do Ensino Fundamental,Municipal,Presente,Não,707.961497
2024,3518800,Guarulhos,35259225,2° ano do Ensino Fundamental,Municipal,Presente,Sim,753.38961
2024,3530201,Mirante do Paranapanema,35121863,2° ano do Ensino Fundamental,Municipal,Presente,Sim,821.514298
2024,3548005,Santo Antônio de Posse,35127207,2° ano do Ensino Fundamental,Municipal,Presente,Não,742.8364146
2024,3548401,Santópolis do Aguapeí,35131197,2° ano do Ensino Fundamental,Municipal,Presente,Sim,821.514298
2024,3550100,São Manuel,35031774,2° ano do Ensino Fundamental,Municipal,Presente,Sim,750.1101142
2024,3553708,Taquaritinga,35222538,2° ano do Ensino Fundamental,Municipal,Presente,Sim,760.8312796
2024,5007109,Ribas do Rio Pardo,50013511,2° ano do Ensino Fundamental,Municipal,Presente,Não,716.88
2024,5212956,Matrinchã,52042666,2° ano do Ensino Fundamental,Municipal,Presente,Sim,793.43
2024,2103307,Codó,21040638,2° ano do Ensino Fundamental,Municipal,Presente,Sim,754.52
2024,2201176,Barra D'Alcântara,22017282,2° ano do Ensino Fundamental,Municipal,Presente,Sim,765.99
2024,2205805,Luzilândia,22004859,2° ano do Ensino Fundamental,Municipal,Presente,Sim,766.54
2024,2205953,Marcolândia,22026920,2° ano do Ensino Fundamental,Municipal,Presente,Sim,746.79
2024,2207702,Parnaíba,22002775,2° ano do Ensino Fundamental,Municipal,Presente,Sim,763.26
2024,2303709,Caucaia,23012269,2° ano do Ensino Fundamental,Municipal,Presente,Sim,778.09
2024,2304285,Eusébio,23075019,2° ano do Ensino Fundamental,Municipal,Presente,Não,669.69
2024,2304285,Eusébio,23061012,2° ano do Ensino Fundamental,Municipal,Presente,Sim,778.63
2024,2305803,Ipu,23060697,2° ano do Ensino Fundamental,Municipal,Presente,Sim,799.36
2024,2306603,Itatira,23001384,2° ano do Ensino Fundamental,Municipal,Presente,Sim,778.15
2024,2309300,Nova Russas,23057747,2° ano do Ensino Fundamental,Municipal,Presente,Sim,818.68
2024,2314102,Viçosa do Ceará,23055961,2° ano do Ensino Fundamental,Municipal,Presente,Sim,800.58
2024,2314102,Viçosa do Ceará,23055820,2° ano do Ensino Fundamental,Municipal,Presente,Sim,825.8
2024,2501500,Bananeiras,25018434,2° ano do Ensino Fundamental,Municipal,Presente,Não,739.39
2024,2512101,Pombal,25009587,2° ano do Ensino Fundamental,Municipal,Presente,Sim,777.51
2024,2601201,Arcoverde,26063687,2° ano do Ensino Fundamental,Municipal,Presente,Sim,773.53
2024,2606200,Goiana,26019186,2° ano do Ensino Fundamental,Municipal,Presente,Sim,758.05
2024,2610707,Paulista,26031888,2° ano do Ensino Fundamental,Municipal,Presente,Não,694.91
2024,2611101,Petrolina,26071135,2° ano do Ensino Fundamental,Municipal,Presente,Não,712.12
2024,2611606,Recife,26044186,2° ano do Ensino Fundamental,Municipal,Presente,Não,635.19
2024,2613701,São Lourenço da Mata,26043408,2° ano do Ensino Fundamental,Municipal,Presente,Sim,812.02
2024,2702306,Coruripe,27007819,2° ano do Ensino Fundamental,Municipal,Presente,Sim,796.32
2024,2800704,Brejo Grande,28008163,2° ano do Ensino Fundamental,Municipal,Presente,Não,647.48
2024,2807402,Tobias Barreto,28014809,2° ano do Ensino Fundamental,Municipal,Presente,Sim,794.41
2024,2905701,Camaçari,29038238,2° ano do Ensino Fundamental,Municipal,Presente,Não,711.65
2024,2919157,Lapão,29136185,2° ano do Ensino Fundamental,Municipal,Presente,Não,738.26
2024,2922102,Mundo Novo,29157461,2° ano do Ensino Fundamental,Municipal,Presente,Não,711.02
2024,2925105,Poções,29174439,2° ano do Ensino Fundamental,Municipal,Presente,Sim,772.13
2024,2927408,Salvador,29211644,2° ano do Ensino Fundamental,Municipal,Presente,Sim,774.56
2024,2927408,Salvador,29201274,2° ano do Ensino Fundamental,Municipal,Presente,Não,667.18
2024,2927408,Salvador,29198979,2° ano do Ensino Fundamental,Municipal,Presente,Sim,745.71
2024,2927408,Salvador,29197724,2° ano do Ensino Fundamental,Municipal,Presente,Sim,755.01
2024,3203320,Marataízes,32039173,2° ano do Ensino Fundamental,Municipal,Presente,Não,664.45
2024,3507506,Botucatu,35029245,2° ano do Ensino Fundamental,Municipal,Presente,Não,723.2048864
2024,3518800,Guarulhos,35273725,2° ano do Ensino Fundamental,Estadual,Presente,Não,722.0958798
2024,3530201,Mirante do Paranapanema,35121798,2° ano do Ensino Fundamental,Municipal,Presente,Sim,821.514298
2024,3535408,Panorama,35001701,2° ano do Ensino Fundamental,Municipal,Presente,Não,702.0973444
2024,3549904,São José dos Campos,35191294,2° ano do Ensino Fundamental,Municipal,Presente,Sim,761.284204
2024,4100459,Altamira do Paraná,41122853,2° ano do Ensino Fundamental,Municipal,Presente,Sim,793.66
2024,4100707,Alto Piquiri,41086359,2° ano do Ensino Fundamental,Municipal,Presente,Não,728.67
2024,4125555,São Manoel do Paraná,41011500,2° ano do Ensino Fundamental,Municipal,Presente,Sim,768.0
2024,4305355,Charqueadas,43086729,2° ano do Ensino Fundamental,Municipal,Presente,Sim,760.9308761
2024,5201405,Aparecida de Goiânia,52016234,2° ano do Ensino Fundamental,Municipal,Presente,Sim,809.42
2024,5212501,Luziânia,52030364,2° ano do Ensino Fundamental,Municipal,Presente,Não,714.81
2024,5300108,Brasília,53000285,2° ano do Ensino Fundamental,Estadual,Presente,Sim,749.05
2024,2105807,Lago do Junco,21065882,2° ano do Ensino Fundamental,Municipal,Presente,Sim,874.28
2024,2303204,Caririaçu,23051094,2° ano do Ensino Fundamental,Municipal,Presente,Sim,782.58
2024,2303709,Caucaia,23055232,2° ano do Ensino Fundamental,Municipal,Presente,Sim,781.91
2024,2303709,Caucaia,23001662,2° ano do Ensino Fundamental,Municipal,Presente,Não,729.19
2024,2304251,Cruz,23044497,2° ano do Ensino Fundamental,Municipal,Presente,Sim,826.14
2024,2304350,Forquilha,23055136,2° ano do Ensino Fundamental,Municipal,Presente,Sim,896.1
2024,2304400,Fortaleza,23037518,2° ano do Ensino Fundamental,Municipal,Presente,Sim,755.75
2024,2304400,Fortaleza,23037471,2° ano do Ensino Fundamental,Municipal,Presente,Sim,858.03
2024,2308203,Meruoca,23015968,2° ano do Ensino Fundamental,Municipal,Presente,Sim,801.98
2024,2311603,Redenção,23054102,2° ano do Ensino Fundamental,Municipal,Presente,Sim,790.66
2024,2313906,Uruoca,23076807,2° ano do Ensino Fundamental,Municipal,Presente,Sim,818.53
2024,2601102,Araripina,26079346,2° ano do Ensino Fundamental,Municipal,Presente,Sim,744.98
2024,2700508,Barra de Santo Antônio,27004708,2° ano do Ensino Fundamental,Municipal,Presente,Não,723.89
2024,2800308,Aracaju,28017416,2° ano do Ensino Fundamental,Municipal,Presente,Sim,752.08
2024,2901908,Aporá,29008516,2° ano do Ensino Fundamental,Municipal,Presente,Não,732.42
2024,2905701,Camaçari,29038628,2° ano do Ensino Fundamental,Municipal,Presente,Não,696.28
2024,2911907,Iaçu,29087563,2° ano do Ensino Fundamental,Municipal,Presente,Não,665.76
2024,2918407,Juazeiro,29132510,2° ano do Ensino Fundamental,Municipal,Presente,Sim,752.29
2024,2927408,Salvador,29210191,2° ano do Ensino Fundamental,Municipal,Presente,Não,695.23
2024,2927408,Salvador,29200145,2° ano do Ensino Fundamental,Municipal,Presente,Não,681.04
2024,2933307,Vitória da Conquista,29263020,2° ano do Ensino Fundamental,Municipal,Presente,Não,665.58
2024,3139409,Manhuaçu,31084712,2° ano do Ensino Fundamental,Municipal,Presente,Sim,780.03
2024,3143302,Montes Claros,31174432,2° ano do Ensino Fundamental,Municipal,Presente,Sim,797.54
2024,3300456,Belford Roxo,33008513,2° ano do Ensino Fundamental,Municipal,Presente,Não,732.52
2024,3503950,Aspásia,35093637,2° ano do Ensino Fundamental,Estadual,Presente,Sim,821.514298
2024,3508504,Caçapava,35223148,2° ano do Ensino Fundamental,Municipal,Presente,Não,622.2179263
2024,3529401,Mauá,35291488,2° ano do Ensino Fundamental,Estadual,Presente,Sim,821.514298
2024,3529401,Mauá,35289671,2° ano do Ensino Fundamental,Estadual,Presente,Sim,786.1511403
2024,3535002,Palestina,35181442,2° ano do Ensino Fundamental,Municipal,Presente,Sim,752.5449151
2024,3541000,Praia Grande,35147506,2° ano do Ensino Fundamental,Municipal,Presente,Não,733.2856844
2024,3551504,Serrana,35160944,2° ano do Ensino Fundamental,Municipal,Presente,Não,730.7230375
2024,3555000,Tupã,35228531,2° ano do Ensino Fundamental,Municipal,Presente,Sim,778.2353432
2024,4104303,Campo Mourão,41091125,2° ano do Ensino Fundamental,Municipal,Presente,Sim,811.62
2024,4313201,Nova Petrópolis,43084874,2° ano do Ensino Fundamental,Estadual,Presente,Sim,795.6025223
2024,4318481,São José do Hortêncio,43042980,2° ano do Ensino Fundamental,Municipal,Presente,Não,667.0699386
2024,5007703,Sete Quedas,50029566,2° ano do Ensino Fundamental,Municipal,Presente,Sim,757.64
2024,5007935,Sonora,50039614,2° ano do Ensino Fundamental,Municipal,Presente,Sim,760.43
2024,5100359,Alto Boa Vista,51006732,2° ano do Ensino Fundamental,Municipal,Presente,Sim,773.36
2024,5204508,Caldas Novas,52043503,2° ano do Ensino Fundamental,Municipal,Presente,Sim,776.52
2024,1303403,Parintins,13018481,2° ano do Ensino Fundamental,Estadual,Presente,Não,733.37
2024,2106201,Luís Domingues,21023286,2° ano do Ensino Fundamental,Municipal,Presente,Sim,791.94
2024,2108454,Peritoró,21042143,2° ano do Ensino Fundamental,Municipal,Presente,Sim,826.86
2024,2209104,Santa Cruz do Piauí,22020064,2° ano do Ensino Fundamental,Municipal,Presente,Sim,821.55
2024,2210409,São Miguel do Tapuio,22015907,2° ano do Ensino Fundamental,Municipal,Presente,Não,670.55
2024,2300705,Alto Santo,23029721,2° ano do Ensino Fundamental,Municipal,Presente,Sim,840.68
2024,2303709,Caucaia,23028008,2° ano do Ensino Fundamental,Municipal,Presente,Sim,752.43
2024,2304251,Cruz,23035851,2° ano do Ensino Fundamental,Municipal,Presente,Sim,807.21
2024,2312304,São Benedito,23087764,2° ano do Ensino Fundamental,Municipal,Presente,Sim,819.3
2024,2312908,Sobral,23031782,2° ano do Ensino Fundamental,Municipal,Presente,Sim,824.77
2024,2313401,Tianguá,23003633,2° ano do Ensino Fundamental,Municipal,Presente,Sim,813.38
2024,2313401,Tianguá,23012346,2° ano do Ensino Fundamental,Municipal,Presente,Sim,808.86
2024,2608305,Jupi,26077624,2° ano do Ensino Fundamental,Municipal,Presente,Não,664.86
2024,2701357,Campestre,27006082,2° ano do Ensino Fundamental,Municipal,Presente,Não,698.55
2024,2704302,Maceió,27032795,2° ano do Ensino Fundamental,Municipal,Presente,Não,700.88
2024,2906501,Candeias,29044058,2° ano do Ensino Fundamental,Municipal,Presente,Sim,791.44
2024,2910057,Dias d'Ávila,29064007,2° ano do Ensino Fundamental,Municipal,Presente,Não,670.77
2024,2910057,Dias d'Ávila,29064063,2° ano do Ensino Fundamental,Municipal,Presente,Não,683.24
2024,2910800,Feira de Santana,29071743,2° ano do Ensino Fundamental,Municipal,Presente,Não,673.4
2024,2915809,Itambé,29112192,2° ano do Ensino Fundamental,Municipal,Presente,Não,692.22
2024,2916708,Itaquara,29116129,2° ano do Ensino Fundamental,Municipal,Presente,Não,691.5
2024,3109907,Caetanópolis,31174186,2° ano do Ensino Fundamental,Municipal,Presente,Não,738.84
2024,3147956,Patis,31190034,2° ano do Ensino Fundamental,Estadual,Presente,Sim,820.71
2024,3157807,Santa Luzia,31016890,2° ano do Ensino Fundamental,Municipal,Presente,Sim,754.41
2024,3160702,Santos Dumont,31149842,2° ano do Ensino Fundamental,Estadual,Presente,Sim,805.73
2024,3170107,Uberaba,31091539,2° ano do Ensino Fundamental,Municipal,Presente,Sim,767.01
2024,3204500,Santa Leopoldina,32021986,2° ano do Ensino Fundamental,Municipal,Presente,Sim,793.49
2024,3508108,Buritama,35028568,2° ano do Ensino Fundamental,Municipal,Presente,Não,686.0697571
2024,3516200,Franca,35064027,2° ano do Ensino Fundamental,Municipal,Presente,Sim,755.3894478
2024,3549904,São José dos Campos,35190745,2° ano do Ensino Fundamental,Municipal,Presente,Não,705.5895041
2024,3550100,São Manuel,35031781,2° ano do Ensino Fundamental,Municipal,Presente,Sim,821.514298
2024,3550308,São Paulo,35440074,2° ano do Ensino Fundamental,Estadual,Presente,Não,651.4281887
2024,3551009,São Vicente,35202878,2° ano do Ensino Fundamental,Municipal,Presente,Sim,778.2353432
2024,3551504,Serrana,35160937,2° ano do Ensino Fundamental,Municipal,Presente,Sim,746.7885959
2024,3552205,Sorocaba,35211152,2° ano do Ensino Fundamental,Municipal,Presente,Não,718.4198537
2024,4114302,Mandirituba,41132085,2° ano do Ensino Fundamental,Municipal,Presente,Sim,775.15
2024,5103007,Chapada dos Guimarães,51035642,2° ano do Ensino Fundamental,Municipal,Presente,Não,714.85
2024,1100700,Campo Novo de Rondônia,11020511,2° ano do Ensino Fundamental,Municipal,Presente,Não,701.71
2024,1501709,Bragança,15017945,2° ano do Ensino Fundamental,Municipal,Presente,Sim,796.11
2024,1508308,Viseu,15086756,2° ano do Ensino Fundamental,Municipal,Presente,Não,704.65
2024,2104800,Grajaú,21050503,2° ano do Ensino Fundamental,Municipal,Presente,Sim,756.58
2024,2107456,Olinda Nova do Maranhão,21057645,2° ano do Ensino Fundamental,Municipal,Presente,Não,718.06
2024,2202075,Cajazeiras do Piauí,22018026,2° ano do Ensino Fundamental,Municipal,Presente,Sim,791.15
2024,2210607,São Raimundo Nonato,22024358,2° ano do Ensino Fundamental,Municipal,Presente,Sim,821.55
2024,2301703,Aurora,23048921,2° ano do Ensino Fundamental,Municipal,Presente,Sim,763.61
2024,2301901,Barbalha,23062963,2° ano do Ensino Fundamental,Municipal,Presente,Sim,816.12
2024,2304400,Fortaleza,23079670,2° ano do Ensino Fundamental,Municipal,Presente,Sim,777.43
2024,2306306,Itapagé,23049925,2° ano do Ensino Fundamental,Municipal,Presente,Sim,848.05
2024,2306603,Itatira,23003722,2° ano do Ensino Fundamental,Municipal,Presente,Sim,858.77
2024,2307403,Jucás,23067431,2° ano do Ensino Fundamental,Municipal,Presente,Sim,843.98
2024,2309607,Pacajus,23063951,2° ano do Ensino Fundamental,Municipal,Presente,Sim,794.05
2024,2310001,Palhano,23040950,2° ano do Ensino Fundamental,Municipal,Presente,Sim,801.51
2024,2509305,Mataraca,25011285,2° ano do Ensino Fundamental,Municipal,Presente,Não,742.6
2024,2610707,Paulista,26032385,2° ano do Ensino Fundamental,Municipal,Presente,Não,663.43
2024,2611606,Recife,26049873,2° ano do Ensino Fundamental,Municipal,Presente,Não,630.42
2024,2616308,Vicência,26021910,2° ano do Ensino Fundamental,Municipal,Presente,Sim,773.6
2024,2806701,São Cristóvão,28013554,2° ano do Ensino Fundamental,Municipal,Presente,Sim,761.27
2024,2903201,Barreiras,29016343,2° ano do Ensino Fundamental,Municipal,Presente,Sim,749.29
2024,2904605,Brumado,29026096,2° ano do Ensino Fundamental,Municipal,Presente,Não,681.34
2024,2905206,Caetité,29030401,2° ano do Ensino Fundamental,Municipal,Presente,Não,734.77
2024,2919207,Lauro de Freitas,29137449,2° ano do Ensino Fundamental,Municipal,Presente,Não,689.72
2024,2925303,Porto Seguro,29180613,2° ano do Ensino Fundamental,Municipal,Presente,Não,723.34
2024,2927408,Salvador,29207137,2° ano do Ensino Fundamental,Municipal,Presente,Não,710.19
2024,2928406,Santa Rita de Cássia,29224970,2° ano do Ensino Fundamental,Municipal,Presente,Não,672.92
2024,2928901,São Desidério,29230594,2° ano do Ensino Fundamental,Municipal,Presente,Não,711.55
2024,2933307,Vitória da Conquista,29264912,2° ano do Ensino Fundamental,Municipal,Presente,Sim,760.55
2024,3119401,Coronel Fabriciano,31025770,2° ano do Ensino Fundamental,Municipal,Presente,Sim,754.61
2024,3134608,Jaboticatubas,31173192,2° ano do Ensino Fundamental,Municipal,Presente,Não,740.86
2024,3148004,Patos de Minas,31197725,2° ano do Ensino Fundamental,Estadual,Presente,Sim,747.65
2024,3200607,Aracruz,32046002,2° ano do Ensino Fundamental,Municipal,Presente,Sim,747.76
2024,3203106,Jerônimo Monteiro,32038785,2° ano do Ensino Fundamental,Municipal,Presente,Sim,764.77
2024,3204906,São Mateus,32029192,2° ano do Ensino Fundamental,Municipal,Presente,Sim,753.5
2024,3518404,Guaratinguetá,35068524,2° ano do Ensino Fundamental,Municipal,Presente,Sim,821.514298
2024,3529401,Mauá,35290612,2° ano do Ensino Fundamental,Estadual,Presente,Sim,747.6179067
2024,3529401,Mauá,35292363,2° ano do Ensino Fundamental,Estadual,Presente,Sim,821.514298
2024,3538709,Piracicaba,35135829,2° ano do Ensino Fundamental,Municipal,Presente,Sim,767.4745456
2024,3541604,Promissão,35117310,2° ano do Ensino Fundamental,Municipal,Presente,Sim,763.1131975
2024,5006309,Paranaíba,50033027,2° ano do Ensino Fundamental,Municipal,Presente,Sim,788.02
2024,5105622,Mirassol d'Oeste,51005988,2° ano do Ensino Fundamental,Municipal,Presente,Sim,823.59
2024,5107925,Sorriso,51031056,2° ano do Ensino Fundamental,Municipal,Presente,Sim,766.28
2024,5108402,Várzea Grande,51044347,2° ano do Ensino Fundamental,Municipal,Presente,Sim,799.24
2024,1508308,Viseu,15086763,2° ano do Ensino Fundamental,Municipal,Presente,Não,733.75
2024,2111300,São Luís,21008016,2° ano do Ensino Fundamental,Municipal,Presente,Sim,762.99
2024,2201176,Barra D'Alcântara,22017275,2° ano do Ensino Fundamental,Municipal,Presente,Sim,822.47
2024,2303303,Cariús,23083765,2° ano do Ensino Fundamental,Municipal,Presente,Sim,754.2
2024,2305902,Ipueiras,23038584,2° ano do Ensino Fundamental,Municipal,Presente,Sim,787.39
2024,2306405,Itapipoca,23022599,2° ano do Ensino Fundamental,Municipal,Presente,Sim,781.89
2024,2307650,Maracanaú,23060840,2° ano do Ensino Fundamental,Municipal,Presente,Sim,836.28
2024,2307650,Maracanaú,23036811,2° ano do Ensino Fundamental,Municipal,Presente,Sim,797.58
2024,2308500,Mombaça,23040941,2° ano do Ensino Fundamental,Municipal,Presente,Sim,805.63
2024,2313500,Trairi,23021174,2° ano do Ensino Fundamental,Municipal,Presente,Sim,877.13
2024,2313906,Uruoca,23004515,2° ano do Ensino Fundamental,Municipal,Presente,Sim,816.69
2024,2605202,Escada,26015404,2° ano do Ensino Fundamental,Municipal,Presente,Não,738.33
2024,2609006,Macaparana,26020342,2° ano do Ensino Fundamental,Municipal,Presente,Sim,792.26
2024,2610707,Paulista,26032597,2° ano do Ensino Fundamental,Municipal,Presente,Não,714.52
2024,2615607,Trindade,26063018,2° ano do Ensino Fundamental,Municipal,Presente,Não,703.28
2024,2702900,Girau do Ponciano,27009995,2° ano do Ensino Fundamental,Municipal,Presente,Não,741.49
2024,2800407,Arauá,28001539,2° ano do Ensino Fundamental,Municipal,Presente,Sim,781.19
2024,2900702,Alagoinhas,29001903,2° ano do Ensino Fundamental,Municipal,Presente,Não,681.71
2024,2905404,Cairu,29031594,2° ano do Ensino Fundamental,Municipal,Presente,Não,697.38
2024,2910727,Eunápolis,29068234,2° ano do Ensino Fundamental,Municipal,Presente,Sim,792.49
2024,2911709,Guanambi,29086396,2° ano do Ensino Fundamental,Municipal,Presente,Não,672.78
2024,2911808,Guaratinga,29086842,2° ano do Ensino Fundamental,Municipal,Presente,Não,696.01
2024,2914406,Iraquara,29100657,2° ano do Ensino Fundamental,Municipal,Presente,Não,690.63
2024,2914802,Itabuna,29105338,2° ano do Ensino Fundamental,Municipal,Presente,Sim,772.13
2024,2923803,Paripiranga,29166671,2° ano do Ensino Fundamental,Municipal,Presente,Sim,769.97
2024,2927408,Salvador,29206018,2° ano do Ensino Fundamental,Municipal,Presente,Não,654.68
2024,2931053,Tanque Novo,29248063,2° ano do Ensino Fundamental,Municipal,Presente,Não,723.47
2024,2933307,Vitória da Conquista,29262049,2° ano do Ensino Fundamental,Municipal,Presente,Sim,768.26
2024,3110103,Caiana,31038346,2° ano do Ensino Fundamental,Municipal,Presente,Sim,794.63
2024,3138104,Lassance,31158811,2° ano do Ensino Fundamental,Municipal,Presente,Sim,767.0
2024,3143302,Montes Claros,31108153,2° ano do Ensino Fundamental,Estadual,Presente,Sim,794.47
2024,3202801,Itapemirim,32046769,2° ano do Ensino Fundamental,Municipal,Presente,Não,706.22
2024,3304557,Rio de Janeiro,33105311,2° ano do Ensino Fundamental,Municipal,Presente,Não,658.75
2024,3502705,Apiaí,35007827,2° ano do Ensino Fundamental,Estadual,Presente,Sim,759.4815938
2024,3518800,Guarulhos,35271484,2° ano do Ensino Fundamental,Estadual,Presente,Não,730.8145126
2024,3523602,Itirapina,35171262,2° ano do Ensino Fundamental,Municipal,Presente,Sim,821.514298
2024,3542305,Redenção da Serra,35224289,2° ano do Ensino Fundamental,Municipal,Presente,Sim,806.3990448
2024,3547502,Santa Rita do Passa Quatro,35143285,2° ano do Ensino Fundamental,Municipal,Presente,Sim,743.6597765
2024,5101407,Aripuanã,51011032,2° ano do Ensino Fundamental,Municipal,Presente,Sim,787.86
2024,5107107,São José dos Quatro Marcos,51006408,2° ano do Ensino Fundamental,Municipal,Presente,Sim,815.13
2024,5200258,Águas Lindas de Goiás,52068803,2° ano do Ensino Fundamental,Municipal,Presente,Não,676.12
2024,5201108,Anápolis,52011359,2° ano do Ensino Fundamental,Municipal,Presente,Sim,759.66
2024,5210901,Itapaci,52060835,2° ano do Ensino Fundamental,Municipal,Presente,Sim,769.16
2024,1100023,Ariquemes,11000722,2° ano do Ensino Fundamental,Municipal,Presente,Sim,745.86
2024,2304400,Fortaleza,23078957,2° ano do Ensino Fundamental,Municipal,Presente,Sim,808.05
2024,2306108,Irauçuba,23069197,2° ano do Ensino Fundamental,Municipal,Presente,Sim,817.04
2024,2309805,Pacoti,23072201,2° ano do Ensino Fundamental,Municipal,Presente,Sim,843.12
2024,2311801,Russas,23068422,2° ano do Ensino Fundamental,Municipal,Presente,Sim,799.65
2024,2611101,Petrolina,26071030,2° ano do Ensino Fundamental,Municipal,Presente,Sim,759.86
2024,2611606,Recife,26044127,2° ano do Ensino Fundamental,Municipal,Presente,Não,733.25
2024,2613701,São Lourenço da Mata,26043256,2° ano do Ensino Fundamental,Municipal,Presente,Não,627.43
2024,2700706,Batalha,27032287,2° ano do Ensino Fundamental,Municipal,Presente,Não,737.37
2024,2702207,Coqueiro Seco,27007547,2° ano do Ensino Fundamental,Municipal,Presente,Não,724.42
2024,2706703,Penedo,27033160,2° ano do Ensino Fundamental,Municipal,Presente,Não,740.15
2024,2802403,Gararu,28002025,2° ano do Ensino Fundamental,Municipal,Presente,Sim,794.47
2024,2804201,Monte Alegre de Sergipe,28008979,2° ano do Ensino Fundamental,Municipal,Presente,Sim,764.22
2024,2912004,Ibiassucê,29087763,2° ano do Ensino Fundamental,Municipal,Presente,Não,733.59
2024,2917201,Ituaçu,29118175,2° ano do Ensino Fundamental,Municipal,Presente,Sim,758.27
2024,2918001,Jequié,29124072,2° ano do Ensino Fundamental,Municipal,Presente,Não,734.24
2024,2918407,Juazeiro,29129831,2° ano do Ensino Fundamental,Municipal,Presente,Não,698.07
2024,2923308,Ouriçangas,29164158,2° ano do Ensino Fundamental,Municipal,Presente,Sim,813.25
2024,2926608,Ribeira do Pombal,29188512,2° ano do Ensino Fundamental,Municipal,Presente,Não,721.64
2024,3144508,Nazareno,31129779,2° ano do Ensino Fundamental,Municipal,Presente,Sim,763.07
2024,3167202,Sete Lagoas,31140965,2° ano do Ensino Fundamental,Municipal,Presente,Não,739.21
2024,3168002,Taiobeiras,31127694,2° ano do Ensino Fundamental,Municipal,Presente,Sim,759.38
2024,3530201,Mirante do Paranapanema,35121805,2° ano do Ensino Fundamental,Municipal,Presente,Sim,821.514298
2024,4101655,Arapuã,41091289,2° ano do Ensino Fundamental,Municipal,Presente,Sim,779.08
2024,4124400,Santo Antônio do Sudoeste,41082090,2° ano do Ensino Fundamental,Municipal,Presente,Sim,754.5
2024,4304853,Carlos Gomes,43107754,2° ano do Ensino Fundamental,Municipal,Presente,Sim,743.4415493
2024,5006606,Ponta Porã,50035368,2° ano do Ensino Fundamental,Municipal,Presente,Não,646.39
2024,5008305,Três Lagoas,50037771,2° ano do Ensino Fundamental,Municipal,Presente,Sim,766.24
2024,5103379,Cotriguaçu,51012090,2° ano do Ensino Fundamental,Municipal,Presente,Não,645.8
2024,5213087,Minaçu,52060238,2° ano do Ensino Fundamental,Municipal,Presente,Sim,785.91
2024,5220454,Senador Canedo,52021773,2° ano do Ensino Fundamental,Municipal,Presente,Sim,770.46
2024,5300108,Brasília,53000260,2° ano do Ensino Fundamental,Estadual,Presente,Sim,770.07
2024,2112704,Vargem Grande,21014055,2° ano do Ensino Fundamental,Municipal,Presente,Sim,829.2
2024,2303709,Caucaia,23066477,2° ano do Ensino Fundamental,Municipal,Presente,Sim,754.86
2024,2303709,Caucaia,23070036,2° ano do Ensino Fundamental,Municipal,Presente,Sim,823.07
2024,2304400,Fortaleza,23079041,2° ano do Ensino Fundamental,Municipal,Presente,Não,696.98
2024,2306207,Itaiçaba,23051549,2° ano do Ensino Fundamental,Municipal,Presente,Sim,819.98
2024,2311603,Redenção,23077796,2° ano do Ensino Fundamental,Municipal,Presente,Sim,814.86
2024,2602605,Brejo da Madre de Deus,26001382,2° ano do Ensino Fundamental,Municipal,Presente,Sim,779.38
2024,2604106,Caruaru,26003187,2° ano do Ensino Fundamental,Municipal,Presente,Não,666.74
2024,2605202,Escada,26015405,2° ano do Ensino Fundamental,Municipal,Presente,Não,735.68
2024,2611101,Petrolina,26073288,2° ano do Ensino Fundamental,Municipal,Presente,Sim,774.56
2024,2705101,Matriz de Camaragibe,27019866,2° ano do Ensino Fundamental,Municipal,Presente,Não,741.11
2024,2705200,Messias,27020075,2° ano do Ensino Fundamental,Municipal,Presente,Não,724.78
2024,2905206,Caetité,29030529,2° ano do Ensino Fundamental,Municipal,Presente,Não,640.66
2024,2917607,Jaguaquara,29121785,2° ano do Ensino Fundamental,Municipal,Presente,Não,723.83
2024,2922003,Mucuri,29156906,2° ano do Ensino Fundamental,Municipal,Presente,Não,737.37
2024,2926004,Remanso,29184993,2° ano do Ensino Fundamental,Municipal,Presente,Não,732.83
2024,2927408,Salvador,29198297,2° ano do Ensino Fundamental,Municipal,Presente,Sim,755.92
2024,2927408,Salvador,29193960,2° ano do Ensino Fundamental,Municipal,Presente,Sim,779.4
2024,3136306,João Pinheiro,31053658,2° ano do Ensino Fundamental,Municipal,Presente,Não,741.69
2024,3145455,Olhos-d'Água,31068678,2° ano do Ensino Fundamental,Municipal,Presente,Sim,789.46
2024,3152131,Ponto Chique,31031406,2° ano do Ensino Fundamental,Municipal,Presente,Sim,787.26
2024,3154606,Ribeirão das Neves,31083418,2° ano do Ensino Fundamental,Municipal,Presente,Não,663.54
2024,3170057,Ubaporanga,31057194,2° ano do Ensino Fundamental,Municipal,Presente,Não,734.97
2024,3205002,Serra,32000106,2° ano do Ensino Fundamental,Estadual,Presente,Sim,757.44
2024,3304706,Santo Antônio de Pádua,33050906,2° ano do Ensino Fundamental,Municipal,Presente,Não,648.78
2024,3304904,São Gonçalo,33080078,2° ano do Ensino Fundamental,Municipal,Presente,Não,676.21
2024,3513801,Diadema,35258466,2° ano do Ensino Fundamental,Estadual,Presente,Sim,806.3990448
2024,3522406,Itapeva,35076080,2° ano do Ensino Fundamental,Municipal,Presente,Sim,776.4217409
2024,3523107,Itaquaquecetuba,35287980,2° ano do Ensino Fundamental,Municipal,Presente,Sim,821.514298
2024,3547650,Santa Salete,35093773,2° ano do Ensino Fundamental,Estadual,Presente,Sim,821.514298
2024,4119301,Pinhão,41056217,2° ano do Ensino Fundamental,Municipal,Presente,Não,645.14
2024,4119905,Ponta Grossa,41102687,2° ano do Ensino Fundamental,Municipal,Presente,Sim,795.85
2024,1100098,Espigão D'Oeste,11020757,2° ano do Ensino Fundamental,Estadual,Presente,Sim,770.32
2024,1200393,Porto Walter,12004517,2° ano do Ensino Fundamental,Municipal,Presente,Não,673.49
2024,1504802,Monte Alegre,15048808,2° ano do Ensino Fundamental,Municipal,Presente,Sim,763.18
2024,2202091,Caldeirão Grande do Piauí,22026785,2° ano do Ensino Fundamental,Municipal,Presente,Sim,822.47
2024,2209005,Rio Grande do Piauí,22021463,2° ano do Ensino Fundamental,Municipal,Presente,Sim,754.07
2024,2304400,Fortaleza,23001629,2° ano do Ensino Fundamental,Municipal,Presente,Sim,791.4
2024,2304400,Fortaleza,23064720,2° ano do Ensino Fundamental,Municipal,Presente,Sim,804.45
2024,2307908,Martinópole,23023924,2° ano do Ensino Fundamental,Municipal,Presente,Sim,854.58
2024,2309607,Pacajus,23052877,2° ano do Ensino Fundamental,Municipal,Presente,Sim,826.5
2024,2408003,Mossoró,24011153,2° ano do Ensino Fundamental,Municipal,Presente,Sim,791.96
2024,2612208,Salgueiro,26055398,2° ano do Ensino Fundamental,Municipal,Presente,Sim,780.94
2024,2613503,São José do Belmonte,26055851,2° ano do Ensino Fundamental,Municipal,Presente,Sim,792.46
2024,2614709,Tacaimbó,26007073,2° ano do Ensino Fundamental,Municipal,Presente,Sim,750.04
2024,2616407,Vitória de Santo Antão,26017128,2° ano do Ensino Fundamental,Municipal,Presente,Não,672.72
2024,2701001,Boca da Mata,27005302,2° ano do Ensino Fundamental,Municipal,Presente,Sim,761.03
2024,2707909,Santa Luzia do Norte,27033333,2° ano do Ensino Fundamental,Municipal,Presente,Não,631.83
2024,2905008,Caculé,29029563,2° ano do Ensino Fundamental,Municipal,Presente,Não,742.02
2024,2905602,Camacan,29032646,2° ano do Ensino Fundamental,Municipal,Presente,Não,707.24
2024,2907202,Casa Nova,29049262,2° ano do Ensino Fundamental,Municipal,Presente,Não,643.56
2024,2910503,Entre Rios,29065929,2° ano do Ensino Fundamental,Municipal,Presente,Não,660.51
2024,2918001,Jequié,29125262,2° ano do Ensino Fundamental,Municipal,Presente,Não,673.09
2024,2923704,Paratinga,29165946,2° ano do Ensino Fundamental,Municipal,Presente,Não,724.29
2024,2925006,Planalto,29173774,2° ano do Ensino Fundamental,Municipal,Presente,Sim,754.16
2024,2927408,Salvador,29945957,2° ano do Ensino Fundamental,Municipal,Presente,Sim,772.13
2024,2927408,Salvador,29213182,2° ano do Ensino Fundamental,Municipal,Presente,Sim,804.33
2024,3117801,Conceição dos Ouros,31016645,2° ano do Ensino Fundamental,Municipal,Presente,Sim,764.95
2024,3118304,Conselheiro Lafaiete,31151756,2° ano do Ensino Fundamental,Municipal,Presente,Sim,779.38
2024,3130903,Inhapim,31160767,2° ano do Ensino Fundamental,Municipal,Presente,Sim,810.15
2024,3157708,Santa Juliana,31097340,2° ano do Ensino Fundamental,Municipal,Presente,Sim,802.14
2024,3302700,Maricá,33047831,2° ano do Ensino Fundamental,Municipal,Presente,Sim,760.47
2024,3509007,Caieiras,35239615,2° ano do Ensino Fundamental,Municipal,Presente,Não,739.7107798
2024,3510401,Capivari,35050026,2° ano do Ensino Fundamental,Municipal,Presente,Não,641.0919454
2024,3514304,Dourado,35170778,2° ano do Ensino Fundamental,Municipal,Presente,Sim,806.3990448
2024,3516705,Garça,35117867,2° ano do Ensino Fundamental,Municipal,Presente,Sim,748.412691
2024,3550308,São Paulo,35407185,2° ano do Ensino Fundamental,Municipal,Presente,Sim,765.1643358
2024,3555000,Tupã,35228258,2° ano do Ensino Fundamental,Estadual,Presente,Não,734.9495589
2024,4309100,Gramado,43084638,2° ano do Ensino Fundamental,Municipal,Presente,Não,700.0191899
2024,5006309,Paranaíba,50033153,2° ano do Ensino Fundamental,Municipal,Presente,Não,652.17
2024,2105401,Itapecuru Mirim,21066789,2° ano do Ensino Fundamental,Municipal,Presente,Sim,756.0
2024,2200301,Alto Longá,22028465,2° ano do Ensino Fundamental,Municipal,Presente,Não,724.8
2024,2201200,Barras,22003592,2° ano do Ensino Fundamental,Municipal,Presente,Não,702.73
2024,2203453,Dom Inocêncio,22023899,2° ano do Ensino Fundamental,Municipal,Presente,Sim,803.78
2024,2205953,Marcolândia,22026908,2° ano do Ensino Fundamental,Municipal,Presente,Sim,806.79
2024,2300754,Amontada,23056840,2° ano do Ensino Fundamental,Municipal,Presente,Sim,847.87
2024,2301703,Aurora,23085314,2° ano do Ensino Fundamental,Municipal,Presente,Sim,777.59
2024,2305605,Independência,23013605,2° ano do Ensino Fundamental,Municipal,Presente,Sim,807.9
2024,2307304,Juazeiro do Norte,23049702,2° ano do Ensino Fundamental,Municipal,Presente,Sim,780.24
2024,2308906,Morrinhos,23002181,2° ano do Ensino Fundamental,Municipal,Presente,Sim,819.5
2024,2505279,Curral de Cima,25010196,2° ano do Ensino Fundamental,Municipal,Presente,Sim,784.23
2024,2600500,Águas Belas,26008141,2° ano do Ensino Fundamental,Municipal,Presente,Não,710.1
2024,2606002,Garanhuns,26010615,2° ano do Ensino Fundamental,Municipal,Presente,Sim,779.72
2024,2612406,Sanharó,26066568,2° ano do Ensino Fundamental,Municipal,Presente,Sim,802.44
2024,2903201,Barreiras,29016529,2° ano do Ensino Fundamental,Municipal,Presente,Não,722.27
2024,2903201,Barreiras,29015799,2° ano do Ensino Fundamental,Municipal,Presente,Sim,760.95
2024,2904605,Brumado,29026744,2° ano do Ensino Fundamental,Municipal,Presente,Sim,761.92
2024,2913804,Ipecaetá,29097939,2° ano do Ensino Fundamental,Municipal,Presente,Não,713.62
2024,2916807,Itarantim,29116557,2° ano do Ensino Fundamental,Municipal,Presente,Sim,765.27
2024,2926301,Riachão do Jacuípe,29186680,2° ano do Ensino Fundamental,Municipal,Presente,Não,737.49
2024,2927002,Rio Real,29190255,2° ano do Ensino Fundamental,Municipal,Presente,Não,732.59
2024,2927408,Salvador,29219760,2° ano do Ensino Fundamental,Municipal,Presente,Não,683.69
2024,2929909,Seabra,29237210,2° ano do Ensino Fundamental,Municipal,Presente,Não,693.75
2024,3106200,Belo Horizonte,31021552,2° ano do Ensino Fundamental,Municipal,Presente,Sim,762.6
2024,3165503,Sardoá,31168291,2° ano do Ensino Fundamental,Municipal,Presente,Sim,782.28
2024,3204104,Pinheiros,32032542,2° ano do Ensino Fundamental,Municipal,Presente,Sim,784.16
2024,3518701,Guarujá,35164113,2° ano do Ensino Fundamental,Estadual,Presente,Sim,821.514298
2024,3550308,São Paulo,35440095,2° ano do Ensino Fundamental,Estadual,Presente,Sim,796.360933
2024,3551702,Sertãozinho,35206354,2° ano do Ensino Fundamental,Municipal,Presente,Não,660.1704933
2024,3556206,Valinhos,35048190,2° ano do Ensino Fundamental,Municipal,Presente,Sim,786.1511403
2024,3556701,Vinhedo,35049467,2° ano do Ensino Fundamental,Municipal,Presente,Não,732.1381304
2024,4104808,Cascavel,41071642,2° ano do Ensino Fundamental,Municipal,Presente,Sim,754.38
2024,4312500,Mostardas,43051089,2° ano do Ensino Fundamental,Estadual,Presente,Sim,748.7983298
2024,4316436,Saldanha Marinho,43015684,2° ano do Ensino Fundamental,Municipal,Presente,Sim,757.3650143
2024,5001003,Aparecida do Taboado,50041177,2° ano do Ensino Fundamental,Municipal,Presente,Sim,794.25
2024,5006309,Paranaíba,50041197,2° ano do Ensino Fundamental,Municipal,Presente,Não,727.17
2024,5201702,Aragarças,52046002,2° ano do Ensino Fundamental,Municipal,Presente,Sim,764.54
2024,5300108,Brasília,53024853,2° ano do Ensino Fundamental,Estadual,Presente,Sim,770.19
2024,2201919,Bom Princípio do Piauí,22000001,2° ano do Ensino Fundamental,Municipal,Presente,Sim,849.35
2024,2303709,Caucaia,23074906,2° ano do Ensino Fundamental,Municipal,Presente,Sim,834.36
2024,2303808,Cedro,23041939,2° ano do Ensino Fundamental,Municipal,Presente,Sim,777.22
2024,2309300,Nova Russas,23050591,2° ano do Ensino Fundamental,Municipal,Presente,Sim,806.33
2024,2310209,Paracuru,23049258,2° ano do Ensino Fundamental,Municipal,Presente,Não,716.38
2024,2602902,Cabo de Santo Agostinho,26033605,2° ano do Ensino Fundamental,Municipal,Presente,Não,681.74
2024,2604106,Caruaru,26003073,2° ano do Ensino Fundamental,Municipal,Presente,Sim,750.01
2024,2611101,Petrolina,26069738,2° ano do Ensino Fundamental,Municipal,Presente,Sim,756.44
2024,2611606,Recife,26054209,2° ano do Ensino Fundamental,Municipal,Presente,Sim,745.41
2024,2703304,Inhapi,27010870,2° ano do Ensino Fundamental,Municipal,Presente,Sim,748.51
2024,2704005,Junqueiro,27011907,2° ano do Ensino Fundamental,Municipal,Presente,Sim,782.77
2024,2802908,Itabaiana,28004099,2° ano do Ensino Fundamental,Estadual,Presente,Não,734.69
2024,2803906,Malhador,28003603,2° ano do Ensino Fundamental,Municipal,Presente,Não,648.72
2024,2807105,Simão Dias,28014268,2° ano do Ensino Fundamental,Municipal,Presente,Não,697.37
2024,2906501,Candeias,29044411,2° ano do Ensino Fundamental,Municipal,Presente,Não,698.21
2024,2923001,Nova Viçosa,29162261,2° ano do Ensino Fundamental,Municipal,Presente,Sim,744.88
2024,2925105,Poções,29174290,2° ano do Ensino Fundamental,Municipal,Presente,Sim,791.54
2024,2927408,Salvador,29199776,2° ano do Ensino Fundamental,Municipal,Presente,Não,673.11
2024,2931350,Teixeira de Freitas,29251454,2° ano do Ensino Fundamental,Municipal,Presente,Sim,748.77
2024,3118304,Conselheiro Lafaiete,31048851,2° ano do Ensino Fundamental,Municipal,Presente,Sim,800.46
2024,3170404,Unaí,31151431,2° ano do Ensino Fundamental,Estadual,Presente,Sim,787.51
2024,3204906,São Mateus,32029851,2° ano do Ensino Fundamental,Municipal,Presente,Sim,869.82
2024,3503307,Araras,35139804,2° ano do Ensino Fundamental,Estadual,Presente,Sim,806.3990448
2024,3513405,Cruzeiro,35068045,2° ano do Ensino Fundamental,Municipal,Presente,Sim,806.3990448
2024,3523107,Itaquaquecetuba,35288432,2° ano do Ensino Fundamental,Municipal,Presente,Sim,752.6453917
2024,3529906,Miracatu,35121401,2° ano do Ensino Fundamental,Municipal,Presente,Não,674.3261481
2024,3538006,Pindamonhangaba,35132802,2° ano do Ensino Fundamental,Municipal,Presente,Sim,755.8309549
2024,3552205,Sorocaba,35207903,2° ano do Ensino Fundamental,Municipal,Presente,Não,736.6412755
2024,3554003,Tatuí,35074078,2° ano do Ensino Fundamental,Municipal,Presente,Não,725.2872272
2024,4119251,Pinhal de São Bento,41017955,2° ano do Ensino Fundamental,Municipal,Presente,Sim,763.29
2024,5204854,Campo Limpo de Goiás,52072692,2° ano do Ensino Fundamental,Municipal,Presente,Sim,770.57
2024,5210208,Iporá,52037939,2° ano do Ensino Fundamental,Municipal,Presente,Sim,832.21
2024,5215702,Palmeiras de Goiás,52045603,2° ano do Ensino Fundamental,Municipal,Presente,Sim,829.23
2024,1302900,Maués,13016699,2° ano do Ensino Fundamental,Estadual,Presente,Não,665.41
2024,1500206,Acará,15001710,2° ano do Ensino Fundamental,Municipal,Presente,Não,742.99
2024,2201200,Barras,22003549,2° ano do Ensino Fundamental,Municipal,Presente,Não,677.56
2024,2208403,Piripiri,22007170,2° ano do Ensino Fundamental,Municipal,Presente,Sim,747.51
2024,2208650,Queimada Nova,22028301,2° ano do Ensino Fundamental,Municipal,Presente,Sim,798.26
2024,2209955,São João da Varjota,22018651,2° ano do Ensino Fundamental,Municipal,Presente,Sim,768.63
2024,2301901,Barbalha,23035025,2° ano do Ensino Fundamental,Municipal,Presente,Sim,834.94
2024,2304004,Coreaú,23025685,2° ano do Ensino Fundamental,Municipal,Presente,Sim,854.88
2024,2304400,Fortaleza,23026254,2° ano do Ensino Fundamental,Municipal,Presente,Sim,812.74
2024,2304400,Fortaleza,23064707,2° ano do Ensino Fundamental,Municipal,Presente,Não,650.67
2024,2307254,Jijoca de Jericoacoara,23057412,2° ano do Ensino Fundamental,Municipal,Presente,Sim,832.34
2024,2307650,Maracanaú,23052770,2° ano do Ensino Fundamental,Municipal,Presente,Sim,788.31
2024,2509404,Mogeiro,25008670,2° ano do Ensino Fundamental,Municipal,Presente,Não,702.58
2024,2611606,Recife,26049874,2° ano do Ensino Fundamental,Municipal,Presente,Sim,776.39
2024,2800308,Aracaju,28018848,2° ano do Ensino Fundamental,Municipal,Presente,Não,736.56
2024,2902906,Barra do Choça,29014536,2° ano do Ensino Fundamental,Municipal,Presente,Não,680.3
2024,2903607,Biritinga,29021172,2° ano do Ensino Fundamental,Municipal,Presente,Não,727.87
2024,2903904,Bom Jesus da Lapa,29023514,2° ano do Ensino Fundamental,Municipal,Presente,Sim,764.7
2024,2907301,Castro Alves,29050897,2° ano do Ensino Fundamental,Municipal,Presente,Sim,791.44
2024,2916104,Itaparica,29112919,2° ano do Ensino Fundamental,Municipal,Presente,Sim,757.69
2024,2916401,Itapetinga,29114873,2° ano do Ensino Fundamental,Municipal,Presente,Não,652.01
2024,2918902,Lajedão,29939007,2° ano do Ensino Fundamental,Municipal,Presente,Não,704.71
2024,2927408,Salvador,29209927,2° ano do Ensino Fundamental,Municipal,Presente,Não,693.76
2024,2929008,São Félix,29232010,2° ano do Ensino Fundamental,Municipal,Presente,Não,696.36
2024,2932200,Ubaitaba,29255724,2° ano do Ensino Fundamental,Municipal,Presente,Não,738.41
2024,3116605,Cláudio,31051393,2° ano do Ensino Fundamental,Municipal,Presente,Sim,747.82
2024,3139300,Manga,31165981,2° ano do Ensino Fundamental,Municipal,Presente,Não,647.94
2024,3139409,Manhuaçu,31085206,2° ano do Ensino Fundamental,Estadual,Presente,Sim,783.0
2024,3201308,Cariacica,32021106,2° ano do Ensino Fundamental,Municipal,Presente,Não,742.3
2024,3304557,Rio de Janeiro,33123241,2° ano do Ensino Fundamental,Municipal,Presente,Sim,748.04
2024,3503307,Araras,35139818,2° ano do Ensino Fundamental,Estadual,Presente,Sim,821.514298
2024,3506003,Bauru,35023673,2° ano do Ensino Fundamental,Estadual,Presente,Não,703.8225757
2024,3510153,Canitar,35130077,2° ano do Ensino Fundamental,Municipal,Presente,Sim,786.1511403
2024,3519907,Iepê,35016132,2° ano do Ensino Fundamental,Municipal,Presente,Sim,753.6446247
2024,3543303,Ribeirão Pires,35293410,2° ano do Ensino Fundamental,Municipal,Presente,Sim,765.1643358
2024,4117503,Paiçandu,41005594,2° ano do Ensino Fundamental,Municipal,Presente,Não,688.95
2024,4306403,Dois Irmãos,43024134,2° ano do Ensino Fundamental,Municipal,Presente,Sim,795.6025223
2024,5106109,Nossa Senhora do Livramento,51042593,2° ano do Ensino Fundamental,Municipal,Presente,Sim,784.16
2024,5212600,Mairipotaba,52058165,2° ano do Ensino Fundamental,Municipal,Presente,Sim,778.48
2024,1702109,Araguaína,17007622,2° ano do Ensino Fundamental,Municipal,Presente,Não,722.15
2024,2108009,Pastos Bons,21052972,2° ano do Ensino Fundamental,Municipal,Presente,Sim,808.22
2024,2112308,Tuntum,21048674,2° ano do Ensino Fundamental,Municipal,Presente,Sim,778.98
2024,2114007,Zé Doca,21024378,2° ano do Ensino Fundamental,Municipal,Presente,Sim,763.14
2024,2205300,Jerumenha,22021204,2° ano do Ensino Fundamental,Municipal,Presente,Não,719.44
2024,2205508,José de Freitas,22029908,2° ano do Ensino Fundamental,Municipal,Presente,Não,710.7
2024,2302107,Baturité,23068464,2° ano do Ensino Fundamental,Municipal,Presente,Não,717.38
2024,2302602,Camocim,23072437,2° ano do Ensino Fundamental,Municipal,Presente,Sim,775.27
2024,2302800,Canindé,23003927,2° ano do Ensino Fundamental,Municipal,Presente,Sim,773.13
2024,2305233,Horizonte,23030912,2° ano do Ensino Fundamental,Municipal,Presente,Sim,831.47
2024,2306405,Itapipoca,23003351,2° ano do Ensino Fundamental,Municipal,Presente,Sim,771.5
2024,2306801,Jaguaribara,23024072,2° ano do Ensino Fundamental,Municipal,Presente,Sim,821.8
2024,2309201,Nova Olinda,23026223,2° ano do Ensino Fundamental,Municipal,Presente,Sim,831.38
2024,2309458,Ocara,23045504,2° ano do Ensino Fundamental,Municipal,Presente,Não,718.04
2024,2310209,Paracuru,23070128,2° ano do Ensino Fundamental,Municipal,Presente,Sim,806.36
2024,2314003,Várzea Alegre,23034811,2° ano do Ensino Fundamental,Municipal,Presente,Sim,836.87
2024,2314102,Viçosa do Ceará,23085559,2° ano do Ensino Fundamental,Municipal,Presente,Não,679.39
2024,2407302,Marcelino Vieira,24014050,2° ano do Ensino Fundamental,Municipal,Presente,Sim,774.64
2024,2500403,Alagoa Nova,25020838,2° ano do Ensino Fundamental,Municipal,Presente,Não,690.01
2024,2503506,Cacimba de Dentro,25018647,2° ano do Ensino Fundamental,Municipal,Presente,Não,711.18
2024,2604106,Caruaru,26004711,2° ano do Ensino Fundamental,Municipal,Presente,Sim,779.56
2024,2604304,Cedro,26054551,2° ano do Ensino Fundamental,Municipal,Presente,Não,670.98
2024,2609303,Mirandiba,26054658,2° ano do Ensino Fundamental,Municipal,Presente,Sim,792.36
2024,2611101,Petrolina,26080331,2° ano do Ensino Fundamental,Municipal,Presente,Sim,749.12
2024,2611804,Ribeirão,26024396,2° ano do Ensino Fundamental,Municipal,Presente,Sim,790.04
2024,2612208,Salgueiro,26055351,2° ano do Ensino Fundamental,Municipal,Presente,Sim,805.53
2024,2616001,Venturosa,26067154,2° ano do Ensino Fundamental,Municipal,Presente,Não,653.2
2024,2701209,Cacimbinhas,27005740,2° ano do Ensino Fundamental,Municipal,Presente,Não,672.52
2024,2701357,Campestre,27032329,2° ano do Ensino Fundamental,Municipal,Presente,Não,686.45
2024,2704302,Maceió,27000154,2° ano do Ensino Fundamental,Estadual,Presente,Sim,768.5
2024,2704609,Maravilha,27018516,2° ano do Ensino Fundamental,Municipal,Presente,Sim,744.19
2024,2707701,Rio Largo,27026682,2° ano do Ensino Fundamental,Municipal,Presente,Não,703.03
2024,2803401,Japoatã,28012371,2° ano do Ensino Fundamental,Municipal,Presente,Sim,758.87
2024,2805901,Riachuelo,28009715,2° ano do Ensino Fundamental,Municipal,Presente,Sim,745.11
2024,2902658,Banzaê,29012139,2° ano do Ensino Fundamental,Estadual,Presente,Sim,747.07
2024,2918407,Juazeiro,29128343,2° ano do Ensino Fundamental,Municipal,Presente,Sim,757.7
2024,2922201,Muniz Ferreira,29157867,2° ano do Ensino Fundamental,Municipal,Presente,Não,730.44
2024,2923902,Pau Brasil,29167014,2° ano do Ensino Fundamental,Municipal,Presente,Não,700.06
2024,2927200,Ruy Barbosa,29191366,2° ano do Ensino Fundamental,Municipal,Presente,Sim,753.13
2024,2927408,Salvador,29219295,2° ano do Ensino Fundamental,Municipal,Presente,Sim,744.39
2024,2933158,Várzea Nova,29260447,2° ano do Ensino Fundamental,Municipal,Presente,Não,700.24
2024,2933307,Vitória da Conquista,29265560,2° ano do Ensino Fundamental,Municipal,Presente,Sim,750.88
2024,3106705,Betim,31097395,2° ano do Ensino Fundamental,Municipal,Presente,Sim,761.17
2024,3126505,Francisco Badaró,31066156,2° ano do Ensino Fundamental,Estadual,Presente,Sim,757.56
2024,3509254,Cajati,35152641,2° ano do Ensino Fundamental,Municipal,Presente,Sim,806.3990448
2024,3516200,Franca,35064778,2° ano do Ensino Fundamental,Municipal,Presente,Sim,780.5060082
2024,3534302,Orlândia,35179482,2° ano do Ensino Fundamental,Municipal,Presente,Sim,821.514298
2024,3543402,Ribeirão Preto,35159319,2° ano do Ensino Fundamental,Estadual,Presente,Sim,821.514298
2024,3550308,São Paulo,35435648,2° ano do Ensino Fundamental,Estadual,Presente,Sim,778.2353432
2024,3550308,São Paulo,35440291,2° ano do Ensino Fundamental,Estadual,Presente,Sim,821.514298
2024,3552700,Tabatinga,35222377,2° ano do Ensino Fundamental,Municipal,Presente,Sim,755.4481246
2024,4319901,Sapiranga,43091183,2° ano do Ensino Fundamental,Estadual,Presente,Não,698.9949196
2024,5002704,Campo Grande,50004352,2° ano do Ensino Fundamental,Municipal,Presente,Não,617.99
2024,5208004,Formosa,52026083,2° ano do Ensino Fundamental,Municipal,Presente,Não,663.97
2024,1100106,Guajará-Mirim,11004436,2° ano do Ensino Fundamental,Municipal,Presente,Sim,774.21
2024,1100288,Rolim de Moura,11015875,2° ano do Ensino Fundamental,Municipal,Presente,Sim,782.32
2024,1101203,Ministro Andreazza,11002877,2° ano do Ensino Fundamental,Municipal,Presente,Sim,749.48
2024,1501402,Belém,15096684,2° ano do Ensino Fundamental,Estadual,Presente,Sim,761.18
2024,1503077,Garrafão do Norte,15031997,2° ano do Ensino Fundamental,Municipal,Presente,Não,739.24
2024,2112605,Urbano Santos,21013544,2° ano do Ensino Fundamental,Municipal,Presente,Sim,774.42
2024,2206001,Marcos Parente,22021273,2° ano do Ensino Fundamental,Municipal,Presente,Sim,791.35
2024,2206803,Nossa Senhora dos Remédios,22005292,2° ano do Ensino Fundamental,Municipal,Presente,Não,719.45
2024,2210706,Simões,22027380,2° ano do Ensino Fundamental,Municipal,Presente,Não,711.1
2024,2300200,Acaraú,23028001,2° ano do Ensino Fundamental,Municipal,Presente,Sim,864.42
2024,2302008,Barro,23051906,2° ano do Ensino Fundamental,Municipal,Presente,Não,735.25
2024,2304004,Coreaú,23085687,2° ano do Ensino Fundamental,Municipal,Presente,Sim,896.1
2024,2304400,Fortaleza,23039508,2° ano do Ensino Fundamental,Municipal,Presente,Não,710.48
2024,2308351,Milhã,23008120,2° ano do Ensino Fundamental,Municipal,Presente,Sim,776.59
2024,2612208,Salgueiro,26055333,2° ano do Ensino Fundamental,Municipal,Presente,Não,677.04
2024,2903706,Boa Nova,29930552,2° ano do Ensino Fundamental,Municipal,Presente,Sim,774.56
2024,2905701,Camaçari,29038231,2° ano do Ensino Fundamental,Municipal,Presente,Sim,785.93
2024,2915601,Itamaraju,29111164,2° ano do Ensino Fundamental,Municipal,Presente,Sim,751.69
2024,2918001,Jequié,29125325,2° ano do Ensino Fundamental,Municipal,Presente,Não,672.53
2024,2927408,Salvador,29194652,2° ano do Ensino Fundamental,Municipal,Presente,Sim,764.57
2024,2929008,São Félix,29232101,2° ano do Ensino Fundamental,Municipal,Presente,Não,717.61
2024,2930501,Serrinha,29242756,2° ano do Ensino Fundamental,Municipal,Presente,Não,729.87
2024,2930709,Simões Filho,29245309,2° ano do Ensino Fundamental,Municipal,Presente,Sim,785.93
2024,3116605,Cláudio,31049225,2° ano do Ensino Fundamental,Municipal,Presente,Não,667.58
2024,3142601,Monsenhor Paulo,31005893,2° ano do Ensino Fundamental,Municipal,Presente,Sim,762.37
2024,3156908,Sacramento,31037571,2° ano do Ensino Fundamental,Municipal,Presente,Sim,769.37
2024,3505500,Barretos,35020245,2° ano do Ensino Fundamental,Municipal,Presente,Não,732.8548946
2024,3505500,Barretos,35019572,2° ano do Ensino Fundamental,Municipal,Presente,Sim,755.4481246
2024,3510609,Carapicuíba,35247927,2° ano do Ensino Fundamental,Estadual,Presente,Sim,773.5256568
2024,3523107,Itaquaquecetuba,35287648,2° ano do Ensino Fundamental,Municipal,Presente,Sim,765.474861
2024,3526704,Leme,35141725,2° ano do Ensino Fundamental,Municipal,Presente,Sim,772.9357392
2024,4106605,Cruzeiro do Oeste,41041169,2° ano do Ensino Fundamental,Municipal,Presente,Sim,745.16
2024,5006606,Ponta Porã,50035570,2° ano do Ensino Fundamental,Municipal,Presente,Sim,757.79
2024,5007802,Selvíria,50041231,2° ano do Ensino Fundamental,Municipal,Presente,Sim,808.87
2024,5107065,Querência,51003948,2° ano do Ensino Fundamental,Municipal,Presente,Não,732.59
2024,5221601,Uruaçu,52054532,2° ano do Ensino Fundamental,Municipal,Presente,Não,737.17
2024,1100288,Rolim de Moura,11016252,2° ano do Ensino Fundamental,Municipal,Presente,Sim,757.08
2024,1302702,Manicoré,13015943,2° ano do Ensino Fundamental,Municipal,Presente,Sim,774.5
2024,1303908,São Paulo de Olivença,13022851,2° ano do Ensino Fundamental,Municipal,Presente,Não,740.81
2024,1600303,Macapá,16001898,2° ano do Ensino Fundamental,Municipal,Presente,Sim,810.98
2024,2207777,Patos do Piauí,22028017,2° ano do Ensino Fundamental,Municipal,Presente,Não,700.88
2024,2209104,Santa Cruz do Piauí,22020063,2° ano do Ensino Fundamental,Municipal,Presente,Sim,821.55
2024,2300754,Amontada,23013552,2° ano do Ensino Fundamental,Municipal,Presente,Sim,824.17
2024,2301901,Barbalha,23002789,2° ano do Ensino Fundamental,Municipal,Presente,Sim,814.33
2024,2307304,Juazeiro do Norte,23001739,2° ano do Ensino Fundamental,Municipal,Presente,Sim,765.73
2024,2307650,Maracanaú,23010359,2° ano do Ensino Fundamental,Municipal,Presente,Sim,793.38
2024,2307700,Maranguape,23075146,2° ano do Ensino Fundamental,Municipal,Presente,Sim,766.9
2024,2307809,Marco,23058694,2° ano do Ensino Fundamental,Municipal,Presente,Sim,798.67
2024,2312403,São Gonçalo do Amarante,23075260,2° ano do Ensino Fundamental,Municipal,Presente,Sim,748.34
2024,2408003,Mossoró,24010985,2° ano do Ensino Fundamental,Municipal,Presente,Não,725.86
2024,2603801,Capoeiras,26009876,2° ano do Ensino Fundamental,Municipal,Presente,Sim,776.83
2024,2608453,Lagoa do Carro,26020058,2° ano do Ensino Fundamental,Municipal,Presente,Sim,749.67
2024,2609600,Olinda,26030593,2° ano do Ensino Fundamental,Municipal,Presente,Não,712.73
2024,2611101,Petrolina,26070696,2° ano do Ensino Fundamental,Municipal,Presente,Sim,807.95
2024,2708402,São José da Tapera,27028007,2° ano do Ensino Fundamental,Municipal,Presente,Não,696.39
2024,2901908,Aporá,29008523,2° ano do Ensino Fundamental,Municipal,Presente,Não,695.93
2024,2902906,Barra do Choça,29014529,2° ano do Ensino Fundamental,Municipal,Presente,Não,736.6
2024,2903201,Barreiras,29018305,2° ano do Ensino Fundamental,Municipal,Presente,Não,696.29
2024,2905008,Caculé,29029150,2° ano do Ensino Fundamental,Municipal,Presente,Sim,791.44
2024,2911709,Guanambi,29085663,2° ano do Ensino Fundamental,Municipal,Presente,Não,726.75
2024,2927408,Salvador,29214969,2° ano do Ensino Fundamental,Municipal,Presente,Sim,750.35
2024,2930204,Sento Sé,29239194,2° ano do Ensino Fundamental,Municipal,Presente,Não,740.88
2024,2933059,Várzea da Roça,29259892,2° ano do Ensino Fundamental,Municipal,Presente,Não,718.1
2024,3169703,Turmalina,31043549,2° ano do Ensino Fundamental,Estadual,Presente,Sim,777.14
2024,3515152,Engenheiro Coelho,35115655,2° ano do Ensino Fundamental,Municipal,Presente,Não,648.6524666
2024,3529807,Mineiros do Tietê,35096791,2° ano do Ensino Fundamental,Municipal,Presente,Não,723.7022283
2024,3534708,Ourinhos,35128418,2° ano do Ensino Fundamental,Municipal,Presente,Não,659.2426691
2024,3549805,São José do Rio Preto,35182517,2° ano do Ensino Fundamental,Municipal,Presente,Sim,806.3990448
2024,3550100,São Manuel,35031980,2° ano do Ensino Fundamental,Municipal,Presente,Sim,774.4156938
2024,3550308,São Paulo,35375302,2° ano do Ensino Fundamental,Estadual,Presente,Sim,796.360933
2024,3550308,São Paulo,35354124,2° ano do Ensino Fundamental,Estadual,Presente,Sim,821.514298
2024,4122008,Rio Azul,41060598,2° ano do Ensino Fundamental,Municipal,Presente,Sim,771.28
2024,4301750,Barão do Triunfo,43094060,2° ano do Ensino Fundamental,Municipal,Presente,Não,648.9338449
2024,4310207,Ijuí,43040706,2° ano do Ensino Fundamental,Municipal,Presente,Sim,805.5091194
2024,5003702,Dourados,50041107,2° ano do Ensino Fundamental,Municipal,Presente,Sim,783.3
2024,5201405,Aparecida de Goiânia,52016985,2° ano do Ensino Fundamental,Municipal,Presente,Sim,770.45
2024,5201405,Aparecida de Goiânia,52015627,2° ano do Ensino Fundamental,Municipal,Presente,Sim,759.87
2024,5205307,Cavalcante,52055084,2° ano do Ensino Fundamental,Municipal,Presente,Não,674.31
2024,1100288,Rolim de Moura,11016245,2° ano do Ensino Fundamental,Municipal,Presente,Sim,795.91
2024,1503309,Igarapé-Miri,15033723,2° ano do Ensino Fundamental,Municipal,Presente,Não,634.52
2024,2111201,São José de Ribamar,21003202,2° ano do Ensino Fundamental,Municipal,Presente,Não,689.76
2024,2111300,São Luís,21010279,2° ano do Ensino Fundamental,Municipal,Presente,Sim,745.14
2024,2111300,São Luís,21009775,2° ano do Ensino Fundamental,Municipal,Presente,Sim,753.9
2024,2202251,Canavieira,22020377,2° ano do Ensino Fundamental,Municipal,Presente,Sim,775.34
2024,2202406,Capitão de Campos,22005813,2° ano do Ensino Fundamental,Municipal,Presente,Não,716.16
2024,2206001,Marcos Parente,22021312,2° ano do Ensino Fundamental,Municipal,Presente,Sim,800.7
2024,2211357,Várzea Branca,22024604,2° ano do Ensino Fundamental,Municipal,Presente,Sim,764.92
2024,2304509,Frecheirinha,23068982,2° ano do Ensino Fundamental,Municipal,Presente,Sim,877.13
2024,2307650,Maracanaú,23027935,2° ano do Ensino Fundamental,Municipal,Presente,Sim,813.81
2024,2312700,Senador Pompeu,23070696,2° ano do Ensino Fundamental,Municipal,Presente,Sim,877.13
2024,2504009,Campina Grande,25021611,2° ano do Ensino Fundamental,Municipal,Presente,Não,633.1
2024,2602902,Cabo de Santo Agostinho,26034211,2° ano do Ensino Fundamental,Municipal,Presente,Não,705.71
2024,2604106,Caruaru,26004642,2° ano do Ensino Fundamental,Municipal,Presente,Não,714.2
2024,2605103,Custódia,26064712,2° ano do Ensino Fundamental,Municipal,Presente,Sim,786.72
2024,2705101,Matriz de Camaragibe,27019880,2° ano do Ensino Fundamental,Municipal,Presente,Não,665.18
2024,2706901,Pilar,27033199,2° ano do Ensino Fundamental,Municipal,Presente,Não,684.88
2024,2708501,São Luís do Quitunde,27028617,2° ano do Ensino Fundamental,Municipal,Presente,Sim,765.67
2024,2708907,Satuba,27029933,2° ano do Ensino Fundamental,Municipal,Presente,Não,705.74
2024,2803302,Japaratuba,28006226,2° ano do Ensino Fundamental,Municipal,Presente,Não,709.78
2024,2901908,Aporá,29008424,2° ano do Ensino Fundamental,Municipal,Presente,Não,700.67
2024,2903607,Biritinga,29021179,2° ano do Ensino Fundamental,Municipal,Presente,Não,740.54
2024,2918407,Juazeiro,29133295,2° ano do Ensino Fundamental,Municipal,Presente,Não,696.91
2024,2920304,Malhada de Pedras,29147954,2° ano do Ensino Fundamental,Municipal,Presente,Sim,789.22
2024,2921708,Morro do Chapéu,29155278,2° ano do Ensino Fundamental,Municipal,Presente,Sim,776.69
2024,2922003,Mucuri,29156899,2° ano do Ensino Fundamental,Municipal,Presente,Não,686.47
2024,2922755,Nova Ibiá,29160366,2° ano do Ensino Fundamental,Municipal,Presente,Não,742.12
2024,2927408,Salvador,29213189,2° ano do Ensino Fundamental,Municipal,Presente,Não,680.48
2024,2933307,Vitória da Conquista,29266724,2° ano do Ensino Fundamental,Municipal,Presente,Não,704.52
2024,3131307,Ipatinga,31140421,2° ano do Ensino Fundamental,Municipal,Presente,Sim,826.41
2024,3145455,Olhos-d'Água,31088688,2° ano do Ensino Fundamental,Municipal,Presente,Sim,825.24
2024,3147006,Paracatu,31161034,2° ano do Ensino Fundamental,Estadual,Presente,Sim,821.1
2024,3148509,Pavão,31086268,2° ano do Ensino Fundamental,Estadual,Presente,Não,731.79
2024,3503208,Araraquara,35013061,2° ano do Ensino Fundamental,Municipal,Presente,Não,723.7958453
2024,3503307,Araras,35139722,2° ano do Ensino Fundamental,Municipal,Presente,Sim,781.5392356
2024,3505708,Barueri,35237262,2° ano do Ensino Fundamental,Municipal,Presente,Sim,765.1643358
2024,3517208,Guaiçara,35116203,2° ano do Ensino Fundamental,Municipal,Presente,Sim,761.284204
2024,3518701,Guarujá,35163777,2° ano do Ensino Fundamental,Estadual,Presente,Sim,746.7885959
2024,3549805,São José do Rio Preto,35184732,2° ano do Ensino Fundamental,Municipal,Presente,Sim,780.5060082
2024,4118709,Paulo Frontin,41086823,2° ano do Ensino Fundamental,Municipal,Presente,Sim,760.94
2024,4125704,São Miguel do Iguaçu,41092917,2° ano do Ensino Fundamental,Municipal,Presente,Sim,782.06
2024,5212204,Jussara,52042582,2° ano do Ensino Fundamental,Municipal,Presente,Não,720.9
2024,1304203,Tefé,13025349,2° ano do Ensino Fundamental,Estadual,Presente,Sim,752.93
2024,1600212,Cutias,16001278,2° ano do Ensino Fundamental,Municipal,Presente,Sim,780.17
2024,2111102,São João dos Patos,21053321,2° ano do Ensino Fundamental,Municipal,Presente,Sim,812.67
2024,2112704,Vargem Grande,21013774,2° ano do Ensino Fundamental,Municipal,Presente,Sim,829.45
2024,2206803,Nossa Senhora dos Remédios,22005278,2° ano do Ensino Fundamental,Municipal,Presente,Não,642.52
2024,2301109,Aracati,23061183,2° ano do Ensino Fundamental,Municipal,Presente,Sim,825.09
2024,2301208,Aracoiaba,23045157,2° ano do Ensino Fundamental,Municipal,Presente,Sim,804.78
2024,2301505,Arneiroz,23042362,2° ano do Ensino Fundamental,Municipal,Presente,Sim,802.38
2024,2302057,Barroquinha,23015777,2° ano do Ensino Fundamental,Municipal,Presente,Não,658.93
2024,2302602,Camocim,23047803,2° ano do Ensino Fundamental,Municipal,Presente,Sim,815.26
2024,2303709,Caucaia,23026614,2° ano do Ensino Fundamental,Municipal,Presente,Sim,774.31
2024,2304202,Crato,23024663,2° ano do Ensino Fundamental,Municipal,Presente,Sim,836.34
2024,2304400,Fortaleza,23054920,2° ano do Ensino Fundamental,Municipal,Presente,Não,650.69
2024,2305233,Horizonte,23050164,2° ano do Ensino Fundamental,Municipal,Presente,Sim,876.97
2024,2307650,Maracanaú,23044589,2° ano do Ensino Fundamental,Municipal,Presente,Não,683.87
2024,2311108,Porteiras,23034772,2° ano do Ensino Fundamental,Municipal,Presente,Sim,805.17
2024,2609006,Macaparana,26020221,2° ano do Ensino Fundamental,Municipal,Presente,Sim,776.23
2024,2615607,Trindade,26062946,2° ano do Ensino Fundamental,Municipal,Presente,Sim,766.95
2024,2704708,Marechal Deodoro,27018643,2° ano do Ensino Fundamental,Municipal,Presente,Sim,810.16
2024,2901601,Antas,29007577,2° ano do Ensino Fundamental,Municipal,Presente,Não,704.93
2024,2902054,Araças,29008810,2° ano do Ensino Fundamental,Municipal,Presente,Sim,751.29
2024,2903201,Barreiras,29017661,2° ano do Ensino Fundamental,Municipal,Presente,Sim,750.35
2024,2913705,Inhambupe,29097129,2° ano do Ensino Fundamental,Municipal,Presente,Não,734.78
2024,2922409,Mutuípe,29158830,2° ano do Ensino Fundamental,Municipal,Presente,Sim,761.35
2024,2927408,Salvador,29221392,2° ano do Ensino Fundamental,Municipal,Presente,Sim,744.05
2024,2929206,São Francisco do Conde,29232952,2° ano do Ensino Fundamental,Municipal,Presente,Não,654.89
2024,2931053,Tanque Novo,29248055,2° ano do Ensino Fundamental,Municipal,Presente,Sim,791.44
2024,3109907,Caetanópolis,31048688,2° ano do Ensino Fundamental,Municipal,Presente,Sim,794.95
2024,3121100,Delfim Moreira,31147089,2° ano do Ensino Fundamental,Municipal,Presente,Sim,790.62
2024,3200201,Alegre,32042355,2° ano do Ensino Fundamental,Estadual,Presente,Sim,760.63
2024,3501608,Americana,35002310,2° ano do Ensino Fundamental,Estadual,Presente,Sim,761.1291124
2024,3525300,Jaú,35095814,2° ano do Ensino Fundamental,Municipal,Presente,Sim,772.9357392
2024,3526902,Limeira,35112532,2° ano do Ensino Fundamental,Municipal,Presente,Não,697.1294266
2024,3534104,Oriente,35120082,2° ano do Ensino Fundamental,Municipal,Presente,Sim,767.4745456
2024,3539509,Pitangueiras,35204344,2° ano do Ensino Fundamental,Municipal,Presente,Não,720.6579148
2024,3544103,Rio Grande da Serra,35294002,2° ano do Ensino Fundamental,Estadual,Presente,Sim,806.3990448
2024,3550308,São Paulo,35391838,2° ano do Ensino Fundamental,Estadual,Presente,Sim,772.9357392
2024,3550308,São Paulo,35397800,2° ano do Ensino Fundamental,Estadual,Presente,Sim,806.3990448
2024,3557105,Votuporanga,35233861,2° ano do Ensino Fundamental,Municipal,Presente,Sim,752.5449151
2024,3557154,Zacarias,35099686,2° ano do Ensino Fundamental,Municipal,Presente,Sim,821.514298
2024,4126678,Tamarana,41135824,2° ano do Ensino Fundamental,Municipal,Presente,Sim,767.53
2024,4314050,Parobé,43052848,2° ano do Ensino Fundamental,Municipal,Presente,Não,653.2279018
2024,5003207,Corumbá,50039487,2° ano do Ensino Fundamental,Municipal,Presente,Sim,750.09
2024,5103056,Cláudia,51024435,2° ano do Ensino Fundamental,Municipal,Presente,Sim,748.75
2024,5201306,Anicuns,52033005,2° ano do Ensino Fundamental,Municipal,Presente,Sim,800.91
2024,5201405,Aparecida de Goiânia,52072778,2° ano do Ensino Fundamental,Municipal,Presente,Não,739.16
2024,1302504,Manacapuru,13014261,2° ano do Ensino Fundamental,Municipal,Presente,Não,720.32
2024,1702109,Araguaína,17008920,2° ano do Ensino Fundamental,Municipal,Presente,Não,706.51
2024,2201960,Brasileira,22005640,2° ano do Ensino Fundamental,Municipal,Presente,Não,728.1
2024,2303501,Cascavel,23052769,2° ano do Ensino Fundamental,Municipal,Presente,Sim,835.24
2024,2304202,Crato,23062169,2° ano do Ensino Fundamental,Municipal,Presente,Sim,843.85
2024,2304954,Guaiúba,23051453,2° ano do Ensino Fundamental,Municipal,Presente,Sim,746.13
2024,2313302,Tauá,23021652,2° ano do Ensino Fundamental,Municipal,Presente,Sim,820.05
2024,2516201,Sousa,25006958,2° ano do Ensino Fundamental,Municipal,Presente,Não,709.6
2024,2604106,Caruaru,26002626,2° ano do Ensino Fundamental,Municipal,Presente,Não,686.46
2024,2607208,Ipojuca,26037533,2° ano do Ensino Fundamental,Municipal,Presente,Não,729.78
2024,2607901,Jaboatão dos Guararapes,26040775,2° ano do Ensino Fundamental,Municipal,Presente,Não,700.47
2024,2607901,Jaboatão dos Guararapes,26039487,2° ano do Ensino Fundamental,Municipal,Presente,Sim,753.15
2024,2607901,Jaboatão dos Guararapes,26040562,2° ano do Ensino Fundamental,Municipal,Presente,Sim,762.54
2024,2611101,Petrolina,26070195,2° ano do Ensino Fundamental,Municipal,Presente,Sim,786.5
2024,2707404,Porto de Pedras,27025293,2° ano do Ensino Fundamental,Municipal,Presente,Não,735.67
2024,2901155,América Dourada,29005686,2° ano do Ensino Fundamental,Municipal,Presente,Sim,751.29
2024,2906501,Candeias,29044480,2° ano do Ensino Fundamental,Municipal,Presente,Não,684.52
2024,2910859,Filadélfia,29081863,2° ano do Ensino Fundamental,Municipal,Presente,Sim,766.1
2024,2913101,Ibititá,29091597,2° ano do Ensino Fundamental,Municipal,Presente,Não,688.69
2024,2914703,Itaberaba,29104708,2° ano do Ensino Fundamental,Municipal,Presente,Não,699.47
2024,2915502,Itajuípe,29936055,2° ano do Ensino Fundamental,Municipal,Presente,Sim,747.22
2024,2924702,Piripá,29173088,2° ano do Ensino Fundamental,Municipal,Presente,Sim,776.69
2024,2927408,Salvador,29201288,2° ano do Ensino Fundamental,Municipal,Presente,Sim,787.88
2024,2927408,Salvador,29196028,2° ano do Ensino Fundamental,Municipal,Presente,Sim,791.44
2024,2930105,Senhor do Bonfim,29238093,2° ano do Ensino Fundamental,Municipal,Presente,Não,721.01
2024,2931350,Teixeira de Freitas,29249848,2° ano do Ensino Fundamental,Municipal,Presente,Não,690.16
2024,3104205,Arcos,31051480,2° ano do Ensino Fundamental,Municipal,Presente,Sim,797.69
2024,3123908,Entre Rios de Minas,31177889,2° ano do Ensino Fundamental,Municipal,Presente,Sim,775.67
2024,3144805,Nova Lima,31009059,2° ano do Ensino Fundamental,Municipal,Presente,Sim,827.71
2024,3163201,São José do Alegre,31137068,2° ano do Ensino Fundamental,Municipal,Presente,Não,740.39
2024,3304557,Rio de Janeiro,33141103,2° ano do Ensino Fundamental,Municipal,Presente,Não,740.23
2024,3506003,Bauru,35022894,2° ano do Ensino Fundamental,Estadual,Presente,Não,635.4460894
2024,3521507,Irapuã,35097519,2° ano do Ensino Fundamental,Municipal,Presente,Não,723.1130844
2024,3521705,Itaberá,35077656,2° ano do Ensino Fundamental,Estadual,Presente,Sim,821.514298
2024,3524303,Jaboticabal,35086466,2° ano do Ensino Fundamental,Municipal,Presente,Não,703.6124474
2024,3526902,Limeira,35111308,2° ano do Ensino Fundamental,Municipal,Presente,Não,733.6006827
2024,3534609,Osvaldo Cruz,35001342,2° ano do Ensino Fundamental,Municipal,Presente,Sim,773.5377676
2024,3537909,Pilar do Sul,35230444,2° ano do Ensino Fundamental,Municipal,Presente,Sim,821.514298
2024,3543907,Rio Claro,35113721,2° ano do Ensino Fundamental,Municipal,Presente,Sim,774.4156938
2024,3554003,Tatuí,35074005,2° ano do Ensino Fundamental,Municipal,Presente,Não,736.4476539
2024,4303905,Campo Bom,43010953,2° ano do Ensino Fundamental,Municipal,Presente,Sim,747.5585172
2024,5002704,Campo Grande,50039193,2° ano do Ensino Fundamental,Municipal,Presente,Não,720.46
2024,5008305,Três Lagoas,50041259,2° ano do Ensino Fundamental,Municipal,Presente,Sim,805.13
2024,5300108,Brasília,53015733,2° ano do Ensino Fundamental,Estadual,Presente,Sim,745.09
2024,5300108,Brasília,53026122,2° ano do Ensino Fundamental,Estadual,Presente,Não,717.51
2024,1300029,Alvarães,13000245,2° ano do Ensino Fundamental,Municipal,Presente,Não,741.1
2024,1301852,Iranduba,13010450,2° ano do Ensino Fundamental,Estadual,Presente,Sim,745.67
2024,1501402,Belém,15093706,2° ano do Ensino Fundamental,Estadual,Presente,Sim,800.84
2024,1600303,Macapá,16005748,2° ano do Ensino Fundamental,Municipal,Presente,Não,739.05
2024,2101608,Barra do Corda,21049473,2° ano do Ensino Fundamental,Municipal,Presente,Não,741.87
2024,2206670,Morro do Chapéu do Piauí,22005116,2° ano do Ensino Fundamental,Municipal,Presente,Não,665.06
2024,2208007,Picos,22019551,2° ano do Ensino Fundamental,Municipal,Presente,Sim,779.21
2024,2301604,Assaré,23048361,2° ano do Ensino Fundamental,Municipal,Presente,Sim,818.68
2024,2304400,Fortaleza,23040267,2° ano do Ensino Fundamental,Municipal,Presente,Não,732.6
2024,2306504,Itapiúna,23070545,2° ano do Ensino Fundamental,Municipal,Presente,Sim,813.16
2024,2311306,Quixadá,23083206,2° ano do Ensino Fundamental,Municipal,Presente,Sim,820.54
2024,2313609,Ubajara,23027508,2° ano do Ensino Fundamental,Municipal,Presente,Sim,838.08
2024,2600302,Agrestina,26000198,2° ano do Ensino Fundamental,Municipal,Presente,Sim,756.98
2024,2607901,Jaboatão dos Guararapes,26039244,2° ano do Ensino Fundamental,Municipal,Presente,Não,663.3
2024,2612604,Santa Maria da Boa Vista,26074301,2° ano do Ensino Fundamental,Municipal,Presente,Sim,786.74
2024,2704500,Maragogi,27018394,2° ano do Ensino Fundamental,Municipal,Presente,Não,693.26
2024,2705101,Matriz de Camaragibe,27019765,2° ano do Ensino Fundamental,Municipal,Presente,Sim,757.61
2024,2708402,São José da Tapera,27028146,2° ano do Ensino Fundamental,Municipal,Presente,Sim,802.34
2024,2914802,Itabuna,29106983,2° ano do Ensino Fundamental,Municipal,Presente,Não,701.07
2024,2917201,Ituaçu,29118248,2° ano do Ensino Fundamental,Municipal,Presente,Não,698.82
2024,2919157,Lapão,29136326,2° ano do Ensino Fundamental,Municipal,Presente,Não,645.56
2024,2922250,Muquém de São Francisco,29157947,2° ano do Ensino Fundamental,Municipal,Presente,Sim,768.81
2024,2925303,Porto Seguro,29178124,2° ano do Ensino Fundamental,Municipal,Presente,Não,731.65
2024,2927408,Salvador,29209934,2° ano do Ensino Fundamental,Municipal,Presente,Não,688.49
2024,2929206,São Francisco do Conde,29232865,2° ano do Ensino Fundamental,Municipal,Presente,Não,676.45
2024,2933307,Vitória da Conquista,29267535,2° ano do Ensino Fundamental,Municipal,Presente,Sim,755.36
2024,3128105,Guapé,31104850,2° ano do Ensino Fundamental,Municipal,Presente,Não,680.64
2024,3205200,Vila Velha,32012672,2° ano do Ensino Fundamental,Municipal,Presente,Sim,812.28
2024,3304706,Santo Antônio de Pádua,33051024,2° ano do Ensino Fundamental,Municipal,Presente,Sim,782.33
2024,3509502,Campinas,35038855,2° ano do Ensino Fundamental,Estadual,Presente,Não,688.5268432
2024,3512407,Cordeirópolis,35109690,2° ano do Ensino Fundamental,Municipal,Presente,Sim,762.9895447
2024,3522505,Itapevi,35278890,2° ano do Ensino Fundamental,Municipal,Presente,Sim,806.3990448
2024,3528601,Manduri,35138959,2° ano do Ensino Fundamental,Municipal,Presente,Não,727.9090364
2024,3529401,Mauá,35291481,2° ano do Ensino Fundamental,Estadual,Presente,Sim,786.1511403
2024,3550100,São Manuel,35031973,2° ano do Ensino Fundamental,Municipal,Presente,Não,720.1344369
2024,3557006,Votorantim,35231646,2° ano do Ensino Fundamental,Municipal,Presente,Sim,806.3990448
2024,5002704,Campo Grande,50010086,2° ano do Ensino Fundamental,Municipal,Presente,Sim,804.51
2024,5006200,Nova Andradina,50031540,2° ano do Ensino Fundamental,Municipal,Presente,Sim,783.99
2024,5006309,Paranaíba,50033039,2° ano do Ensino Fundamental,Municipal,Presente,Não,698.59
2024,5205406,Ceres,52035126,2° ano do Ensino Fundamental,Municipal,Presente,Sim,779.49
2024,1100254,Presidente Médici,11007459,2° ano do Ensino Fundamental,Municipal,Presente,Sim,771.82
2024,2102606,Cândido Mendes,21021798,2° ano do Ensino Fundamental,Municipal,Presente,Sim,744.15
2024,2211001,Teresina,22014206,2° ano do Ensino Fundamental,Municipal,Presente,Não,709.73
2024,2300903,Apuiarés,23005042,2° ano do Ensino Fundamental,Municipal,Presente,Sim,818.21
2024,2304400,Fortaleza,23040698,2° ano do Ensino Fundamental,Municipal,Presente,Sim,824.14
2024,2309409,Novo Oriente,23075866,2° ano do Ensino Fundamental,Municipal,Presente,Sim,885.04
2024,2311108,Porteiras,23034155,2° ano do Ensino Fundamental,Municipal,Presente,Sim,841.7
2024,2313500,Trairi,23066788,2° ano do Ensino Fundamental,Municipal,Presente,Sim,834.1
2024,2604106,Caruaru,26003519,2° ano do Ensino Fundamental,Municipal,Presente,Não,739.68
2024,2606309,Granito,26061329,2° ano do Ensino Fundamental,Municipal,Presente,Não,720.83
2024,2607901,Jaboatão dos Guararapes,26038831,2° ano do Ensino Fundamental,Municipal,Presente,Não,715.38
2024,2609600,Olinda,26028440,2° ano do Ensino Fundamental,Municipal,Presente,Sim,771.38
2024,2613206,São João,26013590,2° ano do Ensino Fundamental,Municipal,Presente,Não,704.97
2024,2700904,Belo Monte,27005225,2° ano do Ensino Fundamental,Municipal,Presente,Sim,792.06
2024,2704500,Maragogi,27018084,2° ano do Ensino Fundamental,Municipal,Presente,Sim,781.17
2024,2902708,Barra,29013224,2° ano do Ensino Fundamental,Municipal,Presente,Não,714.22
2024,2905701,Camaçari,29035118,2° ano do Ensino Fundamental,Municipal,Presente,Sim,776.69
2024,2907509,Catu,29051764,2° ano do Ensino Fundamental,Municipal,Presente,Não,685.36
2024,2910404,Encruzilhada,29064962,2° ano do Ensino Fundamental,Municipal,Presente,Sim,763.16
2024,2914802,Itabuna,29105963,2° ano do Ensino Fundamental,Municipal,Presente,Não,717.41
2024,2916807,Itarantim,29116261,2° ano do Ensino Fundamental,Municipal,Presente,Sim,745.7
2024,2918407,Juazeiro,29128336,2° ano do Ensino Fundamental,Municipal,Presente,Sim,767.61
2024,2921005,Mata de São João,29151112,2° ano do Ensino Fundamental,Municipal,Presente,Sim,756.44
2024,2925105,Poções,29174191,2° ano do Ensino Fundamental,Municipal,Presente,Não,636.95
2024,2927408,Salvador,29198492,2° ano do Ensino Fundamental,Municipal,Presente,Não,717.3
2024,2927408,Salvador,29217045,2° ano do Ensino Fundamental,Municipal,Presente,Não,696.51
2024,2933604,Xique-Xique,29269334,2° ano do Ensino Fundamental,Municipal,Presente,Sim,779.4
2024,3127602,Gouveia,31048384,2° ano do Ensino Fundamental,Municipal,Presente,Sim,860.46
2024,3139409,Manhuaçu,31131039,2° ano do Ensino Fundamental,Estadual,Presente,Sim,816.73
2024,3148004,Patos de Minas,31063327,2° ano do Ensino Fundamental,Estadual,Presente,Sim,833.56
2024,3152170,Ponto dos Volantes,31067336,2° ano do Ensino Fundamental,Municipal,Presente,Sim,875.86
2024,3152907,Pratápolis,31036247,2° ano do Ensino Fundamental,Municipal,Presente,Sim,805.26
2024,3161106,São Francisco,31167873,2° ano do Ensino Fundamental,Municipal,Presente,Sim,790.21
2024,3503901,Arujá,35088470,2° ano do Ensino Fundamental,Municipal,Presente,Não,737.870409
2024,3509254,Cajati,35152648,2° ano do Ensino Fundamental,Municipal,Presente,Sim,753.38961
2024,3529005,Marília,35118982,2° ano do Ensino Fundamental,Municipal,Presente,Sim,766.7537873
2024,3537909,Pilar do Sul,35230430,2° ano do Ensino Fundamental,Municipal,Presente,Sim,766.7537873
2024,4310801,Ivoti,43042911,2° ano do Ensino Fundamental,Municipal,Presente,Não,694.7784899
2024,4317202,Santa Rosa,43079386,2° ano do Ensino Fundamental,Estadual,Presente,Sim,784.5943561
2024,5107925,Sorriso,51030455,2° ano do Ensino Fundamental,Municipal,Presente,Sim,754.61
2024,5204854,Campo Limpo de Goiás,52013690,2° ano do Ensino Fundamental,Municipal,Presente,Sim,773.54
2024,5209101,Goiatuba,52055591,2° ano do Ensino Fundamental,Municipal,Presente,Sim,743.18
2024,5212501,Luziânia,52030732,2° ano do Ensino Fundamental,Municipal,Presente,Não,662.44
2024,5213103,Mineiros,52057386,2° ano do Ensino Fundamental,Municipal,Presente,Sim,799.74
2024,5218805,Rio Verde,52050757,2° ano do Ensino Fundamental,Municipal,Presente,Sim,768.25
2024,1500107,Abaetetuba,15001417,2° ano do Ensino Fundamental,Municipal,Presente,Sim,757.35
2024,2111300,São Luís,21005332,2° ano do Ensino Fundamental,Municipal,Presente,Não,715.66
2024,2205508,José de Freitas,22029912,2° ano do Ensino Fundamental,Municipal,Presente,Sim,822.47
2024,2211001,Teresina,22010853,2° ano do Ensino Fundamental,Municipal,Presente,Não,666.39
2024,2211407,Várzea Grande,22017980,2° ano do Ensino Fundamental,Municipal,Presente,Sim,769.49
2024,2304103,Crateús,23017458,2° ano do Ensino Fundamental,Municipal,Presente,Sim,847.4
2024,2304202,Crato,23002172,2° ano do Ensino Fundamental,Municipal,Presente,Sim,896.1
2024,2306306,Itapagé,23070657,2° ano do Ensino Fundamental,Municipal,Presente,Sim,840.38
2024,2311231,Potiretama,23083154,2° ano do Ensino Fundamental,Municipal,Presente,Sim,852.81
2024,2312304,São Benedito,23047646,2° ano do Ensino Fundamental,Municipal,Presente,Sim,834.83
2024,2408904,Parelhas,24027695,2° ano do Ensino Fundamental,Municipal,Presente,Não,695.63
2024,2502052,Bernardino Batista,25032462,2° ano do Ensino Fundamental,Municipal,Presente,Sim,820.25
2024,2606804,Igarassu,26027559,2° ano do Ensino Fundamental,Municipal,Presente,Não,634.56
2024,2607307,Ipubi,26061592,2° ano do Ensino Fundamental,Municipal,Presente,Sim,792.46
2024,2706448,Paripueira,27022575,2° ano do Ensino Fundamental,Municipal,Presente,Sim,750.56
2024,2803401,Japoatã,28012394,2° ano do Ensino Fundamental,Municipal,Presente,Sim,791.13
2024,2906204,Canarana,29042252,2° ano do Ensino Fundamental,Municipal,Presente,Não,702.21
2024,2910057,Dias d'Ávila,29063103,2° ano do Ensino Fundamental,Municipal,Presente,Não,645.1
2024,2916302,Itapebi,29113609,2° ano do Ensino Fundamental,Municipal,Presente,Não,716.91
2024,3135100,Janaúba,31096565,2° ano do Ensino Fundamental,Estadual,Presente,Sim,749.27
2024,3171204,Vespasiano,31116908,2° ano do Ensino Fundamental,Municipal,Presente,Sim,790.15
2024,3205002,Serra,32005521,2° ano do Ensino Fundamental,Municipal,Presente,Sim,764.55
2024,3303401,Nova Friburgo,33055637,2° ano do Ensino Fundamental,Municipal,Presente,Sim,797.46
2024,3510104,Cândido Rodrigues,35220982,2° ano do Ensino Fundamental,Municipal,Presente,Não,739.7519643
2024,3518800,Guarulhos,35271822,2° ano do Ensino Fundamental,Estadual,Presente,Sim,745.1388743
2024,3522505,Itapevi,35278897,2° ano do Ensino Fundamental,Municipal,Presente,Sim,821.514298
2024,3549805,São José do Rio Preto,35184746,2° ano do Ensino Fundamental,Municipal,Presente,Não,690.585785
2024,3549805,São José do Rio Preto,35184739,2° ano do Ensino Fundamental,Municipal,Presente,Não,701.979132
2024,4105508,Cianorte,41096892,2° ano do Ensino Fundamental,Municipal,Presente,Sim,784.89
2024,4322533,Vale do Sol,43011796,2° ano do Ensino Fundamental,Estadual,Presente,Sim,763.1785518
2024,5208707,Goiânia,52003055,2° ano do Ensino Fundamental,Municipal,Presente,Não,724.81
2024,1600600,Santana,16010460,2° ano do Ensino Fundamental,Municipal,Presente,Não,739.4
2024,2101970,Boa Vista do Gurupi,21021687,2° ano do Ensino Fundamental,Municipal,Presente,Sim,769.31
2024,2105401,Itapecuru Mirim,21012174,2° ano do Ensino Fundamental,Municipal,Presente,Não,740.31
2024,2110856,São Francisco do Brejão,21033400,2° ano do Ensino Fundamental,Municipal,Presente,Não,733.03
2024,2202703,Cocal,22000768,2° ano do Ensino Fundamental,Municipal,Presente,Sim,821.55
2024,2304400,Fortaleza,23071875,2° ano do Ensino Fundamental,Municipal,Presente,Sim,820.43
2024,2304400,Fortaleza,23078254,2° ano do Ensino Fundamental,Municipal,Presente,Sim,759.72
2024,2304400,Fortaleza,23076739,2° ano do Ensino Fundamental,Municipal,Presente,Não,648.1
2024,2308708,Morada Nova,23018126,2° ano do Ensino Fundamental,Municipal,Presente,Sim,782.04
2024,2309607,Pacajus,23021967,2° ano do Ensino Fundamental,Municipal,Presente,Sim,845.49
2024,2516003,Solânea,25020271,2° ano do Ensino Fundamental,Municipal,Presente,Sim,769.65
2024,2607505,Itaíba,26065519,2° ano do Ensino Fundamental,Municipal,Presente,Não,720.16
2024,2611606,Recife,26044195,2° ano do Ensino Fundamental,Municipal,Presente,Sim,751.61
2024,2614600,Tabira,26059384,2° ano do Ensino Fundamental,Municipal,Presente,Não,672.43
2024,2703106,Igaci,27010441,2° ano do Ensino Fundamental,Municipal,Presente,Não,619.54
2024,2706802,Piaçabuçu,27023640,2° ano do Ensino Fundamental,Municipal,Presente,Não,740.28
2024,2806701,São Cristóvão,28013560,2° ano do Ensino Fundamental,Municipal,Presente,Não,740.14
2024,2901502,Anguera,29007358,2° ano do Ensino Fundamental,Municipal,Presente,Sim,791.44
2024,2918407,Juazeiro,29131927,2° ano do Ensino Fundamental,Municipal,Presente,Não,739.24
2024,2923100,Olindina,29163163,2° ano do Ensino Fundamental,Municipal,Presente,Sim,777.68
2024,2927408,Salvador,29200779,2° ano do Ensino Fundamental,Municipal,Presente,Sim,813.25
2024,2930105,Senhor do Bonfim,29237947,2° ano do Ensino Fundamental,Municipal,Presente,Não,720.7
2024,2930709,Simões Filho,29244817,2° ano do Ensino Fundamental,Municipal,Presente,Sim,766.1
2024,2933307,Vitória da Conquista,29267275,2° ano do Ensino Fundamental,Municipal,Presente,Não,736.79
2024,3135050,Jaíba,31164296,2° ano do Ensino Fundamental,Estadual,Presente,Sim,783.2
2024,3158904,Santana do Manhuaçu,31173741,2° ano do Ensino Fundamental,Municipal,Presente,Sim,789.72
2024,3164704,São Sebastião do Paraíso,31188554,2° ano do Ensino Fundamental,Municipal,Presente,Sim,800.11
2024,3518503,Guareí,35071289,2° ano do Ensino Fundamental,Municipal,Presente,Sim,806.3990448
2024,3518602,Guariba,35085678,2° ano do Ensino Fundamental,Municipal,Presente,Sim,786.1511403
2024,3521705,Itaberá,35077632,2° ano do Ensino Fundamental,Estadual,Presente,Não,626.3676059
2024,3550308,São Paulo,35374366,2° ano do Ensino Fundamental,Estadual,Presente,Não,729.6501834
2024,4308409,Formigueiro,43075106,2° ano do Ensino Fundamental,Estadual,Presente,Sim,787.647102
2024,5107040,Primavera do Leste,51018559,2° ano do Ensino Fundamental,Municipal,Presente,Não,626.45
2024,5208608,Goianésia,52027350,2° ano do Ensino Fundamental,Municipal,Presente,Sim,782.76
2024,5218789,Rio Quente,52044701,2° ano do Ensino Fundamental,Municipal,Presente,Não,729.14
2024,5220157,São Luíz do Norte,52054484,2° ano do Ensino Fundamental,Municipal,Presente,Sim,818.26
2024,1501402,Belém,15088985,2° ano do Ensino Fundamental,Estadual,Presente,Sim,780.47
2024,2104008,Esperantinópolis,21045201,2° ano do Ensino Fundamental,Municipal,Presente,Não,716.76
2024,2201101,Avelino Lopes,22025360,2° ano do Ensino Fundamental,Municipal,Presente,Não,716.36
2024,2205102,Itaueira,22021126,2° ano do Ensino Fundamental,Municipal,Presente,Sim,769.67
2024,2205409,Joaquim Pires,22004586,2° ano do Ensino Fundamental,Municipal,Presente,Não,700.97
2024,2304400,Fortaleza,23080453,2° ano do Ensino Fundamental,Municipal,Presente,Sim,754.82
2024,2305308,Ibiapina,23073673,2° ano do Ensino Fundamental,Municipal,Presente,Sim,815.09
2024,2306108,Irauçuba,23069343,2° ano do Ensino Fundamental,Municipal,Presente,Sim,820.91
2024,2306306,Itapagé,23015339,2° ano do Ensino Fundamental,Municipal,Presente,Sim,777.9
2024,2306900,Jaguaribe,23002557,2° ano do Ensino Fundamental,Municipal,Presente,Sim,833.44
2024,2307635,Madalena,23018362,2° ano do Ensino Fundamental,Municipal,Presente,Sim,884.22
2024,2310951,Pires Ferreira,23060818,2° ano do Ensino Fundamental,Municipal,Presente,Sim,896.1
2024,2312007,Santana do Acaraú,23031896,2° ano do Ensino Fundamental,Municipal,Presente,Sim,878.92
2024,2313401,Tianguá,23017696,2° ano do Ensino Fundamental,Municipal,Presente,Sim,861.51
2024,2603926,Carnaubeira da Penha,26067442,2° ano do Ensino Fundamental,Municipal,Presente,Sim,785.99
2024,2611606,Recife,26049882,2° ano do Ensino Fundamental,Municipal,Presente,Sim,743.99
2024,2611606,Recife,26049742,2° ano do Ensino Fundamental,Municipal,Presente,Sim,796.67
2024,2904308,Brejões,29025172,2° ano do Ensino Fundamental,Municipal,Presente,Não,679.91
2024,2905107,Caém,29029777,2° ano do Ensino Fundamental,Municipal,Presente,Não,678.1
2024,2909901,Curaçá,29061988,2° ano do Ensino Fundamental,Municipal,Presente,Não,685.56
2024,2913705,Inhambupe,29097417,2° ano do Ensino Fundamental,Municipal,Presente,Não,693.58
2024,2925303,Porto Seguro,29179112,2° ano do Ensino Fundamental,Municipal,Presente,Sim,748.77
2024,2927408,Salvador,29212175,2° ano do Ensino Fundamental,Municipal,Presente,Sim,761.91
2024,2927408,Salvador,29220504,2° ano do Ensino Fundamental,Municipal,Presente,Sim,773.47
2024,2927408,Salvador,29213573,2° ano do Ensino Fundamental,Municipal,Presente,Não,716.05
2024,3104007,Araxá,31036557,2° ano do Ensino Fundamental,Municipal,Presente,Sim,774.15
2024,3146404,Paineiras,31111360,2° ano do Ensino Fundamental,Municipal,Presente,Sim,764.66
2024,3151404,Pitangui,31130265,2° ano do Ensino Fundamental,Municipal,Presente,Sim,768.4
2024,3505302,Barra Bonita,35094102,2° ano do Ensino Fundamental,Municipal,Presente,Sim,755.4481246
2024,3511409,Cerqueira César,35018422,2° ano do Ensino Fundamental,Municipal,Presente,Sim,806.3990448
2024,3513702,Descalvado,35170481,2° ano do Ensino Fundamental,Municipal,Presente,Sim,767.3017724
2024,3518701,Guarujá,35165204,2° ano do Ensino Fundamental,Municipal,Presente,Sim,765.3925525
2024,3525300,Jaú,35096063,2° ano do Ensino Fundamental,Municipal,Presente,Sim,755.5744052
2024,3534401,Osasco,35304308,2° ano do Ensino Fundamental,Municipal,Presente,Sim,761.8596371
2024,3535309,Palmital,35016298,2° ano do Ensino Fundamental,Municipal,Presente,Não,674.4617732
2024,3543402,Ribeirão Preto,35155323,2° ano do Ensino Fundamental,Estadual,Presente,Sim,767.4745456
2024,3548708,São Bernardo do Campo,35317671,2° ano do Ensino Fundamental,Municipal,Presente,Sim,766.7537873
2024,3550308,São Paulo,35391725,2° ano do Ensino Fundamental,Estadual,Presente,Sim,773.5377676
2024,3550308,São Paulo,35398134,2° ano do Ensino Fundamental,Estadual,Presente,Sim,746.8510122
2024,4125506,São José dos Pinhais,41100873,2° ano do Ensino Fundamental,Municipal,Presente,Sim,789.49
2024,4315602,Rio Grande,43070161,2° ano do Ensino Fundamental,Municipal,Presente,Não,710.4104687
2024,2209708,São Francisco do Piauí,22021475,2° ano do Ensino Fundamental,Municipal,Presente,Sim,747.07
2024,2301851,Banabuiú,23042229,2° ano do Ensino Fundamental,Municipal,Presente,Sim,807.21
2024,2304400,Fortaleza,23089379,2° ano do Ensino Fundamental,Municipal,Presente,Sim,819.66
2024,2304400,Fortaleza,23036371,2° ano do Ensino Fundamental,Municipal,Presente,Sim,804.03
2024,2304400,Fortaleza,23039947,2° ano do Ensino Fundamental,Municipal,Presente,Não,640.43
2024,2307650,Maracanaú,23034718,2° ano do Ensino Fundamental,Municipal,Presente,Sim,849.38
2024,2412005,São Gonçalo do Amarante,24006840,2° ano do Ensino Fundamental,Municipal,Presente,Não,740.69
2024,2501104,Areia,25018145,2° ano do Ensino Fundamental,Municipal,Presente,Sim,759.8
2024,2608750,Lagoa Grande,26069333,2° ano do Ensino Fundamental,Municipal,Presente,Sim,850.1
2024,2610301,Paranatama,26012660,2° ano do Ensino Fundamental,Municipal,Presente,Sim,817.71
2024,2901106,Amélia Rodrigues,29005508,2° ano do Ensino Fundamental,Municipal,Presente,Sim,747.64
2024,2903300,Barro Preto,29019773,2° ano do Ensino Fundamental,Municipal,Presente,Sim,751.49
2024,2904100,Boquira,29024623,2° ano do Ensino Fundamental,Municipal,Presente,Não,667.82
2024,2904902,Cachoeira,29028740,2° ano do Ensino Fundamental,Municipal,Presente,Sim,782.28
2024,2905701,Camaçari,29033208,2° ano do Ensino Fundamental,Municipal,Presente,Não,660.41
2024,2910701,Euclides da Cunha,29067882,2° ano do Ensino Fundamental,Municipal,Presente,Sim,748.39
2024,2911709,Guanambi,29086117,2° ano do Ensino Fundamental,Municipal,Presente,Sim,813.25
2024,2911709,Guanambi,29085656,2° ano do Ensino Fundamental,Municipal,Presente,Não,682.47
2024,2919553,Luís Eduardo Magalhães,29142986,2° ano do Ensino Fundamental,Municipal,Presente,Não,662.82
2024,2922854,Nova Redenção,29160831,2° ano do Ensino Fundamental,Municipal,Presente,Não,721.23
2024,2927408,Salvador,29220497,2° ano do Ensino Fundamental,Municipal,Presente,Não,671.83
2024,2929503,São Sebastião do Passé,29234974,2° ano do Ensino Fundamental,Municipal,Presente,Sim,767.38
2024,2932101,Ubaíra,29255050,2° ano do Ensino Fundamental,Municipal,Presente,Sim,764.7
2024,2933307,Vitória da Conquista,29261938,2° ano do Ensino Fundamental,Municipal,Presente,Não,695.94
2024,3124302,Espinosa,31042261,2° ano do Ensino Fundamental,Municipal,Presente,Sim,783.31
2024,3167103,Serro,31101403,2° ano do Ensino Fundamental,Estadual,Presente,Sim,770.27
2024,3168101,Tapira,31007273,2° ano do Ensino Fundamental,Municipal,Presente,Sim,771.91
2024,3304557,Rio de Janeiro,33130940,2° ano do Ensino Fundamental,Municipal,Presente,Sim,757.73
2024,3516606,Gália,35117648,2° ano do Ensino Fundamental,Municipal,Presente,Sim,796.360933
2024,3537602,Peruíbe,35199205,2° ano do Ensino Fundamental,Municipal,Presente,Não,644.5068313
2024,3550308,São Paulo,35436387,2° ano do Ensino Fundamental,Estadual,Presente,Sim,778.2353432
2024,3551009,São Vicente,35202778,2° ano do Ensino Fundamental,Municipal,Presente,Sim,744.6906656
2024,3554003,Tatuí,35074977,2° ano do Ensino Fundamental,Municipal,Presente,Sim,786.1511403
2024,4127700,Toledo,41086687,2° ano do Ensino Fundamental,Municipal,Presente,Sim,798.0
2024,4322707,Vera Cruz,43011870,2° ano do Ensino Fundamental,Municipal,Presente,Sim,760.9308761
2024,5102603,Campinápolis,51002856,2° ano do Ensino Fundamental,Municipal,Presente,Não,650.77
2024,5204607,Campestre de Goiás,52033089,2° ano do Ensino Fundamental,Municipal,Presente,Sim,819.59
2024,5218805,Rio Verde,52050405,2° ano do Ensino Fundamental,Municipal,Presente,Sim,798.59
2024,5218805,Rio Verde,52051758,2° ano do Ensino Fundamental,Municipal,Presente,Sim,771.8
2024,5219001,Sanclerlândia,52028892,2° ano do Ensino Fundamental,Municipal,Presente,Sim,781.83
2024,1100122,Ji-Paraná,11006196,2° ano do Ensino Fundamental,Municipal,Presente,Sim,790.99
2024,1506807,Santarém,15074233,2° ano do Ensino Fundamental,Municipal,Presente,Não,686.24
2024,2103000,Caxias,21038637,2° ano do Ensino Fundamental,Municipal,Presente,Sim,749.68
2024,2302800,Canindé,23020354,2° ano do Ensino Fundamental,Municipal,Presente,Sim,808.93
2024,2303501,Cascavel,23067766,2° ano do Ensino Fundamental,Municipal,Presente,Sim,791.86
2024,2303956,Chorozinho,23014740,2° ano do Ensino Fundamental,Municipal,Presente,Sim,826.5
2024,2304400,Fortaleza,23041232,2° ano do Ensino Fundamental,Municipal,Presente,Sim,791.52
2024,2305233,Horizonte,23048156,2° ano do Ensino Fundamental,Municipal,Presente,Sim,799.82
2024,2308500,Mombaça,23009176,2° ano do Ensino Fundamental,Municipal,Presente,Sim,877.13
2024,2313401,Tianguá,23008850,2° ano do Ensino Fundamental,Municipal,Presente,Sim,743.86
2024,2511202,Pedras de Fogo,25008754,2° ano do Ensino Fundamental,Municipal,Presente,Não,650.11
2024,2609303,Mirandiba,26054666,2° ano do Ensino Fundamental,Municipal,Presente,Sim,788.21
2024,2612208,Salgueiro,26054986,2° ano do Ensino Fundamental,Municipal,Presente,Sim,790.96
2024,2705101,Matriz de Camaragibe,27019873,2° ano do Ensino Fundamental,Municipal,Presente,Sim,758.22
2024,2802403,Gararu,28002039,2° ano do Ensino Fundamental,Municipal,Presente,Não,606.85
2024,2907509,Catu,29051394,2° ano do Ensino Fundamental,Municipal,Presente,Não,739.25
2024,2910800,Feira de Santana,29071750,2° ano do Ensino Fundamental,Municipal,Presente,Não,716.93
2024,2918100,Jeremoabo,29126746,2° ano do Ensino Fundamental,Municipal,Presente,Sim,765.79
2024,2918407,Juazeiro,29132210,2° ano do Ensino Fundamental,Municipal,Presente,Não,733.59
2024,2920502,Maracás,29148830,2° ano do Ensino Fundamental,Municipal,Presente,Não,692.31
2024,2927408,Salvador,29221308,2° ano do Ensino Fundamental,Municipal,Presente,Não,644.65
2024,2933307,Vitória da Conquista,29264465,2° ano do Ensino Fundamental,Municipal,Presente,Sim,746.13
2024,3118601,Contagem,31190170,2° ano do Ensino Fundamental,Municipal,Presente,Sim,756.6
2024,3135100,Janaúba,31059728,2° ano do Ensino Fundamental,Estadual,Presente,Sim,756.05
2024,3200102,Afonso Cláudio,32043383,2° ano do Ensino Fundamental,Municipal,Presente,Sim,818.55
2024,3506003,Bauru,35025714,2° ano do Ensino Fundamental,Estadual,Presente,Não,699.8725289
2024,3509007,Caieiras,35239799,2° ano do Ensino Fundamental,Municipal,Presente,Sim,773.5256568
2024,3510302,Capela do Alto,35229307,2° ano do Ensino Fundamental,Municipal,Presente,Sim,748.412691
2024,3519709,Ibiúna,35193987,2° ano do Ensino Fundamental,Municipal,Presente,Sim,821.514298
2024,3523107,Itaquaquecetuba,35287641,2° ano do Ensino Fundamental,Municipal,Presente,Sim,806.3990448
2024,3543402,Ribeirão Preto,35154879,2° ano do Ensino Fundamental,Estadual,Presente,Sim,786.1511403
2024,3556107,Valentim Gentil,35233059,2° ano do Ensino Fundamental,Municipal,Presente,Sim,796.360933
2024,4315602,Rio Grande,43070168,2° ano do Ensino Fundamental,Municipal,Presente,Sim,778.195309
2024,4317806,Santo Augusto,43031715,2° ano do Ensino Fundamental,Municipal,Presente,Sim,763.0500589
2024,5105200,Juscimeira,51020739,2° ano do Ensino Fundamental,Municipal,Presente,Não,714.77
2024,5213087,Minaçu,52060357,2° ano do Ensino Fundamental,Municipal,Presente,Sim,777.85
2024,1508001,Tomé-Açu,15081446,2° ano do Ensino Fundamental,Municipal,Presente,Não,730.83
2024,1720200,São Miguel do Tocantins,17014950,2° ano do Ensino Fundamental,Municipal,Presente,Não,699.33
2024,2110104,Santa Quitéria do Maranhão,21061837,2° ano do Ensino Fundamental,Municipal,Presente,Sim,787.03
2024,2112902,Vitória do Mearim,21059253,2° ano do Ensino Fundamental,Municipal,Presente,Não,705.49
2024,2303501,Cascavel,23054157,2° ano do Ensino Fundamental,Municipal,Presente,Sim,784.67
2024,2303709,Caucaia,23043800,2° ano do Ensino Fundamental,Municipal,Presente,Sim,826.95
2024,2303709,Caucaia,23012361,2° ano do Ensino Fundamental,Municipal,Presente,Sim,801.27
2024,2304400,Fortaleza,23061993,2° ano do Ensino Fundamental,Municipal,Presente,Sim,775.92
2024,2307254,Jijoca de Jericoacoara,23034171,2° ano do Ensino Fundamental,Municipal,Presente,Sim,834.87
2024,2307650,Maracanaú,23077785,2° ano do Ensino Fundamental,Municipal,Presente,Sim,820.1
2024,2307700,Maranguape,23072464,2° ano do Ensino Fundamental,Municipal,Presente,Sim,827.11
2024,2309409,Novo Oriente,23062259,2° ano do Ensino Fundamental,Municipal,Presente,Sim,877.13
2024,2313559,Tururu,23071709,2° ano do Ensino Fundamental,Municipal,Presente,Sim,786.34
2024,2606309,Granito,26061325,2° ano do Ensino Fundamental,Municipal,Presente,Sim,807.34
2024,2607406,Itacuruba,26067747,2° ano do Ensino Fundamental,Municipal,Presente,Sim,760.56
2024,2608909,Limoeiro,26075869,2° ano do Ensino Fundamental,Municipal,Presente,Não,729.95
2024,2910800,Feira de Santana,29071757,2° ano do Ensino Fundamental,Municipal,Presente,Não,699.15
2024,2917607,Jaguaquara,29122178,2° ano do Ensino Fundamental,Municipal,Presente,Não,653.65
2024,2927408,Salvador,29945072,2° ano do Ensino Fundamental,Municipal,Presente,Sim,756.24
2024,3152402,Poté,31147173,2° ano do Ensino Fundamental,Municipal,Presente,Não,719.11
2024,3170107,Uberaba,31182572,2° ano do Ensino Fundamental,Municipal,Presente,Não,741.83
2024,3302502,Magé,33045323,2° ano do Ensino Fundamental,Municipal,Presente,Não,686.04
2024,3501905,Amparo,35123313,2° ano do Ensino Fundamental,Estadual,Presente,Sim,821.514298
2024,4113700,Londrina,41097342,2° ano do Ensino Fundamental,Municipal,Presente,Sim,833.49
2024,4114302,Mandirituba,41083587,2° ano do Ensino Fundamental,Municipal,Presente,Não,726.76
2024,4313201,Nova Petrópolis,43084913,2° ano do Ensino Fundamental,Estadual,Presente,Não,732.5691354
2024,5218805,Rio Verde,52050540,2° ano do Ensino Fundamental,Municipal,Presente,Sim,745.61
2024,5218904,Rubiataba,52053034,2° ano do Ensino Fundamental,Municipal,Presente,Não,715.51
2024,2107100,Morros,21016085,2° ano do Ensino Fundamental,Municipal,Presente,Não,727.54
2024,2208304,Piracuruca,22006363,2° ano do Ensino Fundamental,Municipal,Presente,Sim,800.7
2024,2211001,Teresina,22009718,2° ano do Ensino Fundamental,Municipal,Presente,Sim,761.78
2024,2211100,União,22031074,2° ano do Ensino Fundamental,Municipal,Presente,Não,733.05
2024,2302057,Barroquinha,23015839,2° ano do Ensino Fundamental,Municipal,Presente,Sim,860.71
2024,2304400,Fortaleza,23066050,2° ano do Ensino Fundamental,Municipal,Presente,Sim,783.57
2024,2305001,Guaraciaba do Norte,23060083,2° ano do Ensino Fundamental,Municipal,Presente,Sim,871.26
2024,2305407,Icó,23049287,2° ano do Ensino Fundamental,Municipal,Presente,Sim,871.26
2024,2305803,Ipu,23048294,2° ano do Ensino Fundamental,Municipal,Presente,Sim,767.15
2024,2309706,Pacatuba,23053398,2° ano do Ensino Fundamental,Municipal,Presente,Não,721.42
2024,2605905,Gameleira,26023267,2° ano do Ensino Fundamental,Municipal,Presente,Sim,784.65
2024,2610400,Parnamirim,26054750,2° ano do Ensino Fundamental,Municipal,Presente,Sim,771.22
2024,2611101,Petrolina,26079816,2° ano do Ensino Fundamental,Municipal,Presente,Sim,770.23
2024,2612455,Santa Cruz,26062469,2° ano do Ensino Fundamental,Municipal,Presente,Não,650.69
2024,2704302,Maceió,27015425,2° ano do Ensino Fundamental,Municipal,Presente,Não,679.11
2024,2704302,Maceió,27013950,2° ano do Ensino Fundamental,Municipal,Presente,Não,639.39
2024,2709400,Viçosa,27031783,2° ano do Ensino Fundamental,Municipal,Presente,Não,702.54
2024,2903904,Bom Jesus da Lapa,29022725,2° ano do Ensino Fundamental,Municipal,Presente,Não,652.82
2024,2906501,Candeias,29044316,2° ano do Ensino Fundamental,Municipal,Presente,Sim,750.33
2024,2919504,Livramento de Nossa Senhora,29141189,2° ano do Ensino Fundamental,Municipal,Presente,Não,708.67
2024,2924603,Pindobaçu,29172646,2° ano do Ensino Fundamental,Municipal,Presente,Sim,762.87
2024,2927408,Salvador,29207947,2° ano do Ensino Fundamental,Municipal,Presente,Sim,770.31
2024,2927408,Salvador,29221301,2° ano do Ensino Fundamental,Municipal,Presente,Não,702.42
2024,2933208,Vera Cruz,29950095,2° ano do Ensino Fundamental,Municipal,Presente,Não,732.6
2024,3118809,Coração de Jesus,31034964,2° ano do Ensino Fundamental,Estadual,Presente,Não,719.85
2024,3144805,Nova Lima,31039757,2° ano do Ensino Fundamental,Municipal,Presente,Não,738.67
2024,3170800,Várzea da Palma,31099746,2° ano do Ensino Fundamental,Municipal,Presente,Sim,786.75
2024,3301009,Campos dos Goytacazes,33020076,2° ano do Ensino Fundamental,Municipal,Presente,Sim,831.1
2024,3504008,Assis,35015028,2° ano do Ensino Fundamental,Municipal,Presente,Não,693.5312532
2024,3528502,Mairiporã,35245816,2° ano do Ensino Fundamental,Municipal,Presente,Sim,778.2353432
2024,3547809,Santo André,35314102,2° ano do Ensino Fundamental,Municipal,Presente,Não,731.2598906
2024,3552205,Sorocaba,35207791,2° ano do Ensino Fundamental,Estadual,Presente,Sim,806.3990448
2024,4104204,Campo Largo,41075557,2° ano do Ensino Fundamental,Municipal,Presente,Sim,833.97
2024,4311601,Liberato Salzano,43021697,2° ano do Ensino Fundamental,Municipal,Presente,Sim,766.6571057
2024,4322509,Vacaria,43100584,2° ano do Ensino Fundamental,Estadual,Presente,Sim,766.4631168
2024,5002704,Campo Grande,50004332,2° ano do Ensino Fundamental,Municipal,Presente,Não,697.37
2024,5006606,Ponta Porã,50035261,2° ano do Ensino Fundamental,Municipal,Presente,Sim,767.95
2024,5218300,Posse,52048506,2° ano do Ensino Fundamental,Municipal,Presente,Sim,770.43
2024,2104701,Graça Aranha,21047170,2° ano do Ensino Fundamental,Municipal,Presente,Sim,753.88
2024,2112704,Vargem Grande,21013700,2° ano do Ensino Fundamental,Municipal,Presente,Sim,797.25
2024,2303105,Cariré,23006181,2° ano do Ensino Fundamental,Municipal,Presente,Não,740.03
2024,2303709,Caucaia,23059537,2° ano do Ensino Fundamental,Municipal,Presente,Não,686.39
2024,2304400,Fortaleza,23039725,2° ano do Ensino Fundamental,Municipal,Presente,Sim,751.31
2024,2305654,Ipaporanga,23014425,2° ano do Ensino Fundamental,Municipal,Presente,Sim,896.1
2024,2307809,Marco,23075339,2° ano do Ensino Fundamental,Municipal,Presente,Sim,818.68
2024,2507101,Itapororoca,25010282,2° ano do Ensino Fundamental,Municipal,Presente,Sim,789.77
2024,2601102,Araripina,26059915,2° ano do Ensino Fundamental,Municipal,Presente,Sim,743.32
2024,2606002,Garanhuns,26010763,2° ano do Ensino Fundamental,Municipal,Presente,Sim,771.7
2024,2608503,Lagoa de Itaenga,26075543,2° ano do Ensino Fundamental,Municipal,Presente,Não,737.68
2024,2609600,Olinda,26029788,2° ano do Ensino Fundamental,Municipal,Presente,Sim,763.82
2024,2611101,Petrolina,26069788,2° ano do Ensino Fundamental,Municipal,Presente,Sim,771.28
2024,2611606,Recife,26079013,2° ano do Ensino Fundamental,Municipal,Presente,Sim,803.29
2024,2611606,Recife,26047975,2° ano do Ensino Fundamental,Municipal,Presente,Sim,769.81
2024,2700300,Arapiraca,27002712,2° ano do Ensino Fundamental,Municipal,Presente,Não,727.64
2024,2801207,Canindé de São Francisco,28000466,2° ano do Ensino Fundamental,Municipal,Presente,Não,732.01
2024,2903201,Barreiras,29018489,2° ano do Ensino Fundamental,Municipal,Presente,Não,685.03
2024,2908408,Conceição do Coité,29912013,2° ano do Ensino Fundamental,Municipal,Presente,Não,734.35
2024,2910800,Feira de Santana,29076450,2° ano do Ensino Fundamental,Municipal,Presente,Não,723.83
2024,2924652,Pintadas,29172800,2° ano do Ensino Fundamental,Municipal,Presente,Não,715.58
2024,2925402,Potiraguá,29181200,2° ano do Ensino Fundamental,Municipal,Presente,Não,700.27
2024,2928208,Santana,29226456,2° ano do Ensino Fundamental,Municipal,Presente,Sim,751.49
2024,2933307,Vitória da Conquista,29266511,2° ano do Ensino Fundamental,Municipal,Presente,Sim,772.04
2024,3100203,Abaeté,31030133,2° ano do Ensino Fundamental,Municipal,Presente,Sim,758.55
2024,3152105,Ponte Nova,31106241,2° ano do Ensino Fundamental,Municipal,Presente,Não,696.07
2024,3159001,Santana do Riacho,31137171,2° ano do Ensino Fundamental,Municipal,Presente,Sim,760.75
2024,3164704,São Sebastião do Paraíso,31057827,2° ano do Ensino Fundamental,Municipal,Presente,Sim,796.82
2024,3304557,Rio de Janeiro,33115700,2° ano do Ensino Fundamental,Municipal,Presente,Sim,802.03
2024,3524303,Jaboticabal,35086473,2° ano do Ensino Fundamental,Municipal,Presente,Sim,821.514298
2024,3525201,Jarinu,35102985,2° ano do Ensino Fundamental,Municipal,Presente,Sim,743.8416838
2024,3529401,Mauá,35289643,2° ano do Ensino Fundamental,Estadual,Presente,Sim,806.3990448
2024,3550308,São Paulo,35353835,2° ano do Ensino Fundamental,Estadual,Presente,Não,690.1981108
2024,4304507,Canguçu,43012094,2° ano do Ensino Fundamental,Municipal,Presente,Não,711.7421843
2024,4315404,Redentora,43052522,2° ano do Ensino Fundamental,Municipal,Presente,Sim,807.2969147
2024,5008305,Três Lagoas,50038659,2° ano do Ensino Fundamental,Municipal,Presente,Não,735.55
2024,5107065,Querência,51003879,2° ano do Ensino Fundamental,Municipal,Presente,Sim,800.5
2024,5107909,Sinop,51029416,2° ano do Ensino Fundamental,Municipal,Presente,Sim,814.79
2024,5218300,Posse,52048643,2° ano do Ensino Fundamental,Municipal,Presente,Não,742.79
2024,5221197,Terezópolis de Goiás,52015268,2° ano do Ensino Fundamental,Municipal,Presente,Sim,826.66
2024,5300108,Brasília,53017313,2° ano do Ensino Fundamental,Estadual,Presente,Não,737.2
2024,1302504,Manacapuru,13014275,2° ano do Ensino Fundamental,Municipal,Presente,Não,652.27
2024,1505635,Piçarra,15060883,2° ano do Ensino Fundamental,Municipal,Presente,Não,742.67
2024,1706258,Crixás do Tocantins,17005010,2° ano do Ensino Fundamental,Municipal,Presente,Sim,833.43
2024,1718907,Santa Rosa do Tocantins,17016689,2° ano do Ensino Fundamental,Municipal,Presente,Sim,790.25
2024,2102325,Buriticupu,21032316,2° ano do Ensino Fundamental,Municipal,Presente,Não,716.58
2024,2104206,Fortuna,21046674,2° ano do Ensino Fundamental,Municipal,Presente,Sim,789.07
2024,2110609,São Bernardo,21062225,2° ano do Ensino Fundamental,Municipal,Presente,Não,732.79
2024,2203271,Curral Novo do Piauí,22027961,2° ano do Ensino Fundamental,Municipal,Presente,Não,659.11
2024,2304202,Crato,23000232,2° ano do Ensino Fundamental,Municipal,Presente,Sim,896.1
2024,2304277,Ererê,23061616,2° ano do Ensino Fundamental,Municipal,Presente,Não,659.18
2024,2304400,Fortaleza,23008114,2° ano do Ensino Fundamental,Municipal,Presente,Sim,795.78
2024,2512903,Rio Tinto,25011352,2° ano do Ensino Fundamental,Estadual,Presente,Não,643.21
2024,2603454,Camaragibe,26035255,2° ano do Ensino Fundamental,Municipal,Presente,Não,738.96
2024,2607901,Jaboatão dos Guararapes,26040148,2° ano do Ensino Fundamental,Municipal,Presente,Sim,744.32
2024,2611101,Petrolina,26071894,2° ano do Ensino Fundamental,Municipal,Presente,Não,670.12
2024,2616407,Vitória de Santo Antão,26017346,2° ano do Ensino Fundamental,Municipal,Presente,Não,740.93
2024,2616506,Xexéu,26025678,2° ano do Ensino Fundamental,Municipal,Presente,Não,721.86
2024,2702900,Girau do Ponciano,27032508,2° ano do Ensino Fundamental,Municipal,Presente,Não,674.45
2024,2802106,Estância,28001397,2° ano do Ensino Fundamental,Municipal,Presente,Sim,744.61
2024,2901403,Angical,29007165,2° ano do Ensino Fundamental,Municipal,Presente,Não,724.46
2024,2911907,Iaçu,29087448,2° ano do Ensino Fundamental,Municipal,Presente,Não,658.77
2024,2914802,Itabuna,29107665,2° ano do Ensino Fundamental,Municipal,Presente,Sim,766.26
2024,2921005,Mata de São João,29152059,2° ano do Ensino Fundamental,Municipal,Presente,Não,675.72
2024,2925303,Porto Seguro,29177421,2° ano do Ensino Fundamental,Municipal,Presente,Não,717.85
2024,2925501,Prado,29181659,2° ano do Ensino Fundamental,Municipal,Presente,Não,718.13
2024,2927408,Salvador,29946101,2° ano do Ensino Fundamental,Municipal,Presente,Não,701.98
2024,2927408,Salvador,29200979,2° ano do Ensino Fundamental,Municipal,Presente,Não,675.29
2024,2927408,Salvador,29194673,2° ano do Ensino Fundamental,Municipal,Presente,Não,737.85
2024,2928604,Santo Amaro,29227149,2° ano do Ensino Fundamental,Municipal,Presente,Não,731.61
2024,2930600,Serrolândia,29243014,2° ano do Ensino Fundamental,Municipal,Presente,Não,713.82
2024,3102308,Alvinópolis,31003869,2° ano do Ensino Fundamental,Municipal,Presente,Sim,752.56
2024,3104205,Arcos,31147209,2° ano do Ensino Fundamental,Municipal,Presente,Sim,769.3
2024,3131604,Iraí de Minas,31061265,2° ano do Ensino Fundamental,Municipal,Presente,Sim,788.2
2024,3135209,Januária,31148052,2° ano do Ensino Fundamental,Estadual,Presente,Não,739.28
2024,3138203,Lavras,31044110,2° ano do Ensino Fundamental,Municipal,Presente,Sim,767.58
2024,3141504,Mendes Pimentel,31130511,2° ano do Ensino Fundamental,Municipal,Presente,Sim,781.54
2024,3144508,Nazareno,31135980,2° ano do Ensino Fundamental,Municipal,Presente,Não,706.41
2024,3161106,São Francisco,31169325,2° ano do Ensino Fundamental,Municipal,Presente,Não,742.62
2024,3165537,Sarzedo,31133297,2° ano do Ensino Fundamental,Municipal,Presente,Sim,804.68
2024,3170651,Vargem Grande do Rio Pardo,31060801,2° ano do Ensino Fundamental,Municipal,Presente,Não,649.41
2024,3205200,Vila Velha,32012595,2° ano do Ensino Fundamental,Municipal,Presente,Sim,769.18
2024,3304557,Rio de Janeiro,33106692,2° ano do Ensino Fundamental,Municipal,Presente,Sim,765.19
2024,3515186,Espírito Santo do Pinhal,35175416,2° ano do Ensino Fundamental,Estadual,Presente,Sim,780.5060082
2024,3518701,Guarujá,35165013,2° ano do Ensino Fundamental,Municipal,Presente,Sim,773.5256568
2024,3523404,Itatiba,35101689,2° ano do Ensino Fundamental,Municipal,Presente,Não,652.6966178
2024,3551009,São Vicente,35202669,2° ano do Ensino Fundamental,Municipal,Presente,Não,691.3210571
2024,3553906,Tarabai,35122101,2° ano do Ensino Fundamental,Municipal,Presente,Sim,787.2131925
2024,4113304,Laranjeiras do Sul,41022293,2° ano do Ensino Fundamental,Municipal,Presente,Sim,758.8
2024,1300607,Benjamin Constant,13003160,2° ano do Ensino Fundamental,Municipal,Presente,Sim,759.7
2024,1302405,Lábrea,13013375,2° ano do Ensino Fundamental,Estadual,Presente,Não,735.19
2024,2110658,São Domingos do Azeitão,21053150,2° ano do Ensino Fundamental,Municipal,Presente,Sim,756.63
2024,2201150,Baixa Grande do Ribeiro,22021714,2° ano do Ensino Fundamental,Municipal,Presente,Sim,759.81
2024,2206506,Monsenhor Hipólito,22019372,2° ano do Ensino Fundamental,Municipal,Presente,Sim,849.35
2024,2302404,Boa Viagem,23047750,2° ano do Ensino Fundamental,Municipal,Presente,Sim,865.06
2024,2304285,Eusébio,23004086,2° ano do Ensino Fundamental,Municipal,Presente,Sim,831.71
2024,2304400,Fortaleza,23036962,2° ano do Ensino Fundamental,Municipal,Presente,Sim,813.43
2024,2304400,Fortaleza,23020294,2° ano do Ensino Fundamental,Municipal,Presente,Não,741.0
2024,2307650,Maracanaú,23024515,2° ano do Ensino Fundamental,Municipal,Presente,Sim,786.7
2024,2311108,Porteiras,23030108,2° ano do Ensino Fundamental,Municipal,Presente,Sim,818.68
2024,2408904,Parelhas,24027751,2° ano do Ensino Fundamental,Estadual,Presente,Sim,776.03
2024,2504033,Capim,25010081,2° ano do Ensino Fundamental,Municipal,Presente,Sim,792.4
2024,2514453,São José dos Ramos,25009251,2° ano do Ensino Fundamental,Municipal,Presente,Não,740.76
2024,2616209,Vertentes,26077084,2° ano do Ensino Fundamental,Municipal,Presente,Sim,797.25
2024,2700300,Arapiraca,27002259,2° ano do Ensino Fundamental,Municipal,Presente,Sim,802.41
2024,2701704,Capela,27006820,2° ano do Ensino Fundamental,Municipal,Presente,Não,641.43
2024,2900603,Aiquara,29001575,2° ano do Ensino Fundamental,Municipal,Presente,Não,695.03
2024,2911204,Gandu,29082912,2° ano do Ensino Fundamental,Municipal,Presente,Não,740.37
2024,2911709,Guanambi,29085414,2° ano do Ensino Fundamental,Municipal,Presente,Sim,813.25
2024,2912202,Ibicoara,29088500,2° ano do Ensino Fundamental,Municipal,Presente,Não,660.91
2024,2926905,Rio do Pires,29189988,2° ano do Ensino Fundamental,Municipal,Presente,Não,703.88
2024,2927408,Salvador,29214521,2° ano do Ensino Fundamental,Municipal,Presente,Não,734.57
2024,2929404,São Miguel das Matas,29234773,2° ano do Ensino Fundamental,Municipal,Presente,Sim,804.33
2024,3101607,Alfenas,31014473,2° ano do Ensino Fundamental,Municipal,Presente,Sim,777.7
2024,3510401,Capivari,35049850,2° ano do Ensino Fundamental,Municipal,Presente,Sim,787.2131925
2024,3528502,Mairiporã,35246408,2° ano do Ensino Fundamental,Municipal,Presente,Sim,749.7888353
2024,3543303,Ribeirão Pires,35293156,2° ano do Ensino Fundamental,Estadual,Presente,Não,726.3642154
2024,3543501,Riversul,35078427,2° ano do Ensino Fundamental,Municipal,Presente,Não,707.961497
2024,3555000,Tupã,35228655,2° ano do Ensino Fundamental,Municipal,Presente,Sim,821.514298
2024,5103601,Dom Aquino,51019971,2° ano do Ensino Fundamental,Municipal,Presente,Sim,745.54
2024,1504703,Moju,15048252,2° ano do Ensino Fundamental,Municipal,Presente,Não,666.18
2024,1600303,Macapá,16005464,2° ano do Ensino Fundamental,Municipal,Presente,Sim,795.91
2024,2102606,Cândido Mendes,21021739,2° ano do Ensino Fundamental,Municipal,Presente,Sim,755.34
2024,2102903,Carutapera,21022173,2° ano do Ensino Fundamental,Municipal,Presente,Sim,813.65
2024,2104081,Fernando Falcão,21049671,2° ano do Ensino Fundamental,Municipal,Presente,Sim,796.3
2024,2109056,Porto Rico do Maranhão,21067760,2° ano do Ensino Fundamental,Municipal,Presente,Sim,771.75
2024,2109759,Santa Filomena do Maranhão,21047769,2° ano do Ensino Fundamental,Municipal,Presente,Não,713.78
2024,2110005,Santa Luzia,21020985,2° ano do Ensino Fundamental,Municipal,Presente,Sim,811.73
2024,2206506,Monsenhor Hipólito,22019379,2° ano do Ensino Fundamental,Municipal,Presente,Sim,849.35
2024,2301406,Aratuba,23003035,2° ano do Ensino Fundamental,Municipal,Presente,Sim,807.21
2024,2302503,Brejo Santo,23005880,2° ano do Ensino Fundamental,Municipal,Presente,Sim,854.27
2024,2304400,Fortaleza,23006944,2° ano do Ensino Fundamental,Municipal,Presente,Sim,800.58
2024,2312908,Sobral,23035733,2° ano do Ensino Fundamental,Municipal,Presente,Sim,855.3
2024,2516003,Solânea,25020278,2° ano do Ensino Fundamental,Municipal,Presente,Não,711.55
2024,2607901,Jaboatão dos Guararapes,26040641,2° ano do Ensino Fundamental,Municipal,Presente,Não,733.19
2024,2611101,Petrolina,26072341,2° ano do Ensino Fundamental,Municipal,Presente,Sim,800.9
2024,2611101,Petrolina,26073963,2° ano do Ensino Fundamental,Municipal,Presente,Não,729.42
2024,2611606,Recife,26050455,2° ano do Ensino Fundamental,Municipal,Presente,Não,733.82
2024,2613701,São Lourenço da Mata,26043015,2° ano do Ensino Fundamental,Municipal,Presente,Sim,779.82
2024,2700508,Barra de Santo Antônio,27004715,2° ano do Ensino Fundamental,Municipal,Presente,Sim,779.67
2024,2702405,Delmiro Gouveia,27008978,2° ano do Ensino Fundamental,Municipal,Presente,Sim,776.63
2024,2905701,Camaçari,29034618,2° ano do Ensino Fundamental,Municipal,Presente,Não,675.4
2024,2907202,Casa Nova,29049936,2° ano do Ensino Fundamental,Municipal,Presente,Sim,744.51
2024,2910727,Eunápolis,29069143,2° ano do Ensino Fundamental,Municipal,Presente,Sim,783.66
2024,2921005,Mata de São João,29151874,2° ano do Ensino Fundamental,Municipal,Presente,Sim,779.62
2024,3119302,Coromandel,31014848,2° ano do Ensino Fundamental,Estadual,Presente,Não,696.25
2024,3135605,Jequitaí,31043054,2° ano do Ensino Fundamental,Municipal,Presente,Sim,765.32
2024,3154606,Ribeirão das Neves,31193005,2° ano do Ensino Fundamental,Municipal,Presente,Sim,746.89
2024,3162104,São Gotardo,31144399,2° ano do Ensino Fundamental,Municipal,Presente,Sim,748.12
2024,3527405,Lucélia,35000984,2° ano do Ensino Fundamental,Municipal,Presente,Sim,748.0432867
2024,3550704,São Sebastião,35056952,2° ano do Ensino Fundamental,Municipal,Presente,Não,697.0151105
2024,4306106,Cruz Alta,43022725,2° ano do Ensino Fundamental,Municipal,Presente,Não,694.9815164
2024,4314308,Pejuçara,43022188,2° ano do Ensino Fundamental,Estadual,Presente,Sim,819.3346798
2024,5107065,Querência,51003886,2° ano do Ensino Fundamental,Municipal,Presente,Sim,773.05
2024,5107602,Rondonópolis,51021232,2° ano do Ensino Fundamental,Municipal,Presente,Sim,815.13
2024,5218805,Rio Verde,52052685,2° ano do Ensino Fundamental,Municipal,Presente,Sim,784.92
2024,1100056,Cerejeiras,11003101,2° ano do Ensino Fundamental,Municipal,Presente,Sim,765.09
2024,1501709,Bragança,15017116,2° ano do Ensino Fundamental,Municipal,Presente,Não,711.85
2024,1505809,Portel,15062218,2° ano do Ensino Fundamental,Municipal,Presente,Sim,745.05
2024,1705102,Chapada da Natividade,17015394,2° ano do Ensino Fundamental,Municipal,Presente,Não,712.15
2024,2102002,Bom Jardim,21018252,2° ano do Ensino Fundamental,Municipal,Presente,Não,702.99
2024,2104677,Governador Nunes Freire,21022941,2° ano do Ensino Fundamental,Municipal,Presente,Sim,764.71
2024,2105922,Lagoa do Mato,21052025,2° ano do Ensino Fundamental,Municipal,Presente,Sim,776.14
2024,2207009,Oeiras,22018364,2° ano do Ensino Fundamental,Municipal,Presente,Não,642.68
2024,2207702,Parnaíba,22032558,2° ano do Ensino Fundamental,Municipal,Presente,Não,692.03
2024,2302800,Canindé,23051104,2° ano do Ensino Fundamental,Municipal,Presente,Sim,834.55
2024,2313609,Ubajara,23089035,2° ano do Ensino Fundamental,Municipal,Presente,Sim,821.69
2024,2516706,Teixeira,25030164,2° ano do Ensino Fundamental,Municipal,Presente,Sim,802.07
2024,2603454,Camaragibe,26035266,2° ano do Ensino Fundamental,Municipal,Presente,Sim,781.69
2024,2606606,Ibimirim,26079527,2° ano do Ensino Fundamental,Municipal,Presente,Sim,780.0
2024,2614501,Surubim,26076884,2° ano do Ensino Fundamental,Municipal,Presente,Não,653.55
2024,2615607,Trindade,26063032,2° ano do Ensino Fundamental,Municipal,Presente,Sim,770.28
2024,2616001,Venturosa,26067174,2° ano do Ensino Fundamental,Municipal,Presente,Não,729.56
2024,2903201,Barreiras,29018628,2° ano do Ensino Fundamental,Municipal,Presente,Não,698.67
2024,2910727,Eunápolis,29068354,2° ano do Ensino Fundamental,Municipal,Presente,Sim,813.25
2024,2916807,Itarantim,29116550,2° ano do Ensino Fundamental,Municipal,Presente,Sim,776.69
2024,2920403,Manoel Vitorino,29148248,2° ano do Ensino Fundamental,Municipal,Presente,Não,660.45
2024,2927309,Salinas da Margarida,29192072,2° ano do Ensino Fundamental,Municipal,Presente,Não,717.28
2024,2927408,Salvador,29210727,2° ano do Ensino Fundamental,Municipal,Presente,Não,687.07
2024,2927408,Salvador,29218067,2° ano do Ensino Fundamental,Municipal,Presente,Não,675.9
2024,2932457,Umburanas,29256438,2° ano do Ensino Fundamental,Municipal,Presente,Sim,781.79
2024,2933307,Vitória da Conquista,29265824,2° ano do Ensino Fundamental,Municipal,Presente,Sim,777.68
2024,2933455,Wanderley,29268578,2° ano do Ensino Fundamental,Municipal,Presente,Sim,789.22
2024,3101607,Alfenas,31060826,2° ano do Ensino Fundamental,Estadual,Presente,Sim,756.25
2024,3124302,Espinosa,31077478,2° ano do Ensino Fundamental,Estadual,Presente,Sim,795.64
2024,3140902,Matipó,31168246,2° ano do Ensino Fundamental,Estadual,Presente,Sim,766.57
2024,3141306,Medeiros,31011130,2° ano do Ensino Fundamental,Municipal,Presente,Sim,799.1
2024,3149309,Pedro Leopoldo,31131087,2° ano do Ensino Fundamental,Municipal,Presente,Sim,777.76
2024,3157302,Santa Bárbara do Tugúrio,31152537,2° ano do Ensino Fundamental,Municipal,Presente,Sim,775.29
2024,3167202,Sete Lagoas,31131318,2° ano do Ensino Fundamental,Estadual,Presente,Sim,758.86
2024,3200102,Afonso Cláudio,32042756,2° ano do Ensino Fundamental,Estadual,Presente,Sim,771.47
2024,3502101,Andradina,35006514,2° ano do Ensino Fundamental,Municipal,Presente,Sim,806.3990448
2024,3509502,Campinas,35039048,2° ano do Ensino Fundamental,Estadual,Presente,Sim,760.9565601
2024,3522406,Itapeva,35076778,2° ano do Ensino Fundamental,Municipal,Presente,Sim,781.8094351
2024,3543402,Ribeirão Preto,35155256,2° ano do Ensino Fundamental,Estadual,Presente,Não,731.4163951
2024,3550308,São Paulo,35391341,2° ano do Ensino Fundamental,Estadual,Presente,Não,725.2946101
2024,4113700,Londrina,41135714,2° ano do Ensino Fundamental,Municipal,Presente,Sim,755.12
2024,4301404,Arvorezinha,43027926,2° ano do Ensino Fundamental,Estadual,Presente,Sim,769.3359249
2024,4303905,Campo Bom,43011213,2° ano do Ensino Fundamental,Municipal,Presente,Não,682.0305449
2024,5008305,Três Lagoas,50038130,2° ano do Ensino Fundamental,Municipal,Presente,Sim,794.82
2024,5200803,Alvorada do Norte,52074731,2° ano do Ensino Fundamental,Municipal,Presente,Sim,783.42
2024,5201405,Aparecida de Goiânia,52020523,2° ano do Ensino Fundamental,Municipal,Presente,Sim,782.16
2024,5210802,Itajá,52040878,2° ano do Ensino Fundamental,Municipal,Presente,Sim,759.31
2024,5212501,Luziânia,52030779,2° ano do Ensino Fundamental,Municipal,Presente,Sim,782.51
2024,5219605,Santa Tereza de Goiás,52047784,2° ano do Ensino Fundamental,Municipal,Presente,Sim,823.03
2024,1501402,Belém,15091904,2° ano do Ensino Fundamental,Estadual,Presente,Não,732.94
2024,1505502,Paragominas,15055592,2° ano do Ensino Fundamental,Municipal,Presente,Não,657.18
2024,2206308,Miguel Leão,22016771,2° ano do Ensino Fundamental,Municipal,Presente,Não,737.81
2024,2301000,Aquiraz,23077829,2° ano do Ensino Fundamental,Municipal,Presente,Sim,816.02
2024,2302057,Barroquinha,23018307,2° ano do Ensino Fundamental,Municipal,Presente,Sim,857.1
2024,2304400,Fortaleza,23008546,2° ano do Ensino Fundamental,Municipal,Presente,Sim,791.24
2024,2304400,Fortaleza,23087020,2° ano do Ensino Fundamental,Municipal,Presente,Não,665.02
2024,2304400,Fortaleza,23008445,2° ano do Ensino Fundamental,Municipal,Presente,Sim,822.99
2024,2305605,Independência,23013699,2° ano do Ensino Fundamental,Municipal,Presente,Sim,835.09
2024,2309607,Pacajus,23055386,2° ano do Ensino Fundamental,Municipal,Presente,Sim,871.62
2024,2310506,Pedra Branca,23069278,2° ano do Ensino Fundamental,Municipal,Presente,Sim,832.02
2024,2311231,Potiretama,23021993,2° ano do Ensino Fundamental,Municipal,Presente,Sim,854.14
2024,2313104,Tabuleiro do Norte,23072792,2° ano do Ensino Fundamental,Municipal,Presente,Sim,834.1
2024,2313500,Trairi,23057608,2° ano do Ensino Fundamental,Municipal,Presente,Sim,797.96
2024,2508000,Juru,25007475,2° ano do Ensino Fundamental,Municipal,Presente,Sim,802.31
2024,2512408,Puxinanã,25025406,2° ano do Ensino Fundamental,Municipal,Presente,Não,632.18
2024,2604403,Chã de Alegria,26014732,2° ano do Ensino Fundamental,Municipal,Presente,Sim,815.06
2024,2609006,Macaparana,26020336,2° ano do Ensino Fundamental,Municipal,Presente,Sim,775.01
2024,2611903,Rio Formoso,26024570,2° ano do Ensino Fundamental,Municipal,Presente,Sim,823.23
2024,2701506,Campo Grande,27006572,2° ano do Ensino Fundamental,Municipal,Presente,Não,701.2
2024,2801207,Canindé de São Francisco,28000068,2° ano do Ensino Fundamental,Municipal,Presente,Não,619.69
2024,2902104,Araci,29009748,2° ano do Ensino Fundamental,Municipal,Presente,Não,706.29
2024,2903201,Barreiras,29015873,2° ano do Ensino Fundamental,Municipal,Presente,Sim,757.76
2024,2920205,Malhada,29147773,2° ano do Ensino Fundamental,Municipal,Presente,Sim,789.22
2024,2924652,Pintadas,29172793,2° ano do Ensino Fundamental,Municipal,Presente,Não,724.06
2024,2933307,Vitória da Conquista,29267992,2° ano do Ensino Fundamental,Municipal,Presente,Não,640.17
2024,3135100,Janaúba,31016816,2° ano do Ensino Fundamental,Estadual,Presente,Sim,795.98
2024,3156908,Sacramento,31141954,2° ano do Ensino Fundamental,Municipal,Presente,Sim,765.99
2024,3201704,Conceição do Castelo,32043733,2° ano do Ensino Fundamental,Municipal,Presente,Sim,771.27
2024,3304755,São Francisco de Itabapoana,33076522,2° ano do Ensino Fundamental,Municipal,Presente,Não,683.4
2024,3509502,Campinas,35047852,2° ano do Ensino Fundamental,Estadual,Presente,Sim,806.3990448
2024,3513405,Cruzeiro,35068091,2° ano do Ensino Fundamental,Municipal,Presente,Não,735.1983524
2024,3513801,Diadema,35255442,2° ano do Ensino Fundamental,Estadual,Presente,Sim,781.8094351
2024,3526902,Limeira,35111322,2° ano do Ensino Fundamental,Municipal,Presente,Sim,767.4745456
2024,3527405,Lucélia,35001081,2° ano do Ensino Fundamental,Municipal,Presente,Sim,763.8662289
2024,3537107,Pedreira,35126867,2° ano do Ensino Fundamental,Municipal,Presente,Sim,806.3990448
2024,3547304,Santana de Parnaíba,35307806,2° ano do Ensino Fundamental,Municipal,Presente,Não,682.1869701
2024,3549904,São José dos Campos,35189818,2° ano do Ensino Fundamental,Municipal,Presente,Sim,766.7537873
2024,3550308,São Paulo,35380545,2° ano do Ensino Fundamental,Estadual,Presente,Sim,806.3990448
2024,3550308,São Paulo,35351656,2° ano do Ensino Fundamental,Estadual,Presente,Sim,746.8430102
2024,4103503,Califórnia,41045846,2° ano do Ensino Fundamental,Municipal,Presente,Sim,743.36
2024,4113205,Lapa,41055532,2° ano do Ensino Fundamental,Municipal,Presente,Sim,786.72
2024,4306403,Dois Irmãos,43024120,2° ano do Ensino Fundamental,Municipal,Presente,Sim,765.5400293
2024,4310009,Ibirubá,43022933,2° ano do Ensino Fundamental,Municipal,Presente,Não,741.8146931
2024,5212501,Luziânia,52030343,2° ano do Ensino Fundamental,Municipal,Presente,Sim,760.71
2024,1506203,Salinópolis,15066332,2° ano do Ensino Fundamental,Municipal,Presente,Não,656.98
2024,2101202,Bacabal,21043698,2° ano do Ensino Fundamental,Municipal,Presente,Sim,760.41
2024,2104800,Grajaú,21050496,2° ano do Ensino Fundamental,Municipal,Presente,Sim,755.16
2024,2208403,Piripiri,22007303,2° ano do Ensino Fundamental,Municipal,Presente,Não,666.18
2024,2300200,Acaraú,23041645,2° ano do Ensino Fundamental,Municipal,Presente,Sim,760.56
2024,2303709,Caucaia,23011875,2° ano do Ensino Fundamental,Municipal,Presente,Não,721.16
2024,2304400,Fortaleza,23089511,2° ano do Ensino Fundamental,Municipal,Presente,Sim,831.72
2024,2304400,Fortaleza,23087132,2° ano do Ensino Fundamental,Municipal,Presente,Sim,770.96
2024,2304400,Fortaleza,23079715,2° ano do Ensino Fundamental,Municipal,Presente,Não,660.69
2024,2305100,Guaramiranga,23065570,2° ano do Ensino Fundamental,Municipal,Presente,Sim,858.05
2024,2305506,Iguatu,23016236,2° ano do Ensino Fundamental,Municipal,Presente,Não,681.07
2024,2308203,Meruoca,23073551,2° ano do Ensino Fundamental,Municipal,Presente,Sim,896.1
2024,2313500,Trairi,23056943,2° ano do Ensino Fundamental,Municipal,Presente,Sim,877.13
2024,2500809,Araçagi,25017878,2° ano do Ensino Fundamental,Municipal,Presente,Não,733.79
2024,2602001,Bodocó,26060862,2° ano do Ensino Fundamental,Municipal,Presente,Sim,772.99
2024,2604908,Cumaru,26074958,2° ano do Ensino Fundamental,Municipal,Presente,Sim,788.44
2024,2609600,Olinda,26029407,2° ano do Ensino Fundamental,Municipal,Presente,Não,722.6
2024,2704302,Maceió,27000367,2° ano do Ensino Fundamental,Estadual,Presente,Sim,749.63
2024,2704302,Maceió,27000374,2° ano do Ensino Fundamental,Estadual,Presente,Não,704.15
2024,2902104,Araci,29009316,2° ano do Ensino Fundamental,Municipal,Presente,Não,684.85
2024,2917706,Jaguarari,29122762,2° ano do Ensino Fundamental,Municipal,Presente,Não,706.12
2024,2918407,Juazeiro,29902095,2° ano do Ensino Fundamental,Municipal,Presente,Não,716.58
2024,2919207,Lauro de Freitas,29139474,2° ano do Ensino Fundamental,Municipal,Presente,Não,726.27
2024,2931350,Teixeira de Freitas,29940299,2° ano do Ensino Fundamental,Municipal,Presente,Não,650.75
2024,3161502,São Geraldo,31077327,2° ano do Ensino Fundamental,Municipal,Presente,Sim,793.7
2024,3506102,Bebedouro,35085568,2° ano do Ensino Fundamental,Municipal,Presente,Sim,806.3990448
2024,3509254,Cajati,35152779,2° ano do Ensino Fundamental,Municipal,Presente,Sim,768.07215
2024,3522307,Itapetininga,35072679,2° ano do Ensino Fundamental,Municipal,Presente,Sim,806.3990448
2024,3533403,Nova Odessa,35004037,2° ano do Ensino Fundamental,Municipal,Presente,Não,742.8364146
2024,3550308,São Paulo,35404148,2° ano do Ensino Fundamental,Estadual,Presente,Sim,755.2275492
2024,3550308,São Paulo,35376082,2° ano do Ensino Fundamental,Estadual,Presente,Sim,778.2353432
2024,4305355,Charqueadas,43108261,2° ano do Ensino Fundamental,Municipal,Presente,Não,683.1151037
2024,4313011,Nova Candelária,43097092,2° ano do Ensino Fundamental,Municipal,Presente,Não,697.5017568
2024,5002704,Campo Grande,50039126,2° ano do Ensino Fundamental,Municipal,Presente,Não,655.0
2024,5006200,Nova Andradina,50031606,2° ano do Ensino Fundamental,Municipal,Presente,Sim,809.52
2024,5103601,Dom Aquino,51019964,2° ano do Ensino Fundamental,Municipal,Presente,Sim,845.94
2024,5213087,Minaçu,52060445,2° ano do Ensino Fundamental,Municipal,Presente,Sim,769.8
2024,5218300,Posse,52048403,2° ano do Ensino Fundamental,Municipal,Presente,Sim,768.88
2024,5218805,Rio Verde,52050533,2° ano do Ensino Fundamental,Municipal,Presente,Sim,768.52
2024,1600808,Vitória do Jari,16000681,2° ano do Ensino Fundamental,Municipal,Presente,Não,661.43
2024,2100907,Araioses,21059715,2° ano do Ensino Fundamental,Municipal,Presente,Sim,836.31
2024,2101004,Arari,21057163,2° ano do Ensino Fundamental,Municipal,Presente,Sim,764.19
2024,2104677,Governador Nunes Freire,21022934,2° ano do Ensino Fundamental,Municipal,Presente,Sim,759.28
2024,2207959,Nova Santa Rita,22022995,2° ano do Ensino Fundamental,Municipal,Presente,Não,664.73
2024,2301109,Aracati,23051124,2° ano do Ensino Fundamental,Municipal,Presente,Sim,833.15
2024,2303709,Caucaia,23013005,2° ano do Ensino Fundamental,Municipal,Presente,Sim,805.28
2024,2304202,Crato,23018099,2° ano do Ensino Fundamental,Municipal,Presente,Sim,831.2
2024,2304400,Fortaleza,23037717,2° ano do Ensino Fundamental,Municipal,Presente,Sim,795.89
2024,2304400,Fortaleza,23008360,2° ano do Ensino Fundamental,Municipal,Presente,Não,726.13
2024,2306108,Irauçuba,23069191,2° ano do Ensino Fundamental,Municipal,Presente,Sim,762.71
2024,2308708,Morada Nova,23086434,2° ano do Ensino Fundamental,Municipal,Presente,Sim,786.04
2024,2311900,Saboeiro,23008970,2° ano do Ensino Fundamental,Municipal,Presente,Sim,827.34
2024,2512507,Queimadas,25012673,2° ano do Ensino Fundamental,Municipal,Presente,Sim,784.23
2024,2603454,Camaragibe,26035794,2° ano do Ensino Fundamental,Municipal,Presente,Não,711.59
2024,2611903,Rio Formoso,26024696,2° ano do Ensino Fundamental,Municipal,Presente,Não,639.72
2024,2612208,Salgueiro,26055313,2° ano do Ensino Fundamental,Municipal,Presente,Sim,786.66
2024,2704500,Maragogi,27018152,2° ano do Ensino Fundamental,Municipal,Presente,Não,627.31
2024,2906501,Candeias,29044487,2° ano do Ensino Fundamental,Municipal,Presente,Não,670.72
2024,2907202,Casa Nova,29049568,2° ano do Ensino Fundamental,Municipal,Presente,Não,695.21
2024,2911709,Guanambi,29085825,2° ano do Ensino Fundamental,Municipal,Presente,Sim,771.45
2024,2914802,Itabuna,29106922,2° ano do Ensino Fundamental,Municipal,Presente,Não,733.81
2024,2918001,Jequié,29124520,2° ano do Ensino Fundamental,Municipal,Presente,Não,736.38
2024,2918407,Juazeiro,29131010,2° ano do Ensino Fundamental,Municipal,Presente,Não,691.71
2024,2925808,Queimadas,29912925,2° ano do Ensino Fundamental,Municipal,Presente,Sim,750.66
2024,2927408,Salvador,29943834,2° ano do Ensino Fundamental,Municipal,Presente,Não,668.51
2024,2928604,Santo Amaro,29227490,2° ano do Ensino Fundamental,Municipal,Presente,Não,730.78
2024,2928703,Santo Antônio de Jesus,29228900,2° ano do Ensino Fundamental,Municipal,Presente,Não,677.9
2024,3118601,Contagem,31177551,2° ano do Ensino Fundamental,Estadual,Presente,Sim,841.09
2024,3204955,São Roque do Canaã,32047521,2° ano do Ensino Fundamental,Municipal,Presente,Sim,754.09
2024,3516408,Franco da Rocha,35244885,2° ano do Ensino Fundamental,Municipal,Presente,Não,733.5598628
2024,3530300,Mirassol,35098518,2° ano do Ensino Fundamental,Municipal,Presente,Sim,786.1511403
2024,3543907,Rio Claro,35114148,2° ano do Ensino Fundamental,Municipal,Presente,Sim,806.3990448
2024,3547809,Santo André,35309879,2° ano do Ensino Fundamental,Estadual,Presente,Sim,751.5861956
2024,3550308,São Paulo,35428303,2° ano do Ensino Fundamental,Estadual,Presente,Não,742.7137622
2024,3556701,Vinhedo,35049276,2° ano do Ensino Fundamental,Municipal,Presente,Sim,806.3990448
2024,4100707,Alto Piquiri,41044377,2° ano do Ensino Fundamental,Municipal,Presente,Sim,745.4
2024,4126272,Saudade do Iguaçu,41080606,2° ano do Ensino Fundamental,Municipal,Presente,Sim,789.45
2024,5000856,Angélica,50030070,2° ano do Ensino Fundamental,Municipal,Presente,Sim,769.93
2024,5007802,Selvíria,50037238,2° ano do Ensino Fundamental,Municipal,Presente,Não,648.2
2024,5200175,Água Fria de Goiás,52061039,2° ano do Ensino Fundamental,Municipal,Presente,Sim,793.37
2024,1303304,Novo Aripuanã,13017887,2° ano do Ensino Fundamental,Estadual,Presente,Sim,765.26
2024,2100477,Alto Alegre do Pindaré,21017543,2° ano do Ensino Fundamental,Municipal,Presente,Sim,757.45
2024,2100501,Alto Parnaíba,21053693,2° ano do Ensino Fundamental,Municipal,Presente,Sim,770.21
2024,2106755,Miranda do Norte,21012709,2° ano do Ensino Fundamental,Municipal,Presente,Não,718.32
2024,2110039,Santa Luzia do Paruá,21024200,2° ano do Ensino Fundamental,Municipal,Presente,Sim,774.93
2024,2112233,Trizidela do Vale,21045960,2° ano do Ensino Fundamental,Municipal,Presente,Sim,766.63
2024,2203404,Dom Expedito Lopes,22018843,2° ano do Ensino Fundamental,Municipal,Presente,Não,742.73
2024,2204006,Francinópolis,22017389,2° ano do Ensino Fundamental,Municipal,Presente,Sim,799.74
2024,2208502,Porto,22005383,2° ano do Ensino Fundamental,Municipal,Presente,Não,726.74
2024,2300309,Acopiara,23074295,2° ano do Ensino Fundamental,Municipal,Presente,Não,647.22
2024,2300309,Acopiara,23051573,2° ano do Ensino Fundamental,Municipal,Presente,Sim,750.59
2024,2303808,Cedro,23044523,2° ano do Ensino Fundamental,Municipal,Presente,Sim,789.55
2024,2304400,Fortaleza,23040387,2° ano do Ensino Fundamental,Municipal,Presente,Sim,827.52
2024,2304954,Guaiúba,23004381,2° ano do Ensino Fundamental,Municipal,Presente,Sim,824.57
2024,2307106,Jardim,23032677,2° ano do Ensino Fundamental,Municipal,Presente,Não,740.03
2024,2310506,Pedra Branca,23070692,2° ano do Ensino Fundamental,Municipal,Presente,Sim,896.1
2024,2611101,Petrolina,26071271,2° ano do Ensino Fundamental,Municipal,Presente,Não,719.39
2024,2611606,Recife,26050080,2° ano do Ensino Fundamental,Municipal,Presente,Sim,779.29
2024,2901007,Amargosa,29005076,2° ano do Ensino Fundamental,Municipal,Presente,Não,698.67
2024,2903201,Barreiras,29018635,2° ano do Ensino Fundamental,Municipal,Presente,Sim,767.22
2024,2906204,Canarana,29042317,2° ano do Ensino Fundamental,Municipal,Presente,Não,634.88
2024,2906501,Candeias,29043663,2° ano do Ensino Fundamental,Municipal,Presente,Sim,770.06
2024,2913101,Ibititá,29091590,2° ano do Ensino Fundamental,Municipal,Presente,Não,685.03
2024,2916500,Itapicuru,29115771,2° ano do Ensino Fundamental,Municipal,Presente,Sim,766.08
2024,2920007,Maiquinique,29147079,2° ano do Ensino Fundamental,Municipal,Presente,Sim,791.44
2024,2921104,Medeiros Neto,29152868,2° ano do Ensino Fundamental,Municipal,Presente,Sim,770.76
2024,2922003,Mucuri,29156794,2° ano do Ensino Fundamental,Municipal,Presente,Não,741.76
2024,2924801,Piritiba,29173381,2° ano do Ensino Fundamental,Municipal,Presente,Não,732.05
2024,2927408,Salvador,29197351,2° ano do Ensino Fundamental,Municipal,Presente,Não,715.78
2024,2931509,Teofilândia,29252701,2° ano do Ensino Fundamental,Municipal,Presente,Não,691.74
2024,3118007,Congonhas,31177420,2° ano do Ensino Fundamental,Municipal,Presente,Sim,802.17
2024,3147907,Passos,31188349,2° ano do Ensino Fundamental,Municipal,Presente,Sim,787.35
2024,3149903,Perdões,31123802,2° ano do Ensino Fundamental,Municipal,Presente,Não,679.89
2024,3163805,São Miguel do Anta,31012155,2° ano do Ensino Fundamental,Municipal,Presente,Sim,743.03
2024,3511300,Cedral,35180522,2° ano do Ensino Fundamental,Municipal,Presente,Não,693.2304894
2024,3516002,Flórida Paulista,35000609,2° ano do Ensino Fundamental,Municipal,Presente,Sim,821.514298
2024,3516200,Franca,35063497,2° ano do Ensino Fundamental,Estadual,Presente,Sim,806.3990448
2024,3519071,Hortolândia,35218560,2° ano do Ensino Fundamental,Municipal,Presente,Sim,821.514298
2024,3525003,Jandira,35277752,2° ano do Ensino Fundamental,Municipal,Presente,Sim,765.1643358
2024,3543006,Ribeirão Branco,35008432,2° ano do Ensino Fundamental,Municipal,Presente,Sim,751.4911754
2024,3549904,São José dos Campos,35190953,2° ano do Ensino Fundamental,Municipal,Presente,Não,717.1608009
2024,3550308,São Paulo,35352118,2° ano do Ensino Fundamental,Estadual,Presente,Não,696.908167
2024,3552205,Sorocaba,35213207,2° ano do Ensino Fundamental,Municipal,Presente,Não,696.6015199
2024,3556107,Valentim Gentil,35233073,2° ano do Ensino Fundamental,Municipal,Presente,Sim,747.2016045
2024,5002704,Campo Grande,50001362,2° ano do Ensino Fundamental,Municipal,Presente,Sim,793.89
2024,5004601,Itaquiraí,50028043,2° ano do Ensino Fundamental,Municipal,Presente,Sim,753.32
2024,5210406,Itaberaí,52056443,2° ano do Ensino Fundamental,Municipal,Presente,Não,674.98
2024,5213087,Minaçu,52060367,2° ano do Ensino Fundamental,Municipal,Presente,Não,622.35
2024,2104677,Governador Nunes Freire,21022837,2° ano do Ensino Fundamental,Municipal,Presente,Não,723.9
2024,2105153,Igarapé do Meio,21018361,2° ano do Ensino Fundamental,Municipal,Presente,Sim,751.95
2024,2206951,Novo Santo Antônio,22030731,2° ano do Ensino Fundamental,Municipal,Presente,Sim,760.28
2024,2207702,Parnaíba,22031646,2° ano do Ensino Fundamental,Municipal,Presente,Sim,775.23
2024,2303709,Caucaia,23077308,2° ano do Ensino Fundamental,Municipal,Presente,Sim,800.5
2024,2305506,Iguatu,23016375,2° ano do Ensino Fundamental,Municipal,Presente,Sim,833.95
2024,2306603,Itatira,23015344,2° ano do Ensino Fundamental,Municipal,Presente,Sim,875.86
2024,2309003,Mucambo,23075506,2° ano do Ensino Fundamental,Municipal,Presente,Sim,822.05
2024,2602605,Brejo da Madre de Deus,26001380,2° ano do Ensino Fundamental,Municipal,Presente,Não,719.6
2024,2610707,Paulista,26032674,2° ano do Ensino Fundamental,Municipal,Presente,Sim,767.88
2024,2611101,Petrolina,26070742,2° ano do Ensino Fundamental,Municipal,Presente,Sim,751.67
2024,2611606,Recife,26046229,2° ano do Ensino Fundamental,Municipal,Presente,Sim,767.82
2024,2611606,Recife,26046126,2° ano do Ensino Fundamental,Municipal,Presente,Sim,773.08
2024,2612000,Sairé,26016279,2° ano do Ensino Fundamental,Municipal,Presente,Sim,797.18
2024,2612604,Santa Maria da Boa Vista,26074307,2° ano do Ensino Fundamental,Municipal,Presente,Sim,769.76
2024,2805703,Propriá,28012499,2° ano do Ensino Fundamental,Municipal,Presente,Sim,774.87
2024,2901007,Amargosa,29004871,2° ano do Ensino Fundamental,Municipal,Presente,Sim,743.41
2024,2901353,Andorinha,29006870,2° ano do Ensino Fundamental,Municipal,Presente,Sim,761.91
2024,2905701,Camaçari,29037672,2° ano do Ensino Fundamental,Municipal,Presente,Sim,813.25
2024,2905701,Camaçari,29034482,2° ano do Ensino Fundamental,Municipal,Presente,Não,740.44
2024,2906709,Cândido Sales,29045204,2° ano do Ensino Fundamental,Municipal,Presente,Não,736.68
2024,2910800,Feira de Santana,29080690,2° ano do Ensino Fundamental,Municipal,Presente,Não,699.09
2024,2910800,Feira de Santana,29076392,2° ano do Ensino Fundamental,Municipal,Presente,Sim,774.56
2024,2922656,Nordestina,29159857,2° ano do Ensino Fundamental,Municipal,Presente,Não,683.47
2024,2927101,Rodelas,29191015,2° ano do Ensino Fundamental,Municipal,Presente,Não,672.18
2024,2927408,Salvador,29212645,2° ano do Ensino Fundamental,Municipal,Presente,Não,723.29
2024,2929503,São Sebastião do Passé,29235388,2° ano do Ensino Fundamental,Municipal,Presente,Sim,749.15
2024,2933307,Vitória da Conquista,29267758,2° ano do Ensino Fundamental,Municipal,Presente,Não,658.46
2024,3101508,Além Paraíba,31043913,2° ano do Ensino Fundamental,Municipal,Presente,Não,723.15
2024,3120508,Cristina,31077723,2° ano do Ensino Fundamental,Municipal,Presente,Sim,793.31
2024,3128006,Guanhães,31158620,2° ano do Ensino Fundamental,Estadual,Presente,Sim,778.42
2024,3160405,Santo Antônio do Monte,31105168,2° ano do Ensino Fundamental,Municipal,Presente,Sim,807.88
2024,3166907,Serrania,31013592,2° ano do Ensino Fundamental,Municipal,Presente,Não,742.95
2024,5103254,Colniza,51050255,2° ano do Ensino Fundamental,Municipal,Presente,Sim,818.28
2024,5212501,Luziânia,52030772,2° ano do Ensino Fundamental,Municipal,Presente,Sim,814.45
2024,5218805,Rio Verde,52052533,2° ano do Ensino Fundamental,Municipal,Presente,Não,664.98
2024,5300108,Brasília,53012217,2° ano do Ensino Fundamental,Estadual,Presente,Sim,772.86
2024,2102150,Brejo de Areia,21044138,2° ano do Ensino Fundamental,Municipal,Presente,Sim,804.61
2024,2110278,Santo Amaro do Maranhão,21017272,2° ano do Ensino Fundamental,Municipal,Presente,Sim,782.44
2024,2303501,Cascavel,23008496,2° ano do Ensino Fundamental,Municipal,Presente,Sim,792.96
2024,2303709,Caucaia,23071476,2° ano do Ensino Fundamental,Municipal,Presente,Sim,802.38
2024,2304400,Fortaleza,23043777,2° ano do Ensino Fundamental,Municipal,Presente,Não,718.89
2024,2304400,Fortaleza,23007294,2° ano do Ensino Fundamental,Municipal,Presente,Sim,785.7
2024,2305001,Guaraciaba do Norte,23059047,2° ano do Ensino Fundamental,Municipal,Presente,Sim,814.96
2024,2307304,Juazeiro do Norte,23085968,2° ano do Ensino Fundamental,Municipal,Presente,Sim,782.94
2024,2308500,Mombaça,23062359,2° ano do Ensino Fundamental,Municipal,Presente,Sim,781.19
2024,2310258,Paraipaba,23033488,2° ano do Ensino Fundamental,Municipal,Presente,Sim,839.47
2024,2311405,Quixeramobim,23022140,2° ano do Ensino Fundamental,Municipal,Presente,Sim,828.46
2024,2313500,Trairi,23067668,2° ano do Ensino Fundamental,Municipal,Presente,Sim,818.18
2024,2507507,João Pessoa,25002190,2° ano do Ensino Fundamental,Municipal,Presente,Sim,756.17
2024,2602902,Cabo de Santo Agostinho,26035224,2° ano do Ensino Fundamental,Municipal,Presente,Sim,758.79
2024,2607752,Itapissuma,26028326,2° ano do Ensino Fundamental,Municipal,Presente,Sim,759.53
2024,2612505,Santa Cruz do Capibaribe,26005705,2° ano do Ensino Fundamental,Municipal,Presente,Não,701.95
2024,2806602,Santo Amaro das Brotas,28006371,2° ano do Ensino Fundamental,Municipal,Presente,Não,732.01
2024,2903706,Boa Nova,29021400,2° ano do Ensino Fundamental,Municipal,Presente,Não,691.39
2024,2909000,Cordeiros,29058353,2° ano do Ensino Fundamental,Municipal,Presente,Sim,756.91
2024,2910701,Euclides da Cunha,29068111,2° ano do Ensino Fundamental,Municipal,Presente,Sim,779.62
2024,2910800,Feira de Santana,29077243,2° ano do Ensino Fundamental,Municipal,Presente,Não,645.21
2024,2911204,Gandu,29083384,2° ano do Ensino Fundamental,Municipal,Presente,Não,727.74
2024,2912202,Ibicoara,29088726,2° ano do Ensino Fundamental,Municipal,Presente,Sim,785.93
2024,2913903,Ipiaú,29098663,2° ano do Ensino Fundamental,Municipal,Presente,Não,681.55
2024,2915353,Itaguaçu da Bahia,29109745,2° ano do Ensino Fundamental,Municipal,Presente,Sim,751.65
2024,2915601,Itamaraju,29111248,2° ano do Ensino Fundamental,Municipal,Presente,Não,677.06
2024,2923407,Palmas de Monte Alto,29164996,2° ano do Ensino Fundamental,Municipal,Presente,Não,676.71
2024,2927507,Santa Bárbara,29221769,2° ano do Ensino Fundamental,Municipal,Presente,Não,697.74
2024,2930204,Sento Sé,29238868,2° ano do Ensino Fundamental,Municipal,Presente,Não,742.59
2024,2932457,Umburanas,29256602,2° ano do Ensino Fundamental,Municipal,Presente,Não,689.02
2024,2933307,Vitória da Conquista,29932914,2° ano do Ensino Fundamental,Municipal,Presente,Sim,782.6
2024,2933604,Xique-Xique,29901429,2° ano do Ensino Fundamental,Municipal,Presente,Não,717.52
2024,3156809,Sabinópolis,31026765,2° ano do Ensino Fundamental,Estadual,Presente,Sim,781.3
2024,3501707,Américo Brasiliense,35011391,2° ano do Ensino Fundamental,Municipal,Presente,Sim,765.8537247
2024,3507506,Botucatu,35030410,2° ano do Ensino Fundamental,Municipal,Presente,Sim,763.8662289
2024,3529401,Mauá,35289747,2° ano do Ensino Fundamental,Estadual,Presente,Sim,796.360933
2024,3530003,Mira Estrela,35062380,2° ano do Ensino Fundamental,Municipal,Presente,Sim,756.6920855
2024,3547502,Santa Rita do Passa Quatro,35143279,2° ano do Ensino Fundamental,Municipal,Presente,Não,714.8788135
2024,3549904,São José dos Campos,35189199,2° ano do Ensino Fundamental,Municipal,Presente,Sim,780.5060082
2024,3550308,São Paulo,35348192,2° ano do Ensino Fundamental,Municipal,Presente,Sim,821.514298
2024,3550308,São Paulo,35365047,2° ano do Ensino Fundamental,Municipal,Presente,Sim,765.5988799
2024,3551504,Serrana,35160951,2° ano do Ensino Fundamental,Municipal,Presente,Não,726.0027904
2024,4104907,Castro,41041376,2° ano do Ensino Fundamental,Municipal,Presente,Não,727.05
2024,4122305,Rio Negro,41040712,2° ano do Ensino Fundamental,Municipal,Presente,Sim,871.77
2024,4124103,Santo Antônio da Platina,41038096,2° ano do Ensino Fundamental,Municipal,Presente,Não,737.84
2024,4128104,Umuarama,41037656,2° ano do Ensino Fundamental,Municipal,Presente,Sim,751.69
2024,4307906,Farroupilha,43030614,2° ano do Ensino Fundamental,Estadual,Presente,Sim,778.195309
2024,4321907,Três Passos,43098063,2° ano do Ensino Fundamental,Municipal,Presente,Sim,795.6025223
2024,5103304,Comodoro,51015431,2° ano do Ensino Fundamental,Municipal,Presente,Não,671.83
2024,5209705,Hidrolândia,52021465,2° ano do Ensino Fundamental,Municipal,Presente,Não,729.29
2024,1600600,Santana,16010467,2° ano do Ensino Fundamental,Municipal,Presente,Sim,785.06
2024,1720259,São Salvador do Tocantins,17006422,2° ano do Ensino Fundamental,Municipal,Presente,Sim,801.08
2024,2205508,José de Freitas,22029500,2° ano do Ensino Fundamental,Municipal,Presente,Sim,823.53
2024,2207405,Palmeira do Piauí,22025210,2° ano do Ensino Fundamental,Municipal,Presente,Sim,777.69
2024,2300754,Amontada,23059468,2° ano do Ensino Fundamental,Municipal,Presente,Sim,848.67
2024,2301109,Aracati,23033046,2° ano do Ensino Fundamental,Municipal,Presente,Sim,824.03
2024,2302503,Brejo Santo,23014495,2° ano do Ensino Fundamental,Municipal,Presente,Sim,838.72
2024,2304400,Fortaleza,23007981,2° ano do Ensino Fundamental,Municipal,Presente,Sim,826.39
2024,2307304,Juazeiro do Norte,23046918,2° ano do Ensino Fundamental,Municipal,Presente,Sim,792.91
2024,2307650,Maracanaú,23080966,2° ano do Ensino Fundamental,Municipal,Presente,Sim,842.19
2024,2312403,São Gonçalo do Amarante,23020136,2° ano do Ensino Fundamental,Municipal,Presente,Sim,777.95
2024,2502102,Boa Ventura,25030353,2° ano do Ensino Fundamental,Municipal,Presente,Sim,762.95
2024,2600104,Afogados da Ingazeira,26056676,2° ano do Ensino Fundamental,Municipal,Presente,Não,654.69
2024,2607901,Jaboatão dos Guararapes,26038092,2° ano do Ensino Fundamental,Municipal,Presente,Sim,805.6
2024,2611606,Recife,26046222,2° ano do Ensino Fundamental,Municipal,Presente,Sim,768.99
2024,2611606,Recife,26045260,2° ano do Ensino Fundamental,Municipal,Presente,Não,732.36
2024,2612505,Santa Cruz do Capibaribe,26006209,2° ano do Ensino Fundamental,Municipal,Presente,Sim,799.27
2024,2800308,Aracaju,28015990,2° ano do Ensino Fundamental,Municipal,Presente,Sim,807.75
2024,2900603,Aiquara,29001582,2° ano do Ensino Fundamental,Municipal,Presente,Não,734.44
2024,2902906,Barra do Choça,29014779,2° ano do Ensino Fundamental,Municipal,Presente,Sim,787.24
2024,2904605,Brumado,29026557,2° ano do Ensino Fundamental,Municipal,Presente,Não,728.61
2024,2907806,Cícero Dantas,29052928,2° ano do Ensino Fundamental,Municipal,Presente,Não,705.13
2024,2909406,Cotegipe,29059726,2° ano do Ensino Fundamental,Municipal,Presente,Sim,744.69
2024,2915007,Itaeté,29108443,2° ano do Ensino Fundamental,Municipal,Presente,Não,698.01
2024,2925303,Porto Seguro,29177061,2° ano do Ensino Fundamental,Municipal,Presente,Não,705.66
2024,2931806,Tremedal,29253479,2° ano do Ensino Fundamental,Municipal,Presente,Não,694.75
2024,2932101,Ubaíra,29255172,2° ano do Ensino Fundamental,Municipal,Presente,Sim,759.17
2024,3107307,Bocaiúva,31127934,2° ano do Ensino Fundamental,Municipal,Presente,Não,723.76
2024,3108305,Borda da Mata,31017516,2° ano do Ensino Fundamental,Municipal,Presente,Sim,776.01
2024,3121803,Dionísio,31105236,2° ano do Ensino Fundamental,Municipal,Presente,Sim,749.74
2024,3124609,Estrela Dalva,31038359,2° ano do Ensino Fundamental,Municipal,Presente,Sim,756.23
2024,3132305,Itaipé,31013120,2° ano do Ensino Fundamental,Municipal,Presente,Sim,757.13
2024,3135100,Janaúba,31088776,2° ano do Ensino Fundamental,Estadual,Presente,Sim,811.26
2024,3143302,Montes Claros,31108174,2° ano do Ensino Fundamental,Estadual,Presente,Sim,790.05
2024,3152402,Poté,31105142,2° ano do Ensino Fundamental,Municipal,Presente,Sim,772.72
2024,3162708,São João do Paraíso,31051856,2° ano do Ensino Fundamental,Municipal,Presente,Não,732.95
2024,3300209,Araruama,33002571,2° ano do Ensino Fundamental,Municipal,Presente,Não,708.9
2024,3301850,Guapimirim,33043967,2° ano do Ensino Fundamental,Municipal,Presente,Não,657.77
2024,3504008,Assis,35015171,2° ano do Ensino Fundamental,Municipal,Presente,Não,729.8875654
2024,3509502,Campinas,35038441,2° ano do Ensino Fundamental,Estadual,Presente,Não,693.0696359
2024,3523107,Itaquaquecetuba,35286071,2° ano do Ensino Fundamental,Municipal,Presente,Sim,806.3990448
2024,3528007,Macatuba,35096583,2° ano do Ensino Fundamental,Municipal,Presente,Sim,821.514298
2024,3535507,Paraguaçu Paulista,35016506,2° ano do Ensino Fundamental,Municipal,Presente,Sim,821.514298
2024,3543402,Ribeirão Preto,35159062,2° ano do Ensino Fundamental,Estadual,Presente,Sim,796.360933
2024,3547007,Santa Maria da Serra,35134726,2° ano do Ensino Fundamental,Municipal,Presente,Sim,759.0356307
2024,3548500,Santos,35166911,2° ano do Ensino Fundamental,Municipal,Presente,Não,697.1526971
2024,3550308,São Paulo,35375525,2° ano do Ensino Fundamental,Estadual,Presente,Sim,821.514298
2024,4107546,Espigão Alto do Iguaçu,41021754,2° ano do Ensino Fundamental,Municipal,Presente,Não,735.7
2024,4113700,Londrina,41123403,2° ano do Ensino Fundamental,Municipal,Presente,Sim,769.24
2024,4128559,Vera Cruz do Oeste,41037996,2° ano do Ensino Fundamental,Municipal,Presente,Não,677.04
2024,5002951,Chapadão do Sul,50032450,2° ano do Ensino Fundamental,Municipal,Presente,Sim,777.73
2024,5218805,Rio Verde,52052195,2° ano do Ensino Fundamental,Municipal,Presente,Sim,792.97
2024,1501402,Belém,15093347,2° ano do Ensino Fundamental,Estadual,Presente,Não,740.05
2024,1707108,Divinópolis do Tocantins,17011323,2° ano do Ensino Fundamental,Municipal,Presente,Sim,790.79
2024,2211001,Teresina,22009438,2° ano do Ensino Fundamental,Municipal,Presente,Não,664.53
2024,2302800,Canindé,23020418,2° ano do Ensino Fundamental,Municipal,Presente,Sim,778.37
2024,2302909,Capistrano,23062578,2° ano do Ensino Fundamental,Municipal,Presente,Sim,819.19
2024,2303808,Cedro,23077439,2° ano do Ensino Fundamental,Municipal,Presente,Sim,885.04
2024,2305266,Ibaretama,23042208,2° ano do Ensino Fundamental,Municipal,Presente,Não,700.44
2024,2307304,Juazeiro do Norte,23036663,2° ano do Ensino Fundamental,Municipal,Presente,Sim,826.34
2024,2309201,Nova Olinda,23027667,2° ano do Ensino Fundamental,Municipal,Presente,Sim,848.86
2024,2313500,Trairi,23066828,2° ano do Ensino Fundamental,Municipal,Presente,Sim,802.14
2024,2603108,Cachoeirinha,26077252,2° ano do Ensino Fundamental,Municipal,Presente,Sim,744.48
2024,2607208,Ipojuca,26037526,2° ano do Ensino Fundamental,Municipal,Presente,Não,729.78
2024,2611101,Petrolina,26071592,2° ano do Ensino Fundamental,Municipal,Presente,Sim,787.69
2024,2611606,Recife,26046325,2° ano do Ensino Fundamental,Municipal,Presente,Sim,783.38
2024,2612307,Saloá,26012898,2° ano do Ensino Fundamental,Municipal,Presente,Sim,772.94
2024,2614808,Tacaratu,26068297,2° ano do Ensino Fundamental,Municipal,Presente,Sim,810.2
2024,2701308,Cajueiro,27032316,2° ano do Ensino Fundamental,Municipal,Presente,Não,707.75
2024,2704302,Maceió,27032875,2° ano do Ensino Fundamental,Municipal,Presente,Não,725.61
2024,2704708,Marechal Deodoro,27018636,2° ano do Ensino Fundamental,Municipal,Presente,Não,723.23
2024,2705002,Mata Grande,27019587,2° ano do Ensino Fundamental,Municipal,Presente,Não,731.6
2024,2709301,União dos Palmares,27031451,2° ano do Ensino Fundamental,Municipal,Presente,Sim,762.34
2024,2801702,Cristinápolis,28005074,2° ano do Ensino Fundamental,Municipal,Presente,Sim,748.77
2024,2910602,Esplanada,29066305,2° ano do Ensino Fundamental,Municipal,Presente,Não,689.38
2024,2911402,Glória,29083851,2° ano do Ensino Fundamental,Municipal,Presente,Não,660.88
2024,2914802,Itabuna,29105809,2° ano do Ensino Fundamental,Municipal,Presente,Não,631.47
2024,2914802,Itabuna,29105239,2° ano do Ensino Fundamental,Municipal,Presente,Sim,755.01
2024,2915205,Itagibá,29109194,2° ano do Ensino Fundamental,Municipal,Presente,Sim,766.89
2024,2925808,Queimadas,29183472,2° ano do Ensino Fundamental,Municipal,Presente,Não,686.37
2024,2927408,Salvador,29208085,2° ano do Ensino Fundamental,Municipal,Presente,Sim,750.88
2024,2927408,Salvador,29194161,2° ano do Ensino Fundamental,Municipal,Presente,Não,657.61
2024,2927408,Salvador,29220095,2° ano do Ensino Fundamental,Municipal,Presente,Não,728.02
2024,2928307,Santanópolis,29226759,2° ano do Ensino Fundamental,Municipal,Presente,Sim,782.6
2024,2929255,São Gabriel,29233657,2° ano do Ensino Fundamental,Municipal,Presente,Sim,774.56
2024,2932101,Ubaíra,29926597,2° ano do Ensino Fundamental,Municipal,Presente,Sim,749.43
2024,3117801,Conceição dos Ouros,31001847,2° ano do Ensino Fundamental,Municipal,Presente,Sim,748.98
2024,3303906,Petrópolis,33068576,2° ano do Ensino Fundamental,Municipal,Presente,Não,731.78
2024,3508801,Cafelândia,35115870,2° ano do Ensino Fundamental,Estadual,Presente,Sim,762.6142608
2024,4321006,Tapera,43028369,2° ano do Ensino Fundamental,Municipal,Presente,Sim,836.3773184
2024,5002704,Campo Grande,50001376,2° ano do Ensino Fundamental,Municipal,Presente,Sim,831.62
2024,5006606,Ponta Porã,50035035,2° ano do Ensino Fundamental,Municipal,Presente,Não,710.52
2024,5007109,Ribas do Rio Pardo,50013217,2° ano do Ensino Fundamental,Municipal,Presente,Não,731.76
2024,1100205,Porto Velho,11013150,2° ano do Ensino Fundamental,Municipal,Presente,Sim,784.01
2024,1100700,Campo Novo de Rondônia,11020465,2° ano do Ensino Fundamental,Municipal,Presente,Sim,813.43
2024,1501303,Barcarena,15014954,2° ano do Ensino Fundamental,Municipal,Presente,Não,693.08
2024,2101939,Bernardo do Mearim,21045108,2° ano do Ensino Fundamental,Municipal,Presente,Sim,809.93
2024,2103703,Cururupu,21034607,2° ano do Ensino Fundamental,Municipal,Presente,Sim,787.6
2024,2106003,Lima Campos,21045400,2° ano do Ensino Fundamental,Municipal,Presente,Não,712.7
2024,2202604,Castelo do Piauí,22015500,2° ano do Ensino Fundamental,Municipal,Presente,Sim,754.16
2024,2203909,Floriano,22020724,2° ano do Ensino Fundamental,Municipal,Presente,Não,668.43
2024,2300200,Acaraú,23014034,2° ano do Ensino Fundamental,Municipal,Presente,Sim,832.98
2024,2303709,Caucaia,23028884,2° ano do Ensino Fundamental,Municipal,Presente,Sim,803.49
2024,2303709,Caucaia,23014467,2° ano do Ensino Fundamental,Municipal,Presente,Sim,785.21
2024,2304004,Coreaú,23070538,2° ano do Ensino Fundamental,Municipal,Presente,Sim,878.92
2024,2304202,Crato,23024517,2° ano do Ensino Fundamental,Municipal,Presente,Sim,806.21
2024,2304400,Fortaleza,23038963,2° ano do Ensino Fundamental,Municipal,Presente,Sim,845.64
2024,2304400,Fortaleza,23053844,2° ano do Ensino Fundamental,Municipal,Presente,Sim,788.82
2024,2304400,Fortaleza,23030141,2° ano do Ensino Fundamental,Municipal,Presente,Sim,818.15
2024,2305506,Iguatu,23030600,2° ano do Ensino Fundamental,Municipal,Presente,Sim,774.13
2024,2309805,Pacoti,23017294,2° ano do Ensino Fundamental,Municipal,Presente,Sim,828.47
2024,2600401,Água Preta,26077987,2° ano do Ensino Fundamental,Municipal,Presente,Sim,830.59
2024,2606002,Garanhuns,26011056,2° ano do Ensino Fundamental,Municipal,Presente,Não,700.31
2024,2616407,Vitória de Santo Antão,26016696,2° ano do Ensino Fundamental,Municipal,Presente,Não,714.85
2024,2706406,Pão de Açúcar,27033123,2° ano do Ensino Fundamental,Municipal,Presente,Sim,746.77
2024,2900702,Alagoinhas,29002758,2° ano do Ensino Fundamental,Municipal,Presente,Não,740.75
2024,2913903,Ipiaú,29098390,2° ano do Ensino Fundamental,Municipal,Presente,Não,649.53
2024,2919553,Luís Eduardo Magalhães,29141896,2° ano do Ensino Fundamental,Municipal,Presente,Não,720.94
2024,2923001,Nova Viçosa,29162451,2° ano do Ensino Fundamental,Municipal,Presente,Não,703.46
2024,2925931,Quixabeira,29184219,2° ano do Ensino Fundamental,Municipal,Presente,Não,697.42
2024,2928802,Santo Estêvão,29229955,2° ano do Ensino Fundamental,Municipal,Presente,Não,740.8
2024,2932606,Urandi,29257276,2° ano do Ensino Fundamental,Municipal,Presente,Não,689.4
2024,3104908,Baependi,31131418,2° ano do Ensino Fundamental,Municipal,Presente,Sim,772.55
2024,3107406,Bom Despacho,31032827,2° ano do Ensino Fundamental,Estadual,Presente,Sim,765.07
2024,3116605,Cláudio,31049033,2° ano do Ensino Fundamental,Municipal,Presente,Sim,754.49
2024,3162708,São João do Paraíso,31168881,2° ano do Ensino Fundamental,Municipal,Presente,Sim,767.72
2024,3201209,Cachoeiro de Itapemirim,32036949,2° ano do Ensino Fundamental,Municipal,Presente,Não,682.74
2024,3503802,Artur Nogueira,35109540,2° ano do Ensino Fundamental,Municipal,Presente,Não,704.763574
2024,3515103,Embu-Guaçu,35274245,2° ano do Ensino Fundamental,Estadual,Presente,Não,734.9963329
2024,3520509,Indaiatuba,35051644,2° ano do Ensino Fundamental,Municipal,Presente,Não,655.1328004
2024,3523404,Itatiba,35100841,2° ano do Ensino Fundamental,Municipal,Presente,Sim,821.514298
2024,3528502,Mairiporã,35245980,2° ano do Ensino Fundamental,Municipal,Presente,Não,725.3490013
2024,3550308,São Paulo,35401041,2° ano do Ensino Fundamental,Estadual,Presente,Sim,821.514298
2024,4320909,Tapejara,43032690,2° ano do Ensino Fundamental,Municipal,Presente,Não,734.0835823
2024,5201405,Aparecida de Goiânia,52020363,2° ano do Ensino Fundamental,Municipal,Presente,Sim,805.62
2024,5215231,Novo Gama,52075727,2° ano do Ensino Fundamental,Municipal,Presente,Não,714.66
2024,1503606,Itaituba,15035337,2° ano do Ensino Fundamental,Municipal,Presente,Sim,751.94
2024,1508159,Uruará,15085298,2° ano do Ensino Fundamental,Municipal,Presente,Sim,762.01
2024,1717008,Pindorama do Tocantins,17015694,2° ano do Ensino Fundamental,Municipal,Presente,Não,673.11
2024,2101202,Bacabal,21043844,2° ano do Ensino Fundamental,Municipal,Presente,Não,681.26
2024,2210706,Simões,22027469,2° ano do Ensino Fundamental,Municipal,Presente,Sim,815.97
2024,2304400,Fortaleza,23078441,2° ano do Ensino Fundamental,Municipal,Presente,Sim,762.4
2024,2304400,Fortaleza,23018810,2° ano do Ensino Fundamental,Municipal,Presente,Não,660.63
2024,2509057,Marcação,25011098,2° ano do Ensino Fundamental,Estadual,Presente,Sim,766.2
2024,2609808,Orocó,26069499,2° ano do Ensino Fundamental,Municipal,Presente,Sim,782.9
2024,2613008,São Bento do Una,26013318,2° ano do Ensino Fundamental,Municipal,Presente,Sim,775.84
2024,2706000,Olivença,27021150,2° ano do Ensino Fundamental,Municipal,Presente,Não,732.83
2024,2706901,Pilar,27024047,2° ano do Ensino Fundamental,Municipal,Presente,Não,717.0
2024,2708006,Santana do Ipanema,27027140,2° ano do Ensino Fundamental,Municipal,Presente,Sim,773.16
2024,2800308,Aracaju,28015916,2° ano do Ensino Fundamental,Municipal,Presente,Sim,778.47
2024,2800407,Arauá,28001546,2° ano do Ensino Fundamental,Municipal,Presente,Não,689.48
2024,2902708,Barra,29013365,2° ano do Ensino Fundamental,Municipal,Presente,Não,736.6
2024,2904605,Brumado,29026758,2° ano do Ensino Fundamental,Municipal,Presente,Não,733.91
2024,2907558,Caturama,29051983,2° ano do Ensino Fundamental,Municipal,Presente,Sim,747.33
2024,2909901,Curaçá,29061981,2° ano do Ensino Fundamental,Municipal,Presente,Não,740.1
2024,2910800,Feira de Santana,29081452,2° ano do Ensino Fundamental,Municipal,Presente,Não,722.81
2024,2911808,Guaratinga,29086834,2° ano do Ensino Fundamental,Municipal,Presente,Não,639.36
2024,2918407,Juazeiro,29133183,2° ano do Ensino Fundamental,Municipal,Presente,Sim,766.89
2024,2925303,Porto Seguro,29178460,2° ano do Ensino Fundamental,Municipal,Presente,Sim,752.37
2024,2926103,Retirolândia,29185888,2° ano do Ensino Fundamental,Municipal,Presente,Não,711.87
2024,3122207,Divinolândia de Minas,31173355,2° ano do Ensino Fundamental,Municipal,Presente,Não,719.71
2024,3139904,Maria da Fé,31004175,2° ano do Ensino Fundamental,Municipal,Presente,Sim,767.67
2024,3304524,Rio das Ostras,33075330,2° ano do Ensino Fundamental,Municipal,Presente,Sim,760.82
2024,3509502,Campinas,35045804,2° ano do Ensino Fundamental,Estadual,Presente,Sim,781.0188242
2024,3509809,Campos Novos Paulista,35127964,2° ano do Ensino Fundamental,Municipal,Presente,Não,701.3078869
2024,3518503,Guareí,35071403,2° ano do Ensino Fundamental,Municipal,Presente,Sim,806.3990448
2024,3533304,Nova Luzitânia,35232813,2° ano do Ensino Fundamental,Municipal,Presente,Não,724.1457981
2024,3540259,Pontalinda,35093711,2° ano do Ensino Fundamental,Municipal,Presente,Sim,761.284204
2024,3550308,São Paulo,35354614,2° ano do Ensino Fundamental,Estadual,Presente,Não,733.2827471
2024,4318200,São Francisco de Paula,43085580,2° ano do Ensino Fundamental,Estadual,Presente,Não,694.2530654
2024,5105622,Mirassol d'Oeste,51005981,2° ano do Ensino Fundamental,Municipal,Presente,Sim,799.24
2024,5211404,Itauçu,52037298,2° ano do Ensino Fundamental,Municipal,Presente,Sim,810.94
2024,1100114,Jaru,11004967,2° ano do Ensino Fundamental,Municipal,Presente,Sim,762.44
2024,2111789,Serrano do Maranhão,21036665,2° ano do Ensino Fundamental,Municipal,Presente,Não,729.45
2024,2111805,Sítio Novo,21067526,2° ano do Ensino Fundamental,Municipal,Presente,Sim,756.12
2024,2202851,Coronel José Dias,22023772,2° ano do Ensino Fundamental,Municipal,Presente,Não,646.36
2024,2204709,Inhuma,22017445,2° ano do Ensino Fundamental,Municipal,Presente,Sim,751.9
2024,2300200,Acaraú,23014061,2° ano do Ensino Fundamental,Municipal,Presente,Sim,778.42
2024,2304285,Eusébio,23000549,2° ano do Ensino Fundamental,Municipal,Presente,Sim,815.31
2024,2304400,Fortaleza,23065121,2° ano do Ensino Fundamental,Municipal,Presente,Sim,782.47
2024,2307650,Maracanaú,23023121,2° ano do Ensino Fundamental,Municipal,Presente,Sim,847.55
2024,2311306,Quixadá,23046967,2° ano do Ensino Fundamental,Municipal,Presente,Sim,746.36
2024,2408409,Olho-d'Água do Borges,24013239,2° ano do Ensino Fundamental,Municipal,Presente,Não,690.67
2024,2507507,João Pessoa,25002120,2° ano do Ensino Fundamental,Municipal,Presente,Sim,820.25
2024,2601102,Araripina,26060457,2° ano do Ensino Fundamental,Municipal,Presente,Sim,810.25
2024,2602902,Cabo de Santo Agostinho,26033790,2° ano do Ensino Fundamental,Municipal,Presente,Não,705.59
2024,2604106,Caruaru,26004312,2° ano do Ensino Fundamental,Municipal,Presente,Não,677.11
2024,2605301,Exu,26061106,2° ano do Ensino Fundamental,Municipal,Presente,Sim,786.22
2024,2607802,Itaquitinga,26019974,2° ano do Ensino Fundamental,Municipal,Presente,Não,641.86
2024,2611101,Petrolina,26070114,2° ano do Ensino Fundamental,Municipal,Presente,Sim,773.24
2024,2615300,Timbaúba,26021555,2° ano do Ensino Fundamental,Municipal,Presente,Sim,776.98
2024,2901304,Andaraí,29006666,2° ano do Ensino Fundamental,Municipal,Presente,Sim,774.56
2024,2901601,Antas,29007570,2° ano do Ensino Fundamental,Municipal,Presente,Não,678.24
2024,2910800,Feira de Santana,29075693,2° ano do Ensino Fundamental,Municipal,Presente,Sim,745.76
2024,2914307,Iramaia,29100186,2° ano do Ensino Fundamental,Municipal,Presente,Sim,766.89
2024,2918407,Juazeiro,29130939,2° ano do Ensino Fundamental,Municipal,Presente,Não,725.42
2024,2918407,Juazeiro,29132087,2° ano do Ensino Fundamental,Municipal,Presente,Não,678.87
2024,2923001,Nova Viçosa,29161632,2° ano do Ensino Fundamental,Municipal,Presente,Não,668.61
2024,2924306,Piatã,29170319,2° ano do Ensino Fundamental,Municipal,Presente,Não,708.35
2024,2931905,Tucano,29254048,2° ano do Ensino Fundamental,Municipal,Presente,Sim,756.7
2024,3140902,Matipó,31196406,2° ano do Ensino Fundamental,Estadual,Presente,Sim,778.9
2024,3152006,Pompéu,31018129,2° ano do Ensino Fundamental,Municipal,Presente,Sim,764.99
2024,3302502,Magé,33045403,2° ano do Ensino Fundamental,Municipal,Presente,Não,698.09
2024,3515707,Ferraz de Vasconcelos,35324028,2° ano do Ensino Fundamental,Municipal,Presente,Sim,806.3990448
2024,3523107,Itaquaquecetuba,35288405,2° ano do Ensino Fundamental,Municipal,Presente,Não,661.2362717
2024,3523602,Itirapina,35171269,2° ano do Ensino Fundamental,Municipal,Presente,Sim,773.5256568
2024,3526100,Juquiá,35121139,2° ano do Ensino Fundamental,Municipal,Presente,Sim,754.8437496
2024,3532504,Neves Paulista,35098816,2° ano do Ensino Fundamental,Municipal,Presente,Não,708.8330189
2024,3548906,São Carlos,35171785,2° ano do Ensino Fundamental,Estadual,Presente,Sim,766.5458153
2024,3550308,São Paulo,35345241,2° ano do Ensino Fundamental,Municipal,Presente,Não,723.9269601
2024,3550308,São Paulo,35428902,2° ano do Ensino Fundamental,Estadual,Presente,Sim,791.3318804
2024,3550407,São Pedro,35134852,2° ano do Ensino Fundamental,Municipal,Presente,Não,688.2172737
2024,4106456,Coronel Domingos Soares,41102874,2° ano do Ensino Fundamental,Municipal,Presente,Sim,777.93
2024,4108809,Guaíra,41048451,2° ano do Ensino Fundamental,Municipal,Presente,Sim,748.55
2024,5214051,Mundo Novo,52075387,2° ano do Ensino Fundamental,Municipal,Presente,Sim,746.48
2024,5219738,Santo Antônio de Goiás,52037504,2° ano do Ensino Fundamental,Municipal,Presente,Sim,790.29
2024,3523107,Itaquaquecetuba,35288310,2° ano do Ensino Fundamental,Municipal,Presente,Sim,821.514298
2024,3520509,Indaiatuba,35052865,2° ano do Ensino Fundamental,Municipal,Presente,Sim,806.3990448
2024,3523107,Itaquaquecetuba,35288598,2° ano do Ensino Fundamental,Municipal,Presente,Sim,744.6521802
2024,3520509,Indaiatuba,35052872,2° ano do Ensino Fundamental,Municipal,Presente,Sim,746.8454974
2024,3522208,Itapecerica da Serra,35274995,2° ano do Ensino Fundamental,Municipal,Presente,Sim,790.0404485
2024,3522208,Itapecerica da Serra,35276061,2° ano do Ensino Fundamental,Municipal,Presente,Sim,821.514298
2024,3518800,Guarulhos,35264695,2° ano do Ensino Fundamental,Municipal,Presente,Sim,765.1643358
2024,3518800,Guarulhos,35264667,2° ano do Ensino Fundamental,Municipal,Presente,Sim,762.6142608
2024,1200302,Feijó,12003249,2° ano do Ensino Fundamental,Estadual,Presente,Sim,759.38
2024,3136306,João Pinheiro,31105539,2° ano do Ensino Fundamental,Estadual,Presente,Não,732.43
2024,3167202,Sete Lagoas,31161282,2° ano do Ensino Fundamental,Estadual,Presente,Não,676.48
2024,5002407,Caarapó,50019156,2° ano do Ensino Fundamental,Municipal,Presente,Sim,777.74
2024,5002704,Campo Grande,50006722,2° ano do Ensino Fundamental,Municipal,Presente,Não,735.39
2024,4200200,Agrolândia,42070216,2° ano do Ensino Fundamental,Municipal,Presente,Sim,781.61
2024,1302603,Manaus,13028469,2° ano do Ensino Fundamental,Municipal,Presente,Sim,753.38
2024,2615409,Toritama,26007870,2° ano do Ensino Fundamental,Municipal,Presente,Sim,779.87
2024,2104057,Estreito,21025563,2° ano do Ensino Fundamental,Municipal,Presente,Sim,780.39
2024,2604106,Caruaru,26004047,2° ano do Ensino Fundamental,Municipal,Presente,Sim,820.52
2024,2608255,Jucati,26011540,2° ano do Ensino Fundamental,Municipal,Presente,Sim,768.65
2024,2709301,União dos Palmares,27031232,2° ano do Ensino Fundamental,Municipal,Presente,Sim,754.14
2024,3205101,Viana,32022748,2° ano do Ensino Fundamental,Municipal,Presente,Sim,760.7
2024,2700102,Água Branca,27001450,2° ano do Ensino Fundamental,Municipal,Presente,Não,720.52
2024,2111078,São João do Soter,21039882,2° ano do Ensino Fundamental,Municipal,Presente,Sim,781.14
2024,2611101,Petrolina,26072545,2° ano do Ensino Fundamental,Municipal,Presente,Não,742.09
2024,3133808,Itaúna,31008208,2° ano do Ensino Fundamental,Municipal,Presente,Sim,765.85
2024,2611101,Petrolina,26072548,2° ano do Ensino Fundamental,Municipal,Presente,Sim,763.42
2024,4106902,Curitiba,41078795,2° ano do Ensino Fundamental,Municipal,Presente,Não,631.44
2024,5218003,Porangatu,52047472,2° ano do Ensino Fundamental,Municipal,Presente,Não,733.1
2024,5221858,Valparaíso de Goiás,52067224,2° ano do Ensino Fundamental,Municipal,Presente,Sim,790.11
2024,2211001,Teresina,22007688,2° ano do Ensino Fundamental,Municipal,Presente,Não,726.46
2024,2309607,Pacajus,23041525,2° ano do Ensino Fundamental,Municipal,Presente,Sim,785.28
2024,2604106,Caruaru,26002926,2° ano do Ensino Fundamental,Municipal,Presente,Sim,756.3
2024,3304557,Rio de Janeiro,33133167,2° ano do Ensino Fundamental,Municipal,Presente,Não,716.18
2024,2304400,Fortaleza,23076291,2° ano do Ensino Fundamental,Municipal,Presente,Não,700.59
2024,3304557,Rio de Janeiro,33133998,2° ano do Ensino Fundamental,Municipal,Presente,Sim,763.59
2024,2309607,Pacajus,23027820,2° ano do Ensino Fundamental,Municipal,Presente,Sim,780.25
2024,1301209,Coari,13006476,2° ano do Ensino Fundamental,Estadual,Presente,Sim,745.17
2024,3303906,Petrópolis,33069570,2° ano do Ensino Fundamental,Municipal,Presente,Sim,820.43
2024,5002407,Caarapó,50019142,2° ano do Ensino Fundamental,Municipal,Presente,Sim,749.45
2024,2310852,Pindoretama,23056430,2° ano do Ensino Fundamental,Municipal,Presente,Não,695.13
2024,5218508,Quirinópolis,52049259,2° ano do Ensino Fundamental,Municipal,Presente,Sim,786.05
2024,5221403,Trindade,52033950,2° ano do Ensino Fundamental,Municipal,Presente,Sim,789.26
2024,5007208,Rio Brilhante,50025224,2° ano do Ensino Fundamental,Municipal,Presente,Não,657.37
2024,5218003,Porangatu,52076715,2° ano do Ensino Fundamental,Municipal,Presente,Não,637.33
2024,5219753,Santo Antônio do Descoberto,52071377,2° ano do Ensino Fundamental,Municipal,Presente,Não,700.34
2024,2100055,Açailândia,21031442,2° ano do Ensino Fundamental,Municipal,Presente,Sim,762.27
2024,2601201,Arcoverde,26063776,2° ano do Ensino Fundamental,Municipal,Presente,Sim,776.8
2024,2612505,Santa Cruz do Capibaribe,26006519,2° ano do Ensino Fundamental,Municipal,Presente,Não,678.27
2024,2803500,Lagarto,28007004,2° ano do Ensino Fundamental,Estadual,Presente,Não,713.5
2024,4201257,Apiúna,42034559,2° ano do Ensino Fundamental,Municipal,Presente,Sim,762.51
2024,4212056,Palmeira,42062961,2° ano do Ensino Fundamental,Municipal,Presente,Sim,788.13
2024,2206050,Massapê do Piauí,22019327,2° ano do Ensino Fundamental,Municipal,Presente,Sim,773.15
2024,2304400,Fortaleza,23063303,2° ano do Ensino Fundamental,Municipal,Presente,Sim,743.61
2024,2615409,Toritama,26007429,2° ano do Ensino Fundamental,Municipal,Presente,Sim,802.01
2024,3131307,Ipatinga,31032162,2° ano do Ensino Fundamental,Estadual,Presente,Sim,773.43
2024,3304557,Rio de Janeiro,33136607,2° ano do Ensino Fundamental,Municipal,Presente,Não,681.98
2024,2112209,Timon,21064649,2° ano do Ensino Fundamental,Municipal,Presente,Sim,771.01
2024,4209102,Joinville,42047727,2° ano do Ensino Fundamental,Municipal,Presente,Sim,811.39
2024,5201405,Aparecida de Goiânia,52019132,2° ano do Ensino Fundamental,Municipal,Presente,Sim,750.86
2024,1304062,Tabatinga,13023701,2° ano do Ensino Fundamental,Municipal,Presente,Não,719.91
2024,2302107,Baturité,23011760,2° ano do Ensino Fundamental,Municipal,Presente,Não,739.57
2024,2609600,Olinda,26030934,2° ano do Ensino Fundamental,Municipal,Presente,Sim,748.15
2024,4206306,Guabiruba,42014856,2° ano do Ensino Fundamental,Municipal,Presente,Não,732.81
2024,5208608,Goianésia,52027089,2° ano do Ensino Fundamental,Municipal,Presente,Sim,786.66
2024,2507903,Juripiranga,25008492,2° ano do Ensino Fundamental,Municipal,Presente,Não,709.7
2024,4212304,Paulo Lopes,42098184,2° ano do Ensino Fundamental,Municipal,Presente,Sim,744.38
2024,5208806,Goianira,52036637,2° ano do Ensino Fundamental,Municipal,Presente,Sim,756.21
2024,2612471,Santa Cruz da Baixa Verde,26057821,2° ano do Ensino Fundamental,Municipal,Presente,Sim,777.87
2024,4114203,Mandaguari,41017069,2° ano do Ensino Fundamental,Municipal,Presente,Sim,789.84
2024,2601201,Arcoverde,26063784,2° ano do Ensino Fundamental,Municipal,Presente,Não,714.12
2024,1304062,Tabatinga,13024420,2° ano do Ensino Fundamental,Estadual,Presente,Sim,760.43
2024,2503704,Cajazeiras,25032742,2° ano do Ensino Fundamental,Municipal,Presente,Sim,765.0
2024,2601102,Araripina,26060064,2° ano do Ensino Fundamental,Municipal,Presente,Não,718.65
2024,1302603,Manaus,13044085,2° ano do Ensino Fundamental,Estadual,Presente,Sim,845.73
2024,2211001,Teresina,22007668,2° ano do Ensino Fundamental,Municipal,Presente,Não,734.93
2024,4209300,Lages,42054352,2° ano do Ensino Fundamental,Estadual,Presente,Sim,757.42
2024,3304557,Rio de Janeiro,33125105,2° ano do Ensino Fundamental,Municipal,Presente,Sim,786.45
2024,4208203,Itajaí,42038229,2° ano do Ensino Fundamental,Municipal,Presente,Sim,760.75
2024,5002704,Campo Grande,50005592,2° ano do Ensino Fundamental,Municipal,Presente,Sim,768.55
2024,2107506,Paço do Lumiar,21000633,2° ano do Ensino Fundamental,Municipal,Presente,Sim,763.64
2024,2211001,Teresina,22013312,2° ano do Ensino Fundamental,Municipal,Presente,Sim,804.26
2024,5002951,Chapadão do Sul,50032740,2° ano do Ensino Fundamental,Municipal,Presente,Sim,769.72
2024,5004601,Itaquiraí,50027883,2° ano do Ensino Fundamental,Municipal,Presente,Não,720.57
2024,2104800,Grajaú,21050138,2° ano do Ensino Fundamental,Municipal,Presente,Não,693.47
2024,5200134,Acreúna,52058511,2° ano do Ensino Fundamental,Municipal,Presente,Sim,783.66
2024,1301209,Coari,13006904,2° ano do Ensino Fundamental,Municipal,Presente,Não,698.4
2024,1600303,Macapá,16007764,2° ano do Ensino Fundamental,Estadual,Presente,Não,729.67
2024,2301109,Aracati,23013537,2° ano do Ensino Fundamental,Municipal,Presente,Sim,854.58
2024,2301109,Aracati,23035160,2° ano do Ensino Fundamental,Municipal,Presente,Sim,858.39
2024,2611101,Petrolina,26072524,2° ano do Ensino Fundamental,Municipal,Presente,Sim,768.34
2024,3205002,Serra,32000750,2° ano do Ensino Fundamental,Estadual,Presente,Sim,774.33
2024,3304557,Rio de Janeiro,33115813,2° ano do Ensino Fundamental,Municipal,Presente,Sim,752.18
2024,1501303,Barcarena,15014205,2° ano do Ensino Fundamental,Municipal,Presente,Não,691.2
2024,5221403,Trindade,52073949,2° ano do Ensino Fundamental,Municipal,Presente,Sim,769.33
2024,1301605,Fonte Boa,13008340,2° ano do Ensino Fundamental,Estadual,Presente,Sim,751.66
2024,2512309,Princesa Isabel,25007759,2° ano do Ensino Fundamental,Municipal,Presente,Sim,802.31
2024,2601102,Araripina,26060050,2° ano do Ensino Fundamental,Municipal,Presente,Não,735.95
2024,5108402,Várzea Grande,51047198,2° ano do Ensino Fundamental,Municipal,Presente,Não,717.35
2024,1505908,Porto de Moz,15062698,2° ano do Ensino Fundamental,Municipal,Presente,Sim,757.15
2024,1600303,Macapá,16006392,2° ano do Ensino Fundamental,Estadual,Presente,Não,728.93
2024,2211001,Teresina,22011056,2° ano do Ensino Fundamental,Municipal,Presente,Sim,759.61
2024,2304400,Fortaleza,23076763,2° ano do Ensino Fundamental,Municipal,Presente,Sim,792.52
2024,5220454,Senador Canedo,52022946,2° ano do Ensino Fundamental,Municipal,Presente,Sim,785.35
2024,5000609,Amambai,50033827,2° ano do Ensino Fundamental,Municipal,Presente,Sim,838.03
2024,2105302,Imperatriz,21027836,2° ano do Ensino Fundamental,Municipal,Presente,Sim,749.48
2024,3304557,Rio de Janeiro,33120865,2° ano do Ensino Fundamental,Municipal,Presente,Sim,806.11
2024,3304557,Rio de Janeiro,33140593,2° ano do Ensino Fundamental,Municipal,Presente,Sim,762.62
2024,4201653,Arvoredo,42080390,2° ano do Ensino Fundamental,Municipal,Presente,Sim,799.45
2024,4206306,Guabiruba,42014863,2° ano do Ensino Fundamental,Municipal,Presente,Não,716.94
2024,2100055,Açailândia,21031160,2° ano do Ensino Fundamental,Municipal,Presente,Sim,851.57
2024,3205002,Serra,32000729,2° ano do Ensino Fundamental,Estadual,Presente,Sim,789.9
2024,3509502,Campinas,35046555,2° ano do Ensino Fundamental,Estadual,Presente,Não,719.7152167
2024,3515707,Ferraz de Vasconcelos,35323929,2° ano do Ensino Fundamental,Municipal,Presente,Sim,796.360933
2024,3518800,Guarulhos,35273322,2° ano do Ensino Fundamental,Estadual,Presente,Sim,790.0404485
2024,3550308,São Paulo,35400179,2° ano do Ensino Fundamental,Estadual,Presente,Não,738.8105161
2024,3518800,Guarulhos,35272009,2° ano do Ensino Fundamental,Estadual,Presente,Não,677.6859192
2024,3518800,Guarulhos,35271278,2° ano do Ensino Fundamental,Estadual,Presente,Não,732.6590194
2024,3523107,Itaquaquecetuba,35287950,2° ano do Ensino Fundamental,Municipal,Presente,Sim,821.514298
2024,3550308,São Paulo,35432871,2° ano do Ensino Fundamental,Estadual,Presente,Sim,767.4745456
2024,3518800,Guarulhos,35272016,2° ano do Ensino Fundamental,Estadual,Presente,Não,682.4629616
2024,3538709,Piracicaba,35137437,2° ano do Ensino Fundamental,Municipal,Presente,Sim,806.3990448
2024,3550308,São Paulo,35400172,2° ano do Ensino Fundamental,Estadual,Presente,Sim,751.1279913
2024,3550308,São Paulo,35425631,2° ano do Ensino Fundamental,Estadual,Presente,Sim,770.7004369
2024,3550308,São Paulo,35402015,2° ano do Ensino Fundamental,Estadual,Presente,Não,715.0615621
2024,3506003,Bauru,35025542,2° ano do Ensino Fundamental,Estadual,Presente,Sim,821.514298
2024,3523107,Itaquaquecetuba,35286275,2° ano do Ensino Fundamental,Municipal,Presente,Sim,761.284204
2024,3509502,Campinas,35040406,2° ano do Ensino Fundamental,Estadual,Presente,Sim,780.5060082
2024,3550308,São Paulo,35426201,2° ano do Ensino Fundamental,Estadual,Presente,Sim,821.514298
2024,3525904,Jundiaí,35107495,2° ano do Ensino Fundamental,Municipal,Presente,Sim,768.07215
2024,3550308,São Paulo,35389466,2° ano do Ensino Fundamental,Estadual,Presente,Sim,748.8821043
2024,3549904,São José dos Campos,35186172,2° ano do Ensino Fundamental,Estadual,Presente,Sim,751.0467363
2024,3550308,São Paulo,35390355,2° ano do Ensino Fundamental,Estadual,Presente,Sim,747.7260995
2024,3506003,Bauru,35024070,2° ano do Ensino Fundamental,Estadual,Presente,Sim,771.6064137
2024,3524402,Jacareí,35089955,2° ano do Ensino Fundamental,Municipal,Presente,Não,688.9665916
2024,3550308,São Paulo,35380662,2° ano do Ensino Fundamental,Estadual,Presente,Sim,806.3990448
2024,3550308,São Paulo,35379885,2° ano do Ensino Fundamental,Estadual,Presente,Sim,821.514298
2024,3516200,Franca,35063385,2° ano do Ensino Fundamental,Estadual,Presente,Sim,743.9458732
2024,3550308,São Paulo,35383510,2° ano do Ensino Fundamental,Estadual,Presente,Sim,743.6133238
2024,3534401,Osasco,35305517,2° ano do Ensino Fundamental,Municipal,Presente,Sim,750.9167692
2024,3518800,Guarulhos,35271732,2° ano do Ensino Fundamental,Estadual,Presente,Sim,821.514298
2024,3549904,São José dos Campos,35187298,2° ano do Ensino Fundamental,Municipal,Presente,Não,685.5268082
2024,3509502,Campinas,35043488,2° ano do Ensino Fundamental,Estadual,Presente,Sim,779.5874602
2024,3509502,Campinas,35047162,2° ano do Ensino Fundamental,Estadual,Presente,Sim,786.1511403
2024,3550308,São Paulo,35379305,2° ano do Ensino Fundamental,Estadual,Presente,Não,737.7048784
2024,3550308,São Paulo,35394008,2° ano do Ensino Fundamental,Estadual,Presente,Sim,806.3990448
2024,3550308,São Paulo,35379906,2° ano do Ensino Fundamental,Estadual,Presente,Sim,821.514298
2024,3508504,Caçapava,35223022,2° ano do Ensino Fundamental,Municipal,Presente,Sim,765.1643358
2024,3550308,São Paulo,35363287,2° ano do Ensino Fundamental,Municipal,Presente,Não,707.50785
2024,3525904,Jundiaí,35107770,2° ano do Ensino Fundamental,Municipal,Presente,Sim,821.514298
2024,3550308,São Paulo,35390743,2° ano do Ensino Fundamental,Estadual,Presente,Sim,773.5256568
2024,3552502,Suzano,35326714,2° ano do Ensino Fundamental,Estadual,Presente,Sim,766.7537873
2024,3516200,Franca,35063378,2° ano do Ensino Fundamental,Estadual,Presente,Sim,806.3990448
2024,3550308,São Paulo,35422447,2° ano do Ensino Fundamental,Municipal,Presente,Sim,773.5377676
2024,3523107,Itaquaquecetuba,35287451,2° ano do Ensino Fundamental,Municipal,Presente,Sim,806.3990448
2024,3550308,São Paulo,35376000,2° ano do Ensino Fundamental,Estadual,Presente,Sim,796.360933
2024,3552502,Suzano,35326089,2° ano do Ensino Fundamental,Estadual,Presente,Sim,755.4481246
2024,3518404,Guaratinguetá,35069213,2° ano do Ensino Fundamental,Municipal,Presente,Sim,751.8412472
2024,3549904,São José dos Campos,35189727,2° ano do Ensino Fundamental,Municipal,Presente,Sim,751.9816197
2024,3550308,São Paulo,35443619,2° ano do Ensino Fundamental,Estadual,Presente,Sim,796.360933
2024,3529401,Mauá,35291723,2° ano do Ensino Fundamental,Estadual,Presente,Não,741.930502
2024,3510609,Carapicuíba,35247433,2° ano do Ensino Fundamental,Estadual,Presente,Não,725.3491294
2024,3525201,Jarinu,35102912,2° ano do Ensino Fundamental,Municipal,Presente,Sim,786.1511403
2024,3550308,São Paulo,35346651,2° ano do Ensino Fundamental,Municipal,Presente,Não,740.3648964
2024,3547809,Santo André,35309950,2° ano do Ensino Fundamental,Estadual,Presente,Sim,778.2353432
2024,3550308,São Paulo,35344441,2° ano do Ensino Fundamental,Municipal,Presente,Não,726.5712816
2024,3556503,Várzea Paulista,35104851,2° ano do Ensino Fundamental,Municipal,Presente,Não,721.4939761
2024,3534609,Osvaldo Cruz,35001319,2° ano do Ensino Fundamental,Municipal,Presente,Não,659.716229
2024,3501608,Americana,35002922,2° ano do Ensino Fundamental,Estadual,Presente,Não,707.0655562
2024,3545209,Salto,35083282,2° ano do Ensino Fundamental,Estadual,Presente,Não,659.9509967
2024,3550308,São Paulo,35342388,2° ano do Ensino Fundamental,Municipal,Presente,Não,660.6440235
2024,3503208,Araraquara,35011955,2° ano do Ensino Fundamental,Estadual,Presente,Sim,821.514298
2024,3550308,São Paulo,35438175,2° ano do Ensino Fundamental,Estadual,Presente,Não,727.7164405
2024,3552205,Sorocaba,35212309,2° ano do Ensino Fundamental,Municipal,Presente,Sim,806.3990448
2024,3513801,Diadema,35254864,2° ano do Ensino Fundamental,Estadual,Presente,Sim,786.1511403
2024,3513801,Diadema,35254878,2° ano do Ensino Fundamental,Estadual,Presente,Sim,743.5783276
2024,3550308,São Paulo,35382536,2° ano do Ensino Fundamental,Estadual,Presente,Sim,743.9228833
2024,3550308,São Paulo,35355619,2° ano do Ensino Fundamental,Estadual,Presente,Sim,765.1643358
2024,3529401,Mauá,35290218,2° ano do Ensino Fundamental,Estadual,Presente,Não,655.1704845
2024,3529401,Mauá,35291941,2° ano do Ensino Fundamental,Estadual,Presente,Sim,786.1511403
2024,3550308,São Paulo,35393101,2° ano do Ensino Fundamental,Estadual,Presente,Não,739.1059053
2024,3551603,Serra Negra,35127437,2° ano do Ensino Fundamental,Estadual,Presente,Não,738.3168163
2024,3550308,São Paulo,35443633,2° ano do Ensino Fundamental,Estadual,Presente,Não,711.8299992
2024,3529401,Mauá,35291518,2° ano do Ensino Fundamental,Estadual,Presente,Sim,762.6142608
2024,3550308,São Paulo,35440623,2° ano do Ensino Fundamental,Estadual,Presente,Sim,785.2776896
2024,3549904,São José dos Campos,35188801,2° ano do Ensino Fundamental,Municipal,Presente,Sim,821.514298
2024,3545209,Salto,35083251,2° ano do Ensino Fundamental,Estadual,Presente,Sim,821.514298
2024,3523107,Itaquaquecetuba,35287444,2° ano do Ensino Fundamental,Municipal,Presente,Sim,779.5963167
2024,3550308,São Paulo,35342381,2° ano do Ensino Fundamental,Municipal,Presente,Sim,766.5458153
2024,3551009,São Vicente,35199948,2° ano do Ensino Fundamental,Municipal,Presente,Sim,806.3990448
2024,3550308,São Paulo,35441438,2° ano do Ensino Fundamental,Estadual,Presente,Sim,767.4745456
2024,3550308,São Paulo,35346252,2° ano do Ensino Fundamental,Municipal,Presente,Sim,751.4911754
2024,3518404,Guaratinguetá,35069192,2° ano do Ensino Fundamental,Municipal,Presente,Não,717.6640113
2024,3529401,Mauá,35290211,2° ano do Ensino Fundamental,Estadual,Presente,Não,733.2827471
2024,3550308,São Paulo,35363468,2° ano do Ensino Fundamental,Municipal,Presente,Não,656.6314283
2024,3518800,Guarulhos,35271935,2° ano do Ensino Fundamental,Estadual,Presente,Sim,786.1511403
2024,3549805,São José do Rio Preto,35182336,2° ano do Ensino Fundamental,Municipal,Presente,Não,726.0120931
2024,3550308,São Paulo,35341071,2° ano do Ensino Fundamental,Municipal,Presente,Sim,821.514298
2024,3550308,São Paulo,35388791,2° ano do Ensino Fundamental,Estadual,Presente,Sim,761.1291124
2024,3513801,Diadema,35256552,2° ano do Ensino Fundamental,Municipal,Presente,Não,741.0815327
2024,3501608,Americana,35002796,2° ano do Ensino Fundamental,Estadual,Presente,Sim,766.7537873
2024,3509502,Campinas,35045888,2° ano do Ensino Fundamental,Estadual,Presente,Sim,763.8662289
2024,3523107,Itaquaquecetuba,35284959,2° ano do Ensino Fundamental,Municipal,Presente,Não,644.5068313
2024,3543402,Ribeirão Preto,35154983,2° ano do Ensino Fundamental,Estadual,Presente,Sim,751.4911754
2024,3518701,Guarujá,35164010,2° ano do Ensino Fundamental,Estadual,Presente,Não,736.491207
2024,3550308,São Paulo,35347296,2° ano do Ensino Fundamental,Municipal,Presente,Sim,766.7537873
2024,3550308,São Paulo,35338023,2° ano do Ensino Fundamental,Municipal,Presente,Sim,786.1511403
2024,3550308,São Paulo,35441847,2° ano do Ensino Fundamental,Estadual,Presente,Não,679.7119714
2024,3550308,São Paulo,35374148,2° ano do Ensino Fundamental,Estadual,Presente,Sim,796.360933
2024,3550308,São Paulo,35374155,2° ano do Ensino Fundamental,Estadual,Presente,Sim,806.3990448
2024,4323002,Viamão,43103271,2° ano do Ensino Fundamental,Municipal,Presente,Sim,779.7064894
2024,3550308,São Paulo,35349239,2° ano do Ensino Fundamental,Estadual,Presente,Sim,751.4911754
2024,3550308,São Paulo,35408147,2° ano do Ensino Fundamental,Municipal,Presente,Sim,760.4150154
2024,3543402,Ribeirão Preto,35155004,2° ano do Ensino Fundamental,Estadual,Presente,Sim,796.360933
2024,3550308,São Paulo,35408161,2° ano do Ensino Fundamental,Municipal,Presente,Sim,757.2576062
2024,3550308,São Paulo,35363047,2° ano do Ensino Fundamental,Municipal,Presente,Sim,786.1511403
2024,3543006,Ribeirão Branco,35008320,2° ano do Ensino Fundamental,Municipal,Presente,Não,710.7357391
2024,3549805,São José do Rio Preto,35184431,2° ano do Ensino Fundamental,Municipal,Presente,Sim,821.514298
2024,3550308,São Paulo,35349246,2° ano do Ensino Fundamental,Estadual,Presente,Sim,806.3990448
2024,3509502,Campinas,35040170,2° ano do Ensino Fundamental,Estadual,Presente,Sim,778.2353432
2024,4309407,Guaporé,43038584,2° ano do Ensino Fundamental,Municipal,Presente,Não,721.6091002
2024,4308904,Getúlio Vargas,43032842,2° ano do Ensino Fundamental,Municipal,Presente,Sim,779.7064894
2024,3548906,São Carlos,35172296,2° ano do Ensino Fundamental,Estadual,Presente,Sim,761.1291124
2024,3552502,Suzano,35326922,2° ano do Ensino Fundamental,Municipal,Presente,Sim,773.5256568
2024,3550308,São Paulo,35441138,2° ano do Ensino Fundamental,Estadual,Presente,Sim,762.6142608
2024,3550308,São Paulo,35382418,2° ano do Ensino Fundamental,Estadual,Presente,Sim,767.4745456
2024,3550308,São Paulo,35353139,2° ano do Ensino Fundamental,Estadual,Presente,Não,725.0729614
2024,3509502,Campinas,35037883,2° ano do Ensino Fundamental,Estadual,Presente,Sim,821.514298
2024,3550308,São Paulo,35354796,2° ano do Ensino Fundamental,Estadual,Presente,Sim,806.3990448
2024,3549904,São José dos Campos,35193124,2° ano do Ensino Fundamental,Municipal,Presente,Sim,786.1511403
2024,4314050,Parobé,43052780,2° ano do Ensino Fundamental,Municipal,Presente,Não,728.5949907
2024,3550308,São Paulo,35379808,2° ano do Ensino Fundamental,Estadual,Presente,Sim,765.1643358
2024,4300307,Alecrim,43078070,2° ano do Ensino Fundamental,Estadual,Presente,Não,698.7497797
2024,3513801,Diadema,35255041,2° ano do Ensino Fundamental,Estadual,Presente,Sim,760.9565601
2024,3525904,Jundiaí,35105721,2° ano do Ensino Fundamental,Municipal,Presente,Sim,767.4745456
2024,3550308,São Paulo,35401986,2° ano do Ensino Fundamental,Estadual,Presente,Não,654.1587565
2024,3534401,Osasco,35300864,2° ano do Ensino Fundamental,Municipal,Presente,Não,712.3961813
2024,3502705,Apiaí,35007935,2° ano do Ensino Fundamental,Municipal,Presente,Sim,806.3990448
2024,3504107,Atibaia,35033198,2° ano do Ensino Fundamental,Municipal,Presente,Sim,780.5060082
2024,3550308,São Paulo,35349521,2° ano do Ensino Fundamental,Estadual,Presente,Sim,786.1511403
2024,3550308,São Paulo,35381951,2° ano do Ensino Fundamental,Estadual,Presente,Não,742.8364146
2024,3550308,São Paulo,35439974,2° ano do Ensino Fundamental,Estadual,Presente,Não,736.7585875
2024,3541000,Praia Grande,35147847,2° ano do Ensino Fundamental,Municipal,Presente,Não,658.2848465
2024,3529401,Mauá,35292648,2° ano do Ensino Fundamental,Estadual,Presente,Sim,796.360933
2024,3548906,São Carlos,35172289,2° ano do Ensino Fundamental,Estadual,Presente,Sim,806.3990448
2024,3523107,Itaquaquecetuba,35284883,2° ano do Ensino Fundamental,Municipal,Presente,Sim,806.3990448
2024,3515004,Embu das Artes,35330793,2° ano do Ensino Fundamental,Municipal,Presente,Sim,746.9553071
2024,3519071,Hortolândia,35218887,2° ano do Ensino Fundamental,Municipal,Presente,Sim,771.6064137
2024,3543402,Ribeirão Preto,35157967,2° ano do Ensino Fundamental,Municipal,Presente,Não,627.946431
2024,3550308,São Paulo,35403155,2° ano do Ensino Fundamental,Estadual,Presente,Sim,751.0467363
2024,3503208,Araraquara,35011614,2° ano do Ensino Fundamental,Estadual,Presente,Sim,781.5392356
2024,3553401,Tanabi,35099258,2° ano do Ensino Fundamental,Municipal,Presente,Sim,743.1671947
2024,3513009,Cotia,35252886,2° ano do Ensino Fundamental,Municipal,Presente,Não,724.2742141
2024,4310108,Igrejinha,43038812,2° ano do Ensino Fundamental,Municipal,Presente,Sim,779.7064894
2024,3516408,Franco da Rocha,35244811,2° ano do Ensino Fundamental,Municipal,Presente,Sim,772.9357392
2024,3530607,Mogi das Cruzes,35298592,2° ano do Ensino Fundamental,Municipal,Presente,Não,720.5830879
2024,3543402,Ribeirão Preto,35157953,2° ano do Ensino Fundamental,Municipal,Presente,Não,626.0987101
2024,3550308,São Paulo,35403134,2° ano do Ensino Fundamental,Estadual,Presente,Sim,786.1511403
2024,3539202,Pirapozinho,35148774,2° ano do Ensino Fundamental,Municipal,Presente,Não,711.8398857
2024,3506508,Birigui,35027480,2° ano do Ensino Fundamental,Municipal,Presente,Sim,821.514298
2024,3506508,Birigui,35027494,2° ano do Ensino Fundamental,Municipal,Presente,Não,736.24784
2024,3550308,São Paulo,35394650,2° ano do Ensino Fundamental,Estadual,Presente,Sim,821.514298
2024,3503901,Arujá,35088325,2° ano do Ensino Fundamental,Municipal,Presente,Sim,821.514298
2024,3522208,Itapecerica da Serra,35276538,2° ano do Ensino Fundamental,Municipal,Presente,Não,660.0394188
2024,3522208,Itapecerica da Serra,35276524,2° ano do Ensino Fundamental,Municipal,Presente,Não,733.5216361
2024,3549409,São Joaquim da Barra,35180047,2° ano do Ensino Fundamental,Estadual,Presente,Sim,821.514298
2024,3537800,Piedade,35230004,2° ano do Ensino Fundamental,Municipal,Presente,Sim,771.6064137
2024,3530607,Mogi das Cruzes,35298613,2° ano do Ensino Fundamental,Municipal,Presente,Não,713.058611
2024,1503606,Itaituba,15035463,2° ano do Ensino Fundamental,Municipal,Presente,Sim,769.85
2024,1600709,Tartarugalzinho,16011071,2° ano do Ensino Fundamental,Municipal,Presente,Sim,779.68
2024,2106508,Matinha,21057477,2° ano do Ensino Fundamental,Municipal,Presente,Sim,747.98
2024,2208601,Prata do Piauí,22030969,2° ano do Ensino Fundamental,Municipal,Presente,Não,717.23
2024,2211001,Teresina,22011844,2° ano do Ensino Fundamental,Municipal,Presente,Sim,776.33
2024,2302503,Brejo Santo,23068951,2° ano do Ensino Fundamental,Municipal,Presente,Não,668.17
2024,3160702,Santos Dumont,31103302,2° ano do Ensino Fundamental,Municipal,Presente,Sim,758.97
2024,3170107,Uberaba,31065865,2° ano do Ensino Fundamental,Municipal,Presente,Sim,793.66
2024,4103909,Campina da Lagoa,41132522,2° ano do Ensino Fundamental,Municipal,Presente,Sim,755.93
2024,5208707,Goiânia,52003474,2° ano do Ensino Fundamental,Municipal,Presente,Não,685.71
2024,3121605,Diamantina,31012949,2° ano do Ensino Fundamental,Municipal,Presente,Não,733.38
2024,3169307,Três Corações,31043326,2° ano do Ensino Fundamental,Municipal,Presente,Sim,835.71
2024,3507506,Botucatu,35029229,2° ano do Ensino Fundamental,Municipal,Presente,Não,709.2600832
2024,4106308,Corbélia,41132620,2° ano do Ensino Fundamental,Municipal,Presente,Sim,809.4
2024,4106902,Curitiba,41050885,2° ano do Ensino Fundamental,Municipal,Presente,Sim,766.77
2024,4109401,Guarapuava,41079590,2° ano do Ensino Fundamental,Municipal,Presente,Sim,775.4
2024,5208707,Goiânia,52004680,2° ano do Ensino Fundamental,Municipal,Presente,Não,737.09
2024,1100155,Ouro Preto do Oeste,11007874,2° ano do Ensino Fundamental,Municipal,Presente,Sim,763.23
2024,2304400,Fortaleza,23079157,2° ano do Ensino Fundamental,Municipal,Presente,Não,621.97
2024,2601102,Araripina,26060366,2° ano do Ensino Fundamental,Municipal,Presente,Sim,792.68
2024,3105400,Barão de Cocais,31105652,2° ano do Ensino Fundamental,Municipal,Presente,Não,736.07
2024,3304557,Rio de Janeiro,33119819,2° ano do Ensino Fundamental,Municipal,Presente,Sim,761.2
2024,5300108,Brasília,53014551,2° ano do Ensino Fundamental,Estadual,Presente,Sim,771.77
2024,1303403,Parintins,13019099,2° ano do Ensino Fundamental,Municipal,Presente,Não,726.28
2024,1600709,Tartarugalzinho,16011092,2° ano do Ensino Fundamental,Municipal,Presente,Sim,799.71
2024,2411205,Santa Cruz,24026079,2° ano do Ensino Fundamental,Municipal,Presente,Não,729.38
2024,5208707,Goiânia,52072116,2° ano do Ensino Fundamental,Municipal,Presente,Sim,748.3
2024,2103208,Chapadinha,21061111,2° ano do Ensino Fundamental,Municipal,Presente,Não,644.06
2024,2303204,Caririaçu,23082575,2° ano do Ensino Fundamental,Municipal,Presente,Sim,818.28
2024,2412807,São Rafael,24009284,2° ano do Ensino Fundamental,Municipal,Presente,Sim,807.46
2024,3135050,Jaíba,31052622,2° ano do Ensino Fundamental,Estadual,Presente,Sim,746.3
2024,3164704,São Sebastião do Paraíso,31112626,2° ano do Ensino Fundamental,Municipal,Presente,Não,676.63
2024,3172004,Visconde do Rio Branco,31036618,2° ano do Ensino Fundamental,Estadual,Presente,Sim,778.74
2024,3205200,Vila Velha,32014336,2° ano do Ensino Fundamental,Municipal,Presente,Sim,766.79
2024,3513801,Diadema,35254578,2° ano do Ensino Fundamental,Estadual,Presente,Sim,759.5720337
2024,3538709,Piracicaba,35136986,2° ano do Ensino Fundamental,Municipal,Presente,Sim,761.284204
2024,5221601,Uruaçu,52054554,2° ano do Ensino Fundamental,Estadual,Presente,Sim,812.7
2024,1100023,Ariquemes,11000913,2° ano do Ensino Fundamental,Municipal,Presente,Não,724.94
2024,1300409,Barcelos,13002223,2° ano do Ensino Fundamental,Estadual,Presente,Sim,762.65
2024,1600303,Macapá,16001966,2° ano do Ensino Fundamental,Municipal,Presente,Não,705.46
2024,2307700,Maranguape,23067549,2° ano do Ensino Fundamental,Municipal,Presente,Sim,815.53
2024,2800308,Aracaju,28018933,2° ano do Ensino Fundamental,Municipal,Presente,Sim,748.49
2024,4111506,Ivaiporã,41001763,2° ano do Ensino Fundamental,Municipal,Presente,Não,688.94
2024,4304606,Canoas,43106389,2° ano do Ensino Fundamental,Municipal,Presente,Não,723.2817969
2024,5212501,Luziânia,52032045,2° ano do Ensino Fundamental,Municipal,Presente,Sim,754.31
2024,5218508,Quirinópolis,52076725,2° ano do Ensino Fundamental,Municipal,Presente,Sim,790.44
2024,5300108,Brasília,53006305,2° ano do Ensino Fundamental,Estadual,Presente,Não,663.68
2024,1716505,Pedro Afonso,17017165,2° ano do Ensino Fundamental,Municipal,Presente,Sim,755.33
2024,3305802,Teresópolis,33091290,2° ano do Ensino Fundamental,Municipal,Presente,Sim,771.66
2024,4307005,Erechim,43027649,2° ano do Ensino Fundamental,Estadual,Presente,Sim,763.0209221
2024,5201405,Aparecida de Goiânia,52020681,2° ano do Ensino Fundamental,Municipal,Presente,Sim,780.62
2024,5217609,Planaltina,52062050,2° ano do Ensino Fundamental,Municipal,Presente,Sim,824.32
2024,5221601,Uruaçu,52054562,2° ano do Ensino Fundamental,Estadual,Presente,Sim,827.27
2024,1100056,Cerejeiras,11003218,2° ano do Ensino Fundamental,Municipal,Presente,Sim,757.2
2024,1100114,Jaru,11005128,2° ano do Ensino Fundamental,Municipal,Presente,Sim,744.28
2024,2305233,Horizonte,23055149,2° ano do Ensino Fundamental,Municipal,Presente,Sim,774.98
2024,2614303,Moreilândia,26061837,2° ano do Ensino Fundamental,Municipal,Presente,Sim,764.33
2024,3106705,Betim,31013280,2° ano do Ensino Fundamental,Municipal,Presente,Sim,754.92
2024,3118601,Contagem,31018393,2° ano do Ensino Fundamental,Municipal,Presente,Sim,792.61
2024,3304557,Rio de Janeiro,33144390,2° ano do Ensino Fundamental,Municipal,Presente,Sim,765.07
2024,3543402,Ribeirão Preto,35154628,2° ano do Ensino Fundamental,Municipal,Presente,Não,691.8846287
2024,4127700,Toledo,41022319,2° ano do Ensino Fundamental,Municipal,Presente,Sim,787.87
2024,5000609,Amambai,50033575,2° ano do Ensino Fundamental,Municipal,Presente,Sim,785.91
2024,5105150,Juína,51012767,2° ano do Ensino Fundamental,Municipal,Presente,Não,696.74
2024,5208806,Goianira,52036353,2° ano do Ensino Fundamental,Municipal,Presente,Sim,809.28
2024,2303501,Cascavel,23001719,2° ano do Ensino Fundamental,Municipal,Presente,Sim,837.71
2024,2603207,Caetés,26009167,2° ano do Ensino Fundamental,Municipal,Presente,Sim,761.79
2024,2806701,São Cristóvão,28013250,2° ano do Ensino Fundamental,Estadual,Presente,Não,727.27
2024,4103909,Campina da Lagoa,41132526,2° ano do Ensino Fundamental,Municipal,Presente,Não,682.99
2024,5100409,Alto Garças,51019630,2° ano do Ensino Fundamental,Municipal,Presente,Sim,762.48
2024,5212501,Luziânia,52029874,2° ano do Ensino Fundamental,Municipal,Presente,Sim,809.3
2024,2112803,Viana,21058804,2° ano do Ensino Fundamental,Municipal,Presente,Não,736.32
2024,3105400,Barão de Cocais,31098677,2° ano do Ensino Fundamental,Municipal,Presente,Sim,764.55
2024,3540200,Pontal,35204851,2° ano do Ensino Fundamental,Municipal,Presente,Sim,787.2131925
2024,4118402,Paranavaí,41081032,2° ano do Ensino Fundamental,Municipal,Presente,Sim,778.95
2024,2302800,Canindé,23003510,2° ano do Ensino Fundamental,Municipal,Presente,Sim,747.38
2024,2306553,Itarema,23020801,2° ano do Ensino Fundamental,Municipal,Presente,Sim,834.54
2024,2507507,João Pessoa,25005356,2° ano do Ensino Fundamental,Municipal,Presente,Sim,850.59
2024,4115101,Mariluz,41036095,2° ano do Ensino Fundamental,Municipal,Presente,Sim,747.86
2024,4305108,Caxias do Sul,43017099,2° ano do Ensino Fundamental,Municipal,Presente,Não,740.4456291
2024,5007695,São Gabriel do Oeste,50018283,2° ano do Ensino Fundamental,Municipal,Presente,Sim,786.05
2024,1301704,Humaitá,13009415,2° ano do Ensino Fundamental,Municipal,Presente,Sim,763.68
2024,1600501,Oiapoque,16001135,2° ano do Ensino Fundamental,Municipal,Presente,Não,677.46
2024,2304400,Fortaleza,23059540,2° ano do Ensino Fundamental,Municipal,Presente,Sim,748.89
2024,2607901,Jaboatão dos Guararapes,26041965,2° ano do Ensino Fundamental,Municipal,Presente,Não,729.93
2024,3106705,Betim,31073728,2° ano do Ensino Fundamental,Municipal,Presente,Não,671.02
2024,3143104,Monte Carmelo,31068125,2° ano do Ensino Fundamental,Estadual,Presente,Sim,772.84
2024,3205309,Vitória,32045173,2° ano do Ensino Fundamental,Municipal,Presente,Não,703.62
2024,3302858,Mesquita,33049925,2° ano do Ensino Fundamental,Municipal,Presente,Não,726.76
2024,4126603,Siqueira Campos,41074685,2° ano do Ensino Fundamental,Municipal,Presente,Sim,769.38
2024,5212105,Joviânia,52055775,2° ano do Ensino Fundamental,Municipal,Presente,Não,697.95
2024,1304260,Uarini,13026903,2° ano do Ensino Fundamental,Estadual,Presente,Não,723.84
2024,2109007,Porto Franco,21029773,2° ano do Ensino Fundamental,Municipal,Presente,Sim,786.9
2024,2112209,Timon,21063742,2° ano do Ensino Fundamental,Municipal,Presente,Sim,762.32
2024,3112604,Capinópolis,31125724,2° ano do Ensino Fundamental,Municipal,Presente,Sim,795.2
2024,3171204,Vespasiano,31116594,2° ano do Ensino Fundamental,Municipal,Presente,Sim,787.01
2024,3532405,Nazaré Paulista,35036564,2° ano do Ensino Fundamental,Municipal,Presente,Sim,772.6228102
2024,4113700,Londrina,41102358,2° ano do Ensino Fundamental,Municipal,Presente,Sim,824.9
2024,4123006,Salto do Lontra,41050670,2° ano do Ensino Fundamental,Municipal,Presente,Sim,766.44
2024,5002704,Campo Grande,50009761,2° ano do Ensino Fundamental,Municipal,Presente,Sim,753.25
2024,5103353,Confresa,51047817,2° ano do Ensino Fundamental,Municipal,Presente,Sim,748.09
2024,1600600,Santana,16009007,2° ano do Ensino Fundamental,Municipal,Presente,Não,680.1
2024,2208007,Picos,22019733,2° ano do Ensino Fundamental,Municipal,Presente,Sim,751.28
2024,2304400,Fortaleza,23086342,2° ano do Ensino Fundamental,Municipal,Presente,Sim,762.77
2024,2606002,Garanhuns,26010202,2° ano do Ensino Fundamental,Municipal,Presente,Sim,771.74
2024,3148004,Patos de Minas,31110203,2° ano do Ensino Fundamental,Estadual,Presente,Não,729.59
2024,3149309,Pedro Leopoldo,31108166,2° ano do Ensino Fundamental,Municipal,Presente,Sim,780.47
2024,4101507,Arapongas,41060591,2° ano do Ensino Fundamental,Municipal,Presente,Não,719.96
2024,4103909,Campina da Lagoa,41074041,2° ano do Ensino Fundamental,Municipal,Presente,Sim,752.12
2024,4313334,Nova Ramada,43039791,2° ano do Ensino Fundamental,Municipal,Presente,Sim,807.2969147
2024,5200258,Águas Lindas de Goiás,52076024,2° ano do Ensino Fundamental,Municipal,Presente,Sim,767.95
2024,2202901,Corrente,22025538,2° ano do Ensino Fundamental,Municipal,Presente,Sim,757.02
2024,2704708,Marechal Deodoro,27019368,2° ano do Ensino Fundamental,Municipal,Presente,Não,703.58
2024,2707107,Piranhas,27024597,2° ano do Ensino Fundamental,Municipal,Presente,Não,672.98
2024,2800308,Aracaju,28019145,2° ano do Ensino Fundamental,Municipal,Presente,Sim,767.39
2024,3116605,Cláudio,31047370,2° ano do Ensino Fundamental,Municipal,Presente,Sim,769.78
2024,3143302,Montes Claros,31129699,2° ano do Ensino Fundamental,Municipal,Presente,Sim,802.07
2024,3205200,Vila Velha,32045337,2° ano do Ensino Fundamental,Municipal,Presente,Sim,754.75
2024,3304557,Rio de Janeiro,33128425,2° ano do Ensino Fundamental,Municipal,Presente,Sim,779.99
2024,3304904,São Gonçalo,33077918,2° ano do Ensino Fundamental,Municipal,Presente,Não,737.68
2024,4106506,Coronel Vivida,41015160,2° ano do Ensino Fundamental,Municipal,Presente,Não,740.29
2024,4106902,Curitiba,41138580,2° ano do Ensino Fundamental,Municipal,Presente,Não,672.84
2024,5205497,Cidade Ocidental,52063358,2° ano do Ensino Fundamental,Municipal,Presente,Sim,772.31
2024,5208707,Goiânia,52000396,2° ano do Ensino Fundamental,Municipal,Presente,Sim,771.81
2024,5213103,Mineiros,52057153,2° ano do Ensino Fundamental,Municipal,Presente,Sim,818.41
2024,1302702,Manicoré,13015576,2° ano do Ensino Fundamental,Estadual,Presente,Sim,782.0
2024,3104007,Araxá,31188321,2° ano do Ensino Fundamental,Municipal,Presente,Não,725.11
2024,3106200,Belo Horizonte,31121090,2° ano do Ensino Fundamental,Estadual,Presente,Não,715.68
2024,3157807,Santa Luzia,31087578,2° ano do Ensino Fundamental,Municipal,Presente,Não,733.63
2024,3303302,Niterói,33054397,2° ano do Ensino Fundamental,Municipal,Presente,Sim,769.58
2024,3304557,Rio de Janeiro,33114089,2° ano do Ensino Fundamental,Municipal,Presente,Sim,792.79
2024,1100304,Vilhena,11017805,2° ano do Ensino Fundamental,Municipal,Presente,Sim,765.67
2024,1506138,Redenção,15064579,2° ano do Ensino Fundamental,Municipal,Presente,Sim,771.3
2024,1600501,Oiapoque,16001128,2° ano do Ensino Fundamental,Municipal,Presente,Não,668.64
2024,2103000,Caxias,21038019,2° ano do Ensino Fundamental,Municipal,Presente,Sim,761.15
2024,2303204,Caririaçu,23046697,2° ano do Ensino Fundamental,Municipal,Presente,Sim,834.33
2024,3106200,Belo Horizonte,31071207,2° ano do Ensino Fundamental,Municipal,Presente,Sim,795.53
2024,3201308,Cariacica,32021612,2° ano do Ensino Fundamental,Municipal,Presente,Não,694.1
2024,3528502,Mairiporã,35246630,2° ano do Ensino Fundamental,Municipal,Presente,Sim,748.0432867
2024,3556503,Várzea Paulista,35104775,2° ano do Ensino Fundamental,Municipal,Presente,Não,714.3482773
2024,4106506,Coronel Vivida,41100696,2° ano do Ensino Fundamental,Municipal,Presente,Sim,803.17
2024,4106902,Curitiba,41066767,2° ano do Ensino Fundamental,Municipal,Presente,Sim,798.57
2024,5219712,Santo Antônio da Barra,52052736,2° ano do Ensino Fundamental,Municipal,Presente,Sim,792.42
2024,5219753,Santo Antônio do Descoberto,52076141,2° ano do Ensino Fundamental,Municipal,Presente,Sim,808.93
2024,1713304,Miranorte,17012662,2° ano do Ensino Fundamental,Municipal,Presente,Sim,755.01
2024,2113009,Vitorino Freire,21044811,2° ano do Ensino Fundamental,Municipal,Presente,Sim,780.09
2024,2306553,Itarema,23071573,2° ano do Ensino Fundamental,Municipal,Presente,Não,648.83
2024,2601904,Bezerros,26013913,2° ano do Ensino Fundamental,Municipal,Presente,Sim,743.98
2024,2602902,Cabo de Santo Agostinho,26033248,2° ano do Ensino Fundamental,Municipal,Presente,Não,736.37
2024,2611606,Recife,26053605,2° ano do Ensino Fundamental,Municipal,Presente,Sim,779.55
2024,2704302,Maceió,27012532,2° ano do Ensino Fundamental,Municipal,Presente,Não,742.79
2024,3118304,Conselheiro Lafaiete,31054750,2° ano do Ensino Fundamental,Municipal,Presente,Sim,811.57
2024,3122306,Divinópolis,31086307,2° ano do Ensino Fundamental,Municipal,Presente,Não,672.43
2024,3304557,Rio de Janeiro,33103947,2° ano do Ensino Fundamental,Municipal,Presente,Sim,770.86
2024,4124053,Santa Terezinha de Itaipu,41102328,2° ano do Ensino Fundamental,Municipal,Presente,Não,739.24
2024,5103353,Confresa,51007320,2° ano do Ensino Fundamental,Municipal,Presente,Sim,817.88
2024,5218805,Rio Verde,52074945,2° ano do Ensino Fundamental,Municipal,Presente,Sim,779.58
2024,2310704,Pentecoste,23006902,2° ano do Ensino Fundamental,Municipal,Presente,Sim,842.71
2024,4111209,Itapejara d'Oeste,41020499,2° ano do Ensino Fundamental,Municipal,Presente,Sim,763.15
2024,5008008,Terenos,50041284,2° ano do Ensino Fundamental,Municipal,Presente,Não,707.24
2024,5208707,Goiânia,52002440,2° ano do Ensino Fundamental,Municipal,Presente,Não,672.66
2024,1712454,Luzinópolis,17017956,2° ano do Ensino Fundamental,Municipal,Presente,Sim,794.0
2024,2205508,José de Freitas,22029889,2° ano do Ensino Fundamental,Municipal,Presente,Não,709.06
2024,2211001,Teresina,22008784,2° ano do Ensino Fundamental,Municipal,Presente,Não,687.69
2024,3205176,Vila Valério,32033276,2° ano do Ensino Fundamental,Municipal,Presente,Sim,808.01
2024,3205200,Vila Velha,32015572,2° ano do Ensino Fundamental,Municipal,Presente,Não,703.76
2024,3509502,Campinas,35047255,2° ano do Ensino Fundamental,Estadual,Presente,Sim,806.3990448
2024,3516200,Franca,35065398,2° ano do Ensino Fundamental,Municipal,Presente,Sim,806.3990448
2024,3532405,Nazaré Paulista,35036571,2° ano do Ensino Fundamental,Municipal,Presente,Sim,786.1511403
2024,4103602,Cambará,41111006,2° ano do Ensino Fundamental,Municipal,Presente,Não,738.63
2024,1302702,Manicoré,13016012,2° ano do Ensino Fundamental,Municipal,Presente,Não,684.76
2024,2110856,São Francisco do Brejão,21033323,2° ano do Ensino Fundamental,Municipal,Presente,Não,687.91
2024,2306553,Itarema,23085623,2° ano do Ensino Fundamental,Municipal,Presente,Sim,850.7
2024,3145208,Nova Serrana,31180777,2° ano do Ensino Fundamental,Municipal,Presente,Não,670.81
2024,3304557,Rio de Janeiro,33112770,2° ano do Ensino Fundamental,Municipal,Presente,Não,737.94
2024,5003702,Dourados,50022092,2° ano do Ensino Fundamental,Municipal,Presente,Não,723.3
2024,1508159,Uruará,15085437,2° ano do Ensino Fundamental,Municipal,Presente,Sim,751.29
2024,2606804,Igarassu,26027101,2° ano do Ensino Fundamental,Municipal,Presente,Não,727.47
2024,2614808,Tacaratu,26068344,2° ano do Ensino Fundamental,Municipal,Presente,Sim,775.6
2024,3512001,Colina,35020735,2° ano do Ensino Fundamental,Municipal,Presente,Não,616.6921215
2024,1100122,Ji-Paraná,11006443,2° ano do Ensino Fundamental,Estadual,Presente,Sim,761.91
2024,1702208,Araguatins,17013946,2° ano do Ensino Fundamental,Municipal,Presente,Não,731.43
2024,2303501,Cascavel,23001782,2° ano do Ensino Fundamental,Municipal,Presente,Sim,784.32
2024,2306405,Itapipoca,23044221,2° ano do Ensino Fundamental,Municipal,Presente,Sim,793.79
2024,3105608,Barbacena,31115266,2° ano do Ensino Fundamental,Estadual,Presente,Sim,826.48
2024,3137809,Lambari,31011447,2° ano do Ensino Fundamental,Estadual,Presente,Sim,802.85
2024,3157807,Santa Luzia,31110118,2° ano do Ensino Fundamental,Municipal,Presente,Sim,775.85
2024,3202454,Ibatiba,32041599,2° ano do Ensino Fundamental,Municipal,Presente,Sim,746.61
2024,3304557,Rio de Janeiro,33118838,2° ano do Ensino Fundamental,Municipal,Presente,Não,740.94
2024,5002704,Campo Grande,50006393,2° ano do Ensino Fundamental,Municipal,Presente,Não,742.96
2024,5006309,Paranaíba,50033099,2° ano do Ensino Fundamental,Municipal,Presente,Sim,750.97
2024,5201108,Anápolis,52011435,2° ano do Ensino Fundamental,Municipal,Presente,Sim,823.8
2024,1303700,Santo Antônio do Içá,13021422,2° ano do Ensino Fundamental,Municipal,Presente,Sim,749.35
2024,2108306,Penalva,21058049,2° ano do Ensino Fundamental,Municipal,Presente,Sim,750.15
2024,3106200,Belo Horizonte,31038048,2° ano do Ensino Fundamental,Estadual,Presente,Sim,757.06
2024,3143302,Montes Claros,31156651,2° ano do Ensino Fundamental,Municipal,Presente,Sim,810.01
2024,3304557,Rio de Janeiro,33140705,2° ano do Ensino Fundamental,Municipal,Presente,Sim,745.19
2024,3541406,Presidente Prudente,35149855,2° ano do Ensino Fundamental,Municipal,Presente,Sim,806.3990448
2024,1100205,Porto Velho,11012357,2° ano do Ensino Fundamental,Municipal,Presente,Não,708.71
2024,2306553,Itarema,23069487,2° ano do Ensino Fundamental,Municipal,Presente,Sim,853.01
2024,2704302,Maceió,27014524,2° ano do Ensino Fundamental,Municipal,Presente,Não,623.66
2024,3140852,Matias Cardoso,31111404,2° ano do Ensino Fundamental,Municipal,Presente,Não,691.45
2024,3205200,Vila Velha,32014414,2° ano do Ensino Fundamental,Municipal,Presente,Sim,780.38
2024,3205309,Vitória,32008204,2° ano do Ensino Fundamental,Municipal,Presente,Não,736.43
2024,3304557,Rio de Janeiro,33128418,2° ano do Ensino Fundamental,Municipal,Presente,Sim,767.92
2024,3304557,Rio de Janeiro,33122738,2° ano do Ensino Fundamental,Municipal,Presente,Sim,757.02
2024,3538709,Piracicaba,35136208,2° ano do Ensino Fundamental,Municipal,Presente,Sim,769.2761321
2024,5001102,Aquidauana,50039290,2° ano do Ensino Fundamental,Municipal,Presente,Sim,758.65
2024,5006358,Paranhos,50034566,2° ano do Ensino Fundamental,Municipal,Presente,Sim,764.88
2024,5211503,Itumbiara,52039333,2° ano do Ensino Fundamental,Municipal,Presente,Sim,800.36
2024,5212501,Luziânia,52030523,2° ano do Ensino Fundamental,Municipal,Presente,Não,646.22
2024,1719004,Santa Tereza do Tocantins,17000353,2° ano do Ensino Fundamental,Municipal,Presente,Não,705.62
2024,2206605,Monte Alegre do Piauí,22026129,2° ano do Ensino Fundamental,Municipal,Presente,Sim,821.55
2024,3304557,Rio de Janeiro,33122717,2° ano do Ensino Fundamental,Municipal,Presente,Não,654.03
2024,4123808,Santa Izabel do Oeste,41010824,2° ano do Ensino Fundamental,Municipal,Presente,Sim,793.71
2024,5006606,Ponta Porã,50035626,2° ano do Ensino Fundamental,Municipal,Presente,Sim,758.32
2024,5101803,Barra do Garças,51002221,2° ano do Ensino Fundamental,Municipal,Presente,Sim,818.28
2024,5220009,São João d'Aliança,52062893,2° ano do Ensino Fundamental,Municipal,Presente,Sim,746.72
2024,2408508,Ouro Branco,24008148,2° ano do Ensino Fundamental,Municipal,Presente,Sim,830.79
2024,3106705,Betim,31116180,2° ano do Ensino Fundamental,Estadual,Presente,Sim,754.97
2024,3106705,Betim,31026984,2° ano do Ensino Fundamental,Municipal,Presente,Não,739.23
2024,3136702,Juiz de Fora,31181208,2° ano do Ensino Fundamental,Municipal,Presente,Não,686.84
2024,3155504,Rio Paranaíba,31181757,2° ano do Ensino Fundamental,Municipal,Presente,Não,704.87
2024,3200904,Barra de São Francisco,32030768,2° ano do Ensino Fundamental,Municipal,Presente,Sim,757.96
2024,5002704,Campo Grande,50009741,2° ano do Ensino Fundamental,Municipal,Presente,Não,642.73
2024,5003702,Dourados,50021277,2° ano do Ensino Fundamental,Municipal,Presente,Não,632.8
2024,5101803,Barra do Garças,51002097,2° ano do Ensino Fundamental,Municipal,Presente,Não,724.96
2024,5102504,Cáceres,51005151,2° ano do Ensino Fundamental,Municipal,Presente,Sim,799.24
2024,5201702,Aragarças,52045970,2° ano do Ensino Fundamental,Municipal,Presente,Sim,814.04
2024,5208608,Goianésia,52026874,2° ano do Ensino Fundamental,Municipal,Presente,Sim,789.93
2024,5211909,Jataí,52041893,2° ano do Ensino Fundamental,Municipal,Presente,Sim,790.05
2024,1507805,Senador José Porfírio,15078837,2° ano do Ensino Fundamental,Municipal,Presente,Sim,775.8
2024,2101400,Balsas,21054126,2° ano do Ensino Fundamental,Municipal,Presente,Não,649.83
2024,2112803,Viana,21069223,2° ano do Ensino Fundamental,Municipal,Presente,Não,713.57
2024,2507507,João Pessoa,25005852,2° ano do Ensino Fundamental,Municipal,Presente,Sim,755.49
2024,3106200,Belo Horizonte,31072674,2° ano do Ensino Fundamental,Municipal,Presente,Não,722.48
2024,3205200,Vila Velha,32013144,2° ano do Ensino Fundamental,Municipal,Presente,Sim,771.17
2024,3301009,Campos dos Goytacazes,33018024,2° ano do Ensino Fundamental,Municipal,Presente,Sim,759.96
2024,4113700,Londrina,41097869,2° ano do Ensino Fundamental,Municipal,Presente,Sim,777.7
2024,5100409,Alto Garças,51019623,2° ano do Ensino Fundamental,Municipal,Presente,Sim,759.32
2024,5206206,Cristalina,52029448,2° ano do Ensino Fundamental,Municipal,Presente,Sim,794.78
2024,5211503,Itumbiara,52039753,2° ano do Ensino Fundamental,Municipal,Presente,Não,678.82
2024,1100023,Ariquemes,11000587,2° ano do Ensino Fundamental,Municipal,Presente,Sim,758.48
2024,2211001,Teresina,22013640,2° ano do Ensino Fundamental,Municipal,Presente,Sim,781.47
2024,2503704,Cajazeiras,25033070,2° ano do Ensino Fundamental,Municipal,Presente,Não,681.59
2024,2607208,Ipojuca,26036716,2° ano do Ensino Fundamental,Municipal,Presente,Não,715.04
2024,2607901,Jaboatão dos Guararapes,26039590,2° ano do Ensino Fundamental,Municipal,Presente,Não,672.28
2024,3550308,São Paulo,35379384,2° ano do Ensino Fundamental,Estadual,Presente,Sim,806.3990448
2024,5101803,Barra do Garças,51002104,2° ano do Ensino Fundamental,Municipal,Presente,Sim,784.6
2024,5107040,Primavera do Leste,51018696,2° ano do Ensino Fundamental,Municipal,Presente,Sim,747.21
2024,1705607,Conceição do Tocantins,17006724,2° ano do Ensino Fundamental,Municipal,Presente,Sim,783.05
2024,3201308,Cariacica,32045669,2° ano do Ensino Fundamental,Municipal,Presente,Sim,762.4
2024,3304557,Rio de Janeiro,33138628,2° ano do Ensino Fundamental,Municipal,Presente,Não,741.07
2024,3541406,Presidente Prudente,35149822,2° ano do Ensino Fundamental,Municipal,Presente,Sim,821.514298
2024,4100905,Amaporã,41010696,2° ano do Ensino Fundamental,Municipal,Presente,Sim,751.8
2024,5215603,Padre Bernardo,52070825,2° ano do Ensino Fundamental,Municipal,Presente,Sim,774.24
2024,5300108,Brasília,53007069,2° ano do Ensino Fundamental,Estadual,Presente,Não,722.62
2024,1505304,Oriximiná,15053300,2° ano do Ensino Fundamental,Municipal,Presente,Não,659.94
2024,3552205,Sorocaba,35209082,2° ano do Ensino Fundamental,Municipal,Presente,Sim,821.514298
2024,5201405,Aparecida de Goiânia,52073105,2° ano do Ensino Fundamental,Municipal,Presente,Não,721.09
2024,5220454,Senador Canedo,52023454,2° ano do Ensino Fundamental,Municipal,Presente,Não,693.39
2024,1200203,Cruzeiro do Sul,12001406,2° ano do Ensino Fundamental,Estadual,Presente,Sim,782.11
2024,1721000,Palmas,17003341,2° ano do Ensino Fundamental,Municipal,Presente,Sim,775.41
2024,2103208,Chapadinha,21060709,2° ano do Ensino Fundamental,Municipal,Presente,Não,668.45
2024,2309706,Pacatuba,23059813,2° ano do Ensino Fundamental,Municipal,Presente,Sim,752.29
2024,2608305,Jupi,26011781,2° ano do Ensino Fundamental,Municipal,Presente,Sim,786.03
2024,3106200,Belo Horizonte,31075095,2° ano do Ensino Fundamental,Municipal,Presente,Não,733.81
2024,3527306,Louveira,35103709,2° ano do Ensino Fundamental,Municipal,Presente,Sim,806.3990448
2024,5108402,Várzea Grande,51049955,2° ano do Ensino Fundamental,Municipal,Presente,Sim,799.24
2024,5208806,Goianira,52035705,2° ano do Ensino Fundamental,Municipal,Presente,Sim,790.66
2024,1100304,Vilhena,11017812,2° ano do Ensino Fundamental,Municipal,Presente,Sim,748.64
2024,1304104,Tapauá,13025099,2° ano do Ensino Fundamental,Municipal,Presente,Não,735.68
2024,2507507,João Pessoa,25000193,2° ano do Ensino Fundamental,Estadual,Presente,Sim,779.33
2024,3131703,Itabira,31197678,2° ano do Ensino Fundamental,Municipal,Presente,Sim,785.84
2024,3157807,Santa Luzia,31193838,2° ano do Ensino Fundamental,Estadual,Presente,Sim,839.91
2024,3159605,Santa Rita do Sapucaí,31037390,2° ano do Ensino Fundamental,Municipal,Presente,Sim,776.04
2024,5002704,Campo Grande,50040932,2° ano do Ensino Fundamental,Municipal,Presente,Não,715.13
2024,5106224,Nova Mutum,51009892,2° ano do Ensino Fundamental,Municipal,Presente,Sim,754.35
2024,5107040,Primavera do Leste,51019186,2° ano do Ensino Fundamental,Municipal,Presente,Sim,759.32
2024,2304400,Fortaleza,23039628,2° ano do Ensino Fundamental,Municipal,Presente,Sim,777.85
2024,2305506,Iguatu,23020144,2° ano do Ensino Fundamental,Municipal,Presente,Sim,762.04
2024,2606408,Gravatá,26015804,2° ano do Ensino Fundamental,Municipal,Presente,Sim,743.13
2024,2611101,Petrolina,26069659,2° ano do Ensino Fundamental,Municipal,Presente,Não,714.68
2024,2611606,Recife,26078889,2° ano do Ensino Fundamental,Municipal,Presente,Sim,761.17
2024,3304557,Rio de Janeiro,33146258,2° ano do Ensino Fundamental,Municipal,Presente,Sim,771.18
2024,5104807,Jaciara,51020446,2° ano do Ensino Fundamental,Municipal,Presente,Sim,771.38
2024,1100338,Nova Mamoré,11004910,2° ano do Ensino Fundamental,Municipal,Presente,Não,742.97
2024,1505502,Paragominas,15055314,2° ano do Ensino Fundamental,Municipal,Presente,Sim,771.51
2024,3106200,Belo Horizonte,31065476,2° ano do Ensino Fundamental,Estadual,Presente,Sim,776.08
2024,3107307,Bocaiúva,31120220,2° ano do Ensino Fundamental,Estadual,Presente,Sim,800.82
2024,3118304,Conselheiro Lafaiete,31112955,2° ano do Ensino Fundamental,Estadual,Presente,Sim,754.01
2024,3118601,Contagem,31179760,2° ano do Ensino Fundamental,Municipal,Presente,Não,714.31
2024,3304904,São Gonçalo,33077925,2° ano do Ensino Fundamental,Municipal,Presente,Sim,791.75
2024,5002704,Campo Grande,50005258,2° ano do Ensino Fundamental,Municipal,Presente,Não,728.45
2024,5006606,Ponta Porã,50035647,2° ano do Ensino Fundamental,Municipal,Presente,Sim,757.01
2024,5007208,Rio Brilhante,50025021,2° ano do Ensino Fundamental,Municipal,Presente,Sim,798.26
2024,5212808,Mara Rosa,52054069,2° ano do Ensino Fundamental,Municipal,Presente,Sim,768.42
2024,2304285,Eusébio,23027122,2° ano do Ensino Fundamental,Municipal,Presente,Sim,804.41
2024,2304400,Fortaleza,23065510,2° ano do Ensino Fundamental,Municipal,Presente,Não,683.01
2024,3170206,Uberlândia,31082993,2° ano do Ensino Fundamental,Municipal,Presente,Sim,773.12
2024,3302700,Maricá,33048451,2° ano do Ensino Fundamental,Municipal,Presente,Sim,768.83
2024,4127106,Telêmaco Borba,41014756,2° ano do Ensino Fundamental,Municipal,Presente,Sim,781.04
2024,2211001,Teresina,22008823,2° ano do Ensino Fundamental,Municipal,Presente,Não,724.28
2024,2603207,Caetés,26009185,2° ano do Ensino Fundamental,Municipal,Presente,Sim,769.91
2024,3106200,Belo Horizonte,31122142,2° ano do Ensino Fundamental,Estadual,Presente,Sim,780.63
2024,3106309,Belo Oriente,31113635,2° ano do Ensino Fundamental,Municipal,Presente,Sim,768.42
2024,3113206,Carandaí,31094022,2° ano do Ensino Fundamental,Municipal,Presente,Sim,818.08
2024,3304557,Rio de Janeiro,33142146,2° ano do Ensino Fundamental,Municipal,Presente,Sim,773.92
2024,5105903,Nobres,51008998,2° ano do Ensino Fundamental,Municipal,Presente,Sim,753.1
2024,1100114,Jaru,11005463,2° ano do Ensino Fundamental,Municipal,Presente,Sim,767.85
2024,2102309,Buriti Bravo,21051378,2° ano do Ensino Fundamental,Municipal,Presente,Sim,765.05
2024,2104099,Formosa da Serra Negra,21055534,2° ano do Ensino Fundamental,Municipal,Presente,Sim,791.69
2024,2611101,Petrolina,26069673,2° ano do Ensino Fundamental,Municipal,Presente,Não,732.59
2024,2614402,Solidão,26059178,2° ano do Ensino Fundamental,Municipal,Presente,Sim,828.84
2024,3157807,Santa Luzia,31105031,2° ano do Ensino Fundamental,Municipal,Presente,Sim,759.62
2024,3303955,Pinheiral,33097651,2° ano do Ensino Fundamental,Municipal,Presente,Não,707.9
2024,4125506,São José dos Pinhais,41076823,2° ano do Ensino Fundamental,Municipal,Presente,Sim,786.14
2024,4321907,Três Passos,43097918,2° ano do Ensino Fundamental,Estadual,Presente,Sim,749.1570122
2024,1702208,Araguatins,17013932,2° ano do Ensino Fundamental,Municipal,Presente,Sim,749.52
2024,1705508,Colinas do Tocantins,17013510,2° ano do Ensino Fundamental,Municipal,Presente,Sim,802.96
2024,2100055,Açailândia,21031485,2° ano do Ensino Fundamental,Municipal,Presente,Sim,753.57
2024,2501104,Areia,25018290,2° ano do Ensino Fundamental,Municipal,Presente,Sim,850.59
2024,2704302,Maceió,27016062,2° ano do Ensino Fundamental,Municipal,Presente,Não,634.2
2024,3103504,Araguari,31191257,2° ano do Ensino Fundamental,Municipal,Presente,Sim,760.32
2024,3106200,Belo Horizonte,31010745,2° ano do Ensino Fundamental,Estadual,Presente,Sim,788.15
2024,3301009,Campos dos Goytacazes,33018010,2° ano do Ensino Fundamental,Municipal,Presente,Sim,774.9
2024,5107248,Santa Carmem,51027032,2° ano do Ensino Fundamental,Municipal,Presente,Sim,763.64
2024,5212501,Luziânia,52032038,2° ano do Ensino Fundamental,Municipal,Presente,Sim,756.2
2024,1600303,Macapá,16003223,2° ano do Ensino Fundamental,Municipal,Presente,Sim,789.09
2024,2112209,Timon,21068836,2° ano do Ensino Fundamental,Municipal,Presente,Não,741.67
2024,3151800,Poços de Caldas,31003622,2° ano do Ensino Fundamental,Municipal,Presente,Sim,754.02
2024,3201209,Cachoeiro de Itapemirim,32036632,2° ano do Ensino Fundamental,Municipal,Presente,Não,640.45
2024,3204906,São Mateus,32030228,2° ano do Ensino Fundamental,Municipal,Presente,Sim,770.28
2024,3304557,Rio de Janeiro,33140309,2° ano do Ensino Fundamental,Municipal,Presente,Sim,751.71
2024,3544103,Rio Grande da Serra,35294185,2° ano do Ensino Fundamental,Estadual,Presente,Não,705.3522505
2024,4118402,Paranavaí,41044852,2° ano do Ensino Fundamental,Municipal,Presente,Sim,755.28
2024,5103353,Confresa,51007306,2° ano do Ensino Fundamental,Municipal,Presente,Sim,799.24
2024,5103353,Confresa,51007470,2° ano do Ensino Fundamental,Municipal,Presente,Sim,750.85
2024,5300108,Brasília,53012435,2° ano do Ensino Fundamental,Estadual,Presente,Sim,759.63
2024,1302900,Maués,13016563,2° ano do Ensino Fundamental,Municipal,Presente,Sim,744.72
2024,2601102,Araripina,26060166,2° ano do Ensino Fundamental,Municipal,Presente,Sim,816.49
2024,2700300,Arapiraca,27032111,2° ano do Ensino Fundamental,Municipal,Presente,Não,683.42
2024,3106705,Betim,31054242,2° ano do Ensino Fundamental,Estadual,Presente,Sim,773.3
2024,3131901,Itabirito,31158895,2° ano do Ensino Fundamental,Municipal,Presente,Sim,767.18
2024,3304557,Rio de Janeiro,33122731,2° ano do Ensino Fundamental,Municipal,Presente,Não,630.85
2024,5003702,Dourados,50021256,2° ano do Ensino Fundamental,Municipal,Presente,Não,652.6
2024,5201108,Anápolis,52076305,2° ano do Ensino Fundamental,Municipal,Presente,Sim,763.29
2024,2112209,Timon,21065389,2° ano do Ensino Fundamental,Municipal,Presente,Sim,760.85
2024,2304400,Fortaleza,23021670,2° ano do Ensino Fundamental,Estadual,Presente,Sim,873.03
2024,3106309,Belo Oriente,31112174,2° ano do Ensino Fundamental,Municipal,Presente,Sim,791.77
2024,3118007,Congonhas,31123238,2° ano do Ensino Fundamental,Municipal,Presente,Sim,810.59
2024,3507506,Botucatu,35029215,2° ano do Ensino Fundamental,Municipal,Presente,Sim,773.5256568
2024,3536208,Pariquera-Açu,35151645,2° ano do Ensino Fundamental,Municipal,Presente,Sim,786.1511403
2024,4106902,Curitiba,41028910,2° ano do Ensino Fundamental,Municipal,Presente,Não,703.21
2024,4122206,Rio Branco do Sul,41013929,2° ano do Ensino Fundamental,Municipal,Presente,Sim,751.3
2024,2306405,Itapipoca,23027020,2° ano do Ensino Fundamental,Municipal,Presente,Sim,781.18
2024,2312403,São Gonçalo do Amarante,23058262,2° ano do Ensino Fundamental,Municipal,Presente,Sim,757.19
2024,2508901,Mamanguape,25010923,2° ano do Ensino Fundamental,Municipal,Presente,Sim,753.54
2024,2615300,Timbaúba,26021254,2° ano do Ensino Fundamental,Municipal,Presente,Não,616.05
2024,3106200,Belo Horizonte,31191403,2° ano do Ensino Fundamental,Estadual,Presente,Sim,765.2
2024,3118601,Contagem,31158043,2° ano do Ensino Fundamental,Municipal,Presente,Sim,765.45
2024,3550308,São Paulo,35433141,2° ano do Ensino Fundamental,Estadual,Presente,Não,722.3615885
2024,4122701,Sabáudia,41081127,2° ano do Ensino Fundamental,Municipal,Presente,Sim,766.69
2024,2314102,Viçosa do Ceará,23069868,2° ano do Ensino Fundamental,Municipal,Presente,Sim,777.97
2024,2700300,Arapiraca,27002454,2° ano do Ensino Fundamental,Municipal,Presente,Sim,754.46
2024,2807402,Tobias Barreto,28014567,2° ano do Ensino Fundamental,Municipal,Presente,Sim,762.07
2024,3106200,Belo Horizonte,31079536,2° ano do Ensino Fundamental,Municipal,Presente,Não,684.17
2024,3122306,Divinópolis,31194217,2° ano do Ensino Fundamental,Municipal,Presente,Sim,780.44
2024,3144003,Mutum,31164828,2° ano do Ensino Fundamental,Estadual,Presente,Sim,799.75
2024,3144375,Natalândia,31012747,2° ano do Ensino Fundamental,Municipal,Presente,Sim,775.45
2024,3205200,Vila Velha,32045338,2° ano do Ensino Fundamental,Municipal,Presente,Sim,764.51
2024,1100288,Rolim de Moura,11021984,2° ano do Ensino Fundamental,Estadual,Presente,Sim,812.51
2024,2209153,Santa Cruz dos Milagres,22017732,2° ano do Ensino Fundamental,Municipal,Presente,Sim,772.65
2024,3114204,Carmo do Cajuru,31053316,2° ano do Ensino Fundamental,Municipal,Presente,Não,691.85
2024,3301009,Campos dos Goytacazes,33018658,2° ano do Ensino Fundamental,Municipal,Presente,Não,681.62
2024,3304557,Rio de Janeiro,33114082,2° ano do Ensino Fundamental,Municipal,Presente,Sim,745.99
2024,5211503,Itumbiara,52040335,2° ano do Ensino Fundamental,Municipal,Presente,Não,696.85
2024,1100205,Porto Velho,11011810,2° ano do Ensino Fundamental,Municipal,Presente,Não,673.29
2024,1503606,Itaituba,15098708,2° ano do Ensino Fundamental,Municipal,Presente,Não,739.86
2024,1600303,Macapá,16002756,2° ano do Ensino Fundamental,Municipal,Presente,Sim,771.39
2024,2608305,Jupi,26011762,2° ano do Ensino Fundamental,Municipal,Presente,Sim,767.38
2024,2702306,Coruripe,27008200,2° ano do Ensino Fundamental,Municipal,Presente,Não,739.68
2024,4106902,Curitiba,41017794,2° ano do Ensino Fundamental,Municipal,Presente,Não,678.34
2024,4111209,Itapejara d'Oeste,41004810,2° ano do Ensino Fundamental,Municipal,Presente,Sim,759.83
2024,5001102,Aquidauana,50011553,2° ano do Ensino Fundamental,Municipal,Presente,Sim,768.91
2024,5002704,Campo Grande,50006383,2° ano do Ensino Fundamental,Municipal,Presente,Sim,750.56
2024,5107040,Primavera do Leste,51019172,2° ano do Ensino Fundamental,Municipal,Presente,Sim,759.32
2024,5200258,Águas Lindas de Goiás,52069572,2° ano do Ensino Fundamental,Municipal,Presente,Não,737.09
2024,5208707,Goiânia,52007899,2° ano do Ensino Fundamental,Municipal,Presente,Não,691.58
2024,5300108,Brasília,53007750,2° ano do Ensino Fundamental,Estadual,Presente,Não,742.86
2024,1100205,Porto Velho,11013874,2° ano do Ensino Fundamental,Municipal,Presente,Sim,769.61
2024,3140555,Mata Verde,31048547,2° ano do Ensino Fundamental,Municipal,Presente,Sim,748.35
2024,3157807,Santa Luzia,31108568,2° ano do Ensino Fundamental,Municipal,Presente,Sim,751.44
2024,4101507,Arapongas,41054708,2° ano do Ensino Fundamental,Municipal,Presente,Não,742.81
2024,4104303,Campo Mourão,41023900,2° ano do Ensino Fundamental,Municipal,Presente,Sim,768.93
2024,4117909,Palotina,41008924,2° ano do Ensino Fundamental,Municipal,Presente,Sim,795.85
2024,4122404,Rolândia,41001867,2° ano do Ensino Fundamental,Municipal,Presente,Sim,748.25
2024,5213103,Mineiros,52057057,2° ano do Ensino Fundamental,Municipal,Presente,Não,660.5
2024,1507458,São Geraldo do Araguaia,15076689,2° ano do Ensino Fundamental,Municipal,Presente,Não,661.53
2024,2611606,Recife,26049661,2° ano do Ensino Fundamental,Municipal,Presente,Sim,767.04
2024,2700300,Arapiraca,27003637,2° ano do Ensino Fundamental,Municipal,Presente,Sim,780.54
2024,3120805,Cruzília,31158572,2° ano do Ensino Fundamental,Estadual,Presente,Sim,776.23
2024,3300456,Belford Roxo,33005597,2° ano do Ensino Fundamental,Municipal,Presente,Sim,771.01
2024,5108402,Várzea Grande,51045941,2° ano do Ensino Fundamental,Municipal,Presente,Sim,771.26
2024,5200134,Acreúna,52058439,2° ano do Ensino Fundamental,Municipal,Presente,Sim,764.0
2024,1502954,Eldorado do Carajás,15031117,2° ano do Ensino Fundamental,Municipal,Presente,Sim,772.91
2024,1505304,Oriximiná,15053286,2° ano do Ensino Fundamental,Municipal,Presente,Não,654.54
2024,2112803,Viana,21058797,2° ano do Ensino Fundamental,Municipal,Presente,Sim,756.22
2024,2306553,Itarema,23045961,2° ano do Ensino Fundamental,Municipal,Presente,Sim,805.54
2024,2615300,Timbaúba,26021252,2° ano do Ensino Fundamental,Municipal,Presente,Não,735.65
2024,3146206,Ouro Verde de Minas,31074209,2° ano do Ensino Fundamental,Municipal,Presente,Sim,745.73
2024,3201308,Cariacica,32018397,2° ano do Ensino Fundamental,Municipal,Presente,Não,704.79
2024,3301009,Campos dos Goytacazes,33018017,2° ano do Ensino Fundamental,Municipal,Presente,Não,688.7
2024,4109401,Guarapuava,41079634,2° ano do Ensino Fundamental,Municipal,Presente,Sim,767.21
2024,5108402,Várzea Grande,51043917,2° ano do Ensino Fundamental,Municipal,Presente,Não,658.56
2024,5220108,São Luís de Montes Belos,52059476,2° ano do Ensino Fundamental,Municipal,Presente,Sim,770.17
2024,5220108,São Luís de Montes Belos,52059470,2° ano do Ensino Fundamental,Municipal,Presente,Sim,773.98
2024,2408508,Ouro Branco,24008155,2° ano do Ensino Fundamental,Municipal,Presente,Sim,843.55
2024,2507507,João Pessoa,25000200,2° ano do Ensino Fundamental,Estadual,Presente,Sim,794.36
2024,2601102,Araripina,26060159,2° ano do Ensino Fundamental,Municipal,Presente,Não,727.8
2024,2702603,Feira Grande,27009529,2° ano do Ensino Fundamental,Municipal,Presente,Sim,746.02
2024,2706901,Pilar,27024254,2° ano do Ensino Fundamental,Municipal,Presente,Não,678.15
2024,3144805,Nova Lima,31010811,2° ano do Ensino Fundamental,Municipal,Presente,Sim,792.53
2024,3171204,Vespasiano,31195660,2° ano do Ensino Fundamental,Municipal,Presente,Sim,759.97
2024,3300605,Bom Jesus do Itabapoana,33035966,2° ano do Ensino Fundamental,Municipal,Presente,Sim,760.72
2024,3304524,Rio das Ostras,33075262,2° ano do Ensino Fundamental,Municipal,Presente,Não,739.21
2024,3529005,Marília,35118481,2° ano do Ensino Fundamental,Estadual,Presente,Sim,806.3990448
2024,4106308,Corbélia,41082818,2° ano do Ensino Fundamental,Municipal,Presente,Sim,774.09
2024,4117503,Paiçandu,41015465,2° ano do Ensino Fundamental,Municipal,Presente,Não,742.5
2024,5203906,Buriti Alegre,52039211,2° ano do Ensino Fundamental,Municipal,Presente,Sim,766.43
2024,5206206,Cristalina,52029764,2° ano do Ensino Fundamental,Municipal,Presente,Sim,775.5
2024,3504503,Avaré,35017431,2° ano do Ensino Fundamental,Municipal,Presente,Sim,771.5120292
2024,3527306,Louveira,35103311,2° ano do Ensino Fundamental,Municipal,Presente,Sim,786.1511403
2024,3547809,Santo André,35310545,2° ano do Ensino Fundamental,Municipal,Presente,Não,669.6571419
2024,4316808,Santa Cruz do Sul,43074339,2° ano do Ensino Fundamental,Estadual,Presente,Sim,795.6025223
2024,3550308,São Paulo,35430714,2° ano do Ensino Fundamental,Estadual,Presente,Sim,771.6064137
2024,3519071,Hortolândia,35220387,2° ano do Ensino Fundamental,Municipal,Presente,Não,734.4551449
2024,3533502,Novo Horizonte,35060628,2° ano do Ensino Fundamental,Municipal,Presente,Sim,781.8094351
2024,3536505,Paulínia,35214401,2° ano do Ensino Fundamental,Municipal,Presente,Sim,776.4217409
2024,3509007,Caieiras,35239856,2° ano do Ensino Fundamental,Municipal,Presente,Sim,766.5458153
2024,3519709,Ibiúna,35193294,2° ano do Ensino Fundamental,Municipal,Presente,Não,702.9104505
2024,3530607,Mogi das Cruzes,35295142,2° ano do Ensino Fundamental,Municipal,Presente,Não,685.3045136
2024,3530607,Mogi das Cruzes,35296695,2° ano do Ensino Fundamental,Municipal,Presente,Sim,806.3990448
2024,3506003,Bauru,35025331,2° ano do Ensino Fundamental,Municipal,Presente,Sim,771.6064137
2024,3515707,Ferraz de Vasconcelos,35325262,2° ano do Ensino Fundamental,Municipal,Presente,Sim,806.3990448
2024,3548906,São Carlos,35171527,2° ano do Ensino Fundamental,Municipal,Presente,Sim,765.1643358
2024,3530607,Mogi das Cruzes,35296992,2° ano do Ensino Fundamental,Municipal,Presente,Sim,791.3318804
2024,3522109,Itanhaém,35197190,2° ano do Ensino Fundamental,Municipal,Presente,Não,698.7046604
2024,4316808,Santa Cruz do Sul,43074318,2° ano do Ensino Fundamental,Estadual,Presente,Sim,779.7064894
2024,4320008,Sapucaia do Sul,43093235,2° ano do Ensino Fundamental,Estadual,Presente,Sim,780.3820716
2024,3529401,Mauá,35291126,2° ano do Ensino Fundamental,Estadual,Presente,Sim,821.514298
2024,3550308,São Paulo,35430707,2° ano do Ensino Fundamental,Estadual,Presente,Não,728.1596004
2024,3541505,Presidente Venceslau,35161783,2° ano do Ensino Fundamental,Municipal,Presente,Sim,778.2353432
2024,3552205,Sorocaba,35207079,2° ano do Ensino Fundamental,Estadual,Presente,Não,705.9215177
2024,3531100,Mongaguá,35198795,2° ano do Ensino Fundamental,Municipal,Presente,Não,725.3419244
2024,3535101,Palmares Paulista,35060804,2° ano do Ensino Fundamental,Municipal,Presente,Não,699.3418393
2024,3529401,Mauá,35291112,2° ano do Ensino Fundamental,Estadual,Presente,Sim,821.514298
2024,3537305,Penápolis,35130897,2° ano do Ensino Fundamental,Municipal,Presente,Sim,766.7537873
2024,3506508,Birigui,35027660,2° ano do Ensino Fundamental,Municipal,Presente,Sim,778.2353432
2024,3529302,Matão,35013733,2° ano do Ensino Fundamental,Estadual,Presente,Não,711.4140987
2024,3540606,Porto Feliz,35082949,2° ano do Ensino Fundamental,Municipal,Presente,Não,686.8443437
2024,3551009,São Vicente,35201184,2° ano do Ensino Fundamental,Municipal,Presente,Sim,821.514298
2024,3551702,Sertãozinho,35205176,2° ano do Ensino Fundamental,Municipal,Presente,Sim,766.7537873
2024,3518800,Guarulhos,35259935,2° ano do Ensino Fundamental,Municipal,Presente,Não,740.3648964
2024,4302105,Bento Gonçalves,43005716,2° ano do Ensino Fundamental,Estadual,Presente,Não,714.2402116
2024,3503307,Araras,35140595,2° ano do Ensino Fundamental,Municipal,Presente,Sim,766.5458153
2024,3550308,São Paulo,35423369,2° ano do Ensino Fundamental,Municipal,Presente,Não,717.1608009
2024,3552809,Taboão da Serra,35333957,2° ano do Ensino Fundamental,Municipal,Presente,Não,670.732427
2024,3552403,Sumaré,35215944,2° ano do Ensino Fundamental,Municipal,Presente,Sim,778.2353432
2024,3502804,Araçatuba,35009825,2° ano do Ensino Fundamental,Municipal,Presente,Não,667.9936557
2024,3519709,Ibiúna,35193310,2° ano do Ensino Fundamental,Municipal,Presente,Não,725.9655383
2024,3529302,Matão,35013747,2° ano do Ensino Fundamental,Estadual,Presente,Sim,821.514298
2024,3508009,Buri,35075248,2° ano do Ensino Fundamental,Municipal,Presente,Sim,786.1511403
2024,3536505,Paulínia,35214380,2° ano do Ensino Fundamental,Municipal,Presente,Não,733.3423238
2024,3501905,Amparo,35123117,2° ano do Ensino Fundamental,Municipal,Presente,Sim,787.2131925
2024,3525706,José Bonifácio,35097959,2° ano do Ensino Fundamental,Municipal,Presente,Sim,786.1511403
2024,3503604,Areiópolis,35028962,2° ano do Ensino Fundamental,Municipal,Presente,Não,729.780458
2024,3509502,Campinas,35041679,2° ano do Ensino Fundamental,Estadual,Presente,Sim,781.5392356
2024,3523602,Itirapina,35171346,2° ano do Ensino Fundamental,Municipal,Presente,Não,720.8321903
2024,3533908,Olímpia,35021783,2° ano do Ensino Fundamental,Municipal,Presente,Sim,772.9357392
2024,3537602,Peruíbe,35199835,2° ano do Ensino Fundamental,Municipal,Presente,Não,720.254164
2024,3515707,Ferraz de Vasconcelos,35324223,2° ano do Ensino Fundamental,Municipal,Presente,Sim,806.3990448
2024,3518800,Guarulhos,35272720,2° ano do Ensino Fundamental,Estadual,Presente,Não,651.803718
2024,3525300,Jaú,35095479,2° ano do Ensino Fundamental,Municipal,Presente,Sim,778.2353432
2024,3521903,Itajobi,35060259,2° ano do Ensino Fundamental,Municipal,Presente,Sim,821.514298
2024,3534708,Ourinhos,35128650,2° ano do Ensino Fundamental,Municipal,Presente,Não,665.5659388
2024,3556800,Viradouro,35206723,2° ano do Ensino Fundamental,Municipal,Presente,Não,722.3615885
2024,3541406,Presidente Prudente,35149656,2° ano do Ensino Fundamental,Municipal,Presente,Sim,790.0404485
2024,3545209,Salto,35083470,2° ano do Ensino Fundamental,Municipal,Presente,Sim,821.514298
2024,3550308,São Paulo,35398519,2° ano do Ensino Fundamental,Estadual,Presente,Não,695.6641954
2024,3529302,Matão,35013768,2° ano do Ensino Fundamental,Estadual,Presente,Sim,755.2275492
2024,3552205,Sorocaba,35208941,2° ano do Ensino Fundamental,Municipal,Presente,Não,698.2063382
2024,3502804,Araçatuba,35008644,2° ano do Ensino Fundamental,Municipal,Presente,Sim,751.6862078
2024,3552205,Sorocaba,35211472,2° ano do Ensino Fundamental,Municipal,Presente,Sim,755.4481246
2024,3509502,Campinas,35041665,2° ano do Ensino Fundamental,Estadual,Presente,Sim,781.0188242
2024,3555406,Ubatuba,35058943,2° ano do Ensino Fundamental,Municipal,Presente,Não,723.9223875
2024,3547809,Santo André,35311350,2° ano do Ensino Fundamental,Municipal,Presente,Sim,821.514298
2024,3550001,São Luís do Paraitinga,35224356,2° ano do Ensino Fundamental,Municipal,Presente,Sim,763.0273345
2024,3550308,São Paulo,35377774,2° ano do Ensino Fundamental,Estadual,Presente,Sim,806.3990448
2024,3529005,Marília,35119955,2° ano do Ensino Fundamental,Municipal,Presente,Não,736.9366217
2024,3507902,Brotas,35094603,2° ano do Ensino Fundamental,Municipal,Presente,Não,734.1722701
2024,3537107,Pedreira,35126775,2° ano do Ensino Fundamental,Municipal,Presente,Sim,781.8094351
2024,3512001,Colina,35020708,2° ano do Ensino Fundamental,Municipal,Presente,Sim,796.360933
2024,3552205,Sorocaba,35206987,2° ano do Ensino Fundamental,Estadual,Presente,Sim,781.5392356
2024,3552205,Sorocaba,35207008,2° ano do Ensino Fundamental,Estadual,Presente,Sim,767.4745456
2024,3509502,Campinas,35041672,2° ano do Ensino Fundamental,Estadual,Presente,Não,703.4734343
2024,3529302,Matão,35013775,2° ano do Ensino Fundamental,Estadual,Presente,Sim,760.4968332
2024,4320008,Sapucaia do Sul,43093098,2° ano do Ensino Fundamental,Municipal,Presente,Sim,805.5091194
2024,3522208,Itapecerica da Serra,35276630,2° ano do Ensino Fundamental,Municipal,Presente,Não,680.1313997
2024,3507001,Boituva,35078656,2° ano do Ensino Fundamental,Municipal,Presente,Sim,789.0946779
2024,3518800,Guarulhos,35272874,2° ano do Ensino Fundamental,Estadual,Presente,Sim,749.89111
2024,4323002,Viamão,43104562,2° ano do Ensino Fundamental,Municipal,Presente,Não,630.5145383
2024,3526902,Limeira,35112922,2° ano do Ensino Fundamental,Municipal,Presente,Sim,767.4745456
2024,3550308,São Paulo,35426036,2° ano do Ensino Fundamental,Estadual,Presente,Sim,796.360933
2024,4304606,Canoas,43106774,2° ano do Ensino Fundamental,Municipal,Presente,Sim,768.8732546
2024,3525300,Jaú,35095663,2° ano do Ensino Fundamental,Municipal,Presente,Sim,774.4156938
2024,3547304,Santana de Parnaíba,35308276,2° ano do Ensino Fundamental,Municipal,Presente,Sim,760.8312796
2024,3502804,Araçatuba,35008658,2° ano do Ensino Fundamental,Municipal,Presente,Não,702.9136077
2024,4316006,Rolante,43083019,2° ano do Ensino Fundamental,Municipal,Presente,Não,696.3649183
2024,3506102,Bebedouro,35085218,2° ano do Ensino Fundamental,Municipal,Presente,Sim,746.8430102
2024,3513801,Diadema,35258299,2° ano do Ensino Fundamental,Estadual,Presente,Sim,796.360933
2024,4320008,Sapucaia do Sul,43093105,2° ano do Ensino Fundamental,Municipal,Presente,Sim,744.2389686
2024,3500303,Aguaí,35174048,2° ano do Ensino Fundamental,Municipal,Presente,Não,623.9106029
2024,3552205,Sorocaba,35209643,2° ano do Ensino Fundamental,Municipal,Presente,Não,679.5770131
2024,3513009,Cotia,35253957,2° ano do Ensino Fundamental,Municipal,Presente,Sim,778.2353432
2024,3547304,Santana de Parnaíba,35307948,2° ano do Ensino Fundamental,Municipal,Presente,Sim,786.1511403
2024,3515103,Embu-Guaçu,35274522,2° ano do Ensino Fundamental,Municipal,Presente,Sim,786.1511403
2024,3502804,Araçatuba,35008651,2° ano do Ensino Fundamental,Municipal,Presente,Sim,746.7885959
2024,3525003,Jandira,35277485,2° ano do Ensino Fundamental,Municipal,Presente,Sim,778.2353432
2024,3501004,Altinópolis,35152849,2° ano do Ensino Fundamental,Municipal,Presente,Sim,755.2275492
2024,3520103,Igarapava,35178046,2° ano do Ensino Fundamental,Municipal,Presente,Não,739.0733778
2024,3522901,Itapuí,35095236,2° ano do Ensino Fundamental,Municipal,Presente,Não,679.537095
2024,3543808,Rinópolis,35228142,2° ano do Ensino Fundamental,Estadual,Presente,Não,715.5700117
2024,3538709,Piracicaba,35138513,2° ano do Ensino Fundamental,Municipal,Presente,Sim,806.3990448
2024,3554706,Torrinha,35097309,2° ano do Ensino Fundamental,Estadual,Presente,Sim,778.2353432
2024,3524303,Jaboticabal,35086164,2° ano do Ensino Fundamental,Municipal,Presente,Não,642.3194218
2024,4316808,Santa Cruz do Sul,43074192,2° ano do Ensino Fundamental,Estadual,Presente,Não,699.2602338
2024,3524303,Jaboticabal,35086157,2° ano do Ensino Fundamental,Municipal,Presente,Sim,821.514298
2024,4307906,Farroupilha,43030653,2° ano do Ensino Fundamental,Municipal,Presente,Sim,836.3773184
2024,3509601,Campo Limpo Paulista,35100050,2° ano do Ensino Fundamental,Municipal,Presente,Sim,806.3990448
2024,3556909,Vista Alegre do Alto,35222915,2° ano do Ensino Fundamental,Municipal,Presente,Sim,786.1511403
2024,3519071,Hortolândia,35218333,2° ano do Ensino Fundamental,Municipal,Presente,Sim,781.5392356
2024,3550605,São Roque,35194822,2° ano do Ensino Fundamental,Municipal,Presente,Não,672.4135503
2024,3551009,São Vicente,35201936,2° ano do Ensino Fundamental,Municipal,Presente,Sim,771.6064137
2024,3511102,Catanduva,35059969,2° ano do Ensino Fundamental,Municipal,Presente,Não,710.2080841
2024,4310801,Ivoti,43042850,2° ano do Ensino Fundamental,Municipal,Presente,Não,716.7624498
2024,3534757,Ouroeste,35062575,2° ano do Ensino Fundamental,Municipal,Presente,Não,693.205092
2024,3541307,Presidente Epitácio,35161603,2° ano do Ensino Fundamental,Estadual,Presente,Sim,778.2353432
2024,3535309,Palmital,35016475,2° ano do Ensino Fundamental,Municipal,Presente,Sim,791.3318804
2024,3543808,Rinópolis,35228128,2° ano do Ensino Fundamental,Estadual,Presente,Não,694.0337356
2024,3506359,Bertioga,35169820,2° ano do Ensino Fundamental,Municipal,Presente,Sim,821.514298
2024,3522406,Itapeva,35076298,2° ano do Ensino Fundamental,Municipal,Presente,Sim,747.9331384
2024,3525300,Jaú,35095713,2° ano do Ensino Fundamental,Municipal,Presente,Sim,747.1427955
2024,3554805,Tremembé,35133773,2° ano do Ensino Fundamental,Municipal,Presente,Sim,778.2353432
2024,3508801,Cafelândia,35115944,2° ano do Ensino Fundamental,Municipal,Presente,Não,727.3871929
2024,4314803,Portão,43024721,2° ano do Ensino Fundamental,Municipal,Presente,Não,703.5132601
2024,3526704,Leme,35141791,2° ano do Ensino Fundamental,Municipal,Presente,Não,738.5927989
2024,3512209,Conchal,35123716,2° ano do Ensino Fundamental,Municipal,Presente,Sim,760.5073604
2024,3550308,São Paulo,35398141,2° ano do Ensino Fundamental,Estadual,Presente,Sim,806.3990448
2024,3529005,Marília,35119271,2° ano do Ensino Fundamental,Municipal,Presente,Não,727.3543187
2024,3541901,Queluz,35070414,2° ano do Ensino Fundamental,Municipal,Presente,Não,726.848097
2024,3505104,Barbosa,35130384,2° ano do Ensino Fundamental,Municipal,Presente,Sim,796.360933
2024,4314902,Porto Alegre,43065838,2° ano do Ensino Fundamental,Estadual,Presente,Sim,746.9656573
2024,3509007,Caieiras,35239448,2° ano do Ensino Fundamental,Municipal,Presente,Não,733.9536613
2024,4316105,Ronda Alta,43015655,2° ano do Ensino Fundamental,Municipal,Presente,Não,730.1019754
2024,4313409,Novo Hamburgo,43049105,2° ano do Ensino Fundamental,Municipal,Presente,Sim,795.6025223
2024,3554102,Taubaté,35224832,2° ano do Ensino Fundamental,Municipal,Presente,Sim,821.514298
2024,3502507,Aparecida,35067390,2° ano do Ensino Fundamental,Municipal,Presente,Sim,751.6862078
2024,3521002,Iperó,35080703,2° ano do Ensino Fundamental,Municipal,Presente,Sim,786.1511403
2024,4319901,Sapiranga,43091650,2° ano do Ensino Fundamental,Estadual,Presente,Não,687.7596543
2024,3535507,Paraguaçu Paulista,35016816,2° ano do Ensino Fundamental,Municipal,Presente,Não,740.0135023
2024,3534708,Ourinhos,35128764,2° ano do Ensino Fundamental,Municipal,Presente,Sim,806.3990448
2024,3548500,Santos,35167240,2° ano do Ensino Fundamental,Municipal,Presente,Sim,806.3990448
2024,3509452,Campina do Monte Alegre,35075193,2° ano do Ensino Fundamental,Municipal,Presente,Não,727.8943795
2024,3509502,Campinas,35039463,2° ano do Ensino Fundamental,Municipal,Presente,Não,700.4372478
2024,3539202,Pirapozinho,35148850,2° ano do Ensino Fundamental,Municipal,Presente,Sim,806.3990448
2024,3517604,Guapiara,35008028,2° ano do Ensino Fundamental,Municipal,Presente,Não,705.9066563
2024,3543105,Ribeirão Corrente,35066954,2° ano do Ensino Fundamental,Municipal,Presente,Não,725.8472249
2024,4303905,Campo Bom,43011356,2° ano do Ensino Fundamental,Municipal,Presente,Não,647.8267824
2024,3513009,Cotia,35252548,2° ano do Ensino Fundamental,Municipal,Presente,Não,672.7023558
2024,3514403,Dracena,35000496,2° ano do Ensino Fundamental,Municipal,Presente,Não,723.9832798
2024,3511409,Cerqueira César,35018329,2° ano do Ensino Fundamental,Municipal,Presente,Não,715.0615621
2024,3547601,Santa Rosa de Viterbo,35160199,2° ano do Ensino Fundamental,Municipal,Presente,Sim,760.4968332
2024,3510500,Caraguatatuba,35056098,2° ano do Ensino Fundamental,Municipal,Presente,Sim,771.6064137
2024,3522604,Itapira,35123933,2° ano do Ensino Fundamental,Municipal,Presente,Sim,821.514298
2024,3505500,Barretos,35019747,2° ano do Ensino Fundamental,Municipal,Presente,Sim,791.3318804
2024,3506359,Bertioga,35169739,2° ano do Ensino Fundamental,Municipal,Presente,Sim,821.514298
2024,3544251,Rosana,35122467,2° ano do Ensino Fundamental,Estadual,Presente,Sim,787.2131925
2024,3551603,Serra Negra,35127535,2° ano do Ensino Fundamental,Estadual,Presente,Sim,786.1511403
2024,3519071,Hortolândia,35220156,2° ano do Ensino Fundamental,Municipal,Presente,Não,719.1451433
2024,4319901,Sapiranga,43091643,2° ano do Ensino Fundamental,Estadual,Presente,Sim,778.6392898
2024,3522505,Itapevi,35279825,2° ano do Ensino Fundamental,Municipal,Presente,Sim,771.6064137
2024,3544202,Riolândia,35232935,2° ano do Ensino Fundamental,Municipal,Presente,Sim,821.514298
2024,3551504,Serrana,35160624,2° ano do Ensino Fundamental,Municipal,Presente,Não,682.9943239
2024,3551702,Sertãozinho,35205487,2° ano do Ensino Fundamental,Municipal,Presente,Sim,774.5652101
2024,3505104,Barbosa,35130398,2° ano do Ensino Fundamental,Municipal,Presente,Sim,796.360933
2024,3525854,Jumirim,35084943,2° ano do Ensino Fundamental,Municipal,Presente,Não,633.7942508
2024,3535507,Paraguaçu Paulista,35016823,2° ano do Ensino Fundamental,Municipal,Presente,Não,736.0171781
2024,3550704,São Sebastião,35057411,2° ano do Ensino Fundamental,Municipal,Presente,Não,707.8042303
2024,4309100,Gramado,43085729,2° ano do Ensino Fundamental,Municipal,Presente,Não,722.0556417
2024,1302603,Manaus,13048841,2° ano do Ensino Fundamental,Municipal,Presente,Sim,813.88
2024,2707602,Quebrangulo,27025540,2° ano do Ensino Fundamental,Municipal,Presente,Não,719.33
2024,3169901,Ubá,31014343,2° ano do Ensino Fundamental,Municipal,Presente,Sim,743.91
2024,3537800,Piedade,35229891,2° ano do Ensino Fundamental,Municipal,Presente,Sim,821.514298
2024,5205513,Cocalzinho de Goiás,52013853,2° ano do Ensino Fundamental,Municipal,Presente,Sim,797.72
2024,5213905,Mossâmedes,52028604,2° ano do Ensino Fundamental,Municipal,Presente,Sim,806.21
2024,1600253,Itaubal,16001352,2° ano do Ensino Fundamental,Municipal,Presente,Não,691.09
2024,2610509,Passira,26076421,2° ano do Ensino Fundamental,Municipal,Presente,Sim,754.8
2024,2800308,Aracaju,28015826,2° ano do Ensino Fundamental,Municipal,Presente,Sim,746.62
2024,1506104,Primavera,15063532,2° ano do Ensino Fundamental,Municipal,Presente,Sim,744.73
2024,2209708,São Francisco do Piauí,22021537,2° ano do Ensino Fundamental,Municipal,Presente,Não,676.21
2024,3122306,Divinópolis,31108359,2° ano do Ensino Fundamental,Municipal,Presente,Sim,790.33
2024,3158201,Santa Maria do Suaçuí,31067083,2° ano do Ensino Fundamental,Municipal,Presente,Sim,762.47
2024,4109708,Ibaiti,41017250,2° ano do Ensino Fundamental,Municipal,Presente,Sim,743.98
2024,4127007,Teixeira Soares,41087559,2° ano do Ensino Fundamental,Municipal,Presente,Sim,757.61
2024,2613800,São Vicente Ferrer,26021246,2° ano do Ensino Fundamental,Municipal,Presente,Sim,754.38
2024,3127701,Governador Valadares,31203194,2° ano do Ensino Fundamental,Estadual,Presente,Sim,777.29
2024,3302502,Magé,33045581,2° ano do Ensino Fundamental,Municipal,Presente,Sim,756.19
2024,3515004,Embu das Artes,35333095,2° ano do Ensino Fundamental,Estadual,Presente,Não,736.0171781
2024,4127957,Tupãssi,41082540,2° ano do Ensino Fundamental,Municipal,Presente,Sim,771.24
2024,2110500,São Bento,21058405,2° ano do Ensino Fundamental,Municipal,Presente,Sim,850.58
2024,3205200,Vila Velha,32014007,2° ano do Ensino Fundamental,Municipal,Presente,Sim,755.11
2024,3205309,Vitória,32045154,2° ano do Ensino Fundamental,Municipal,Presente,Não,741.65
2024,3549805,São José do Rio Preto,35185301,2° ano do Ensino Fundamental,Municipal,Presente,Não,715.8961586
2024,5300108,Brasília,53008995,2° ano do Ensino Fundamental,Estadual,Presente,Sim,762.08
2024,1501402,Belém,15094050,2° ano do Ensino Fundamental,Municipal,Presente,Não,740.29
2024,1712009,Lajeado,17000146,2° ano do Ensino Fundamental,Municipal,Presente,Sim,801.08
2024,2301208,Aracoiaba,23031456,2° ano do Ensino Fundamental,Municipal,Presente,Sim,748.9
2024,2304400,Fortaleza,23065824,2° ano do Ensino Fundamental,Municipal,Presente,Sim,754.16
2024,2503001,Caaporã,25014046,2° ano do Ensino Fundamental,Municipal,Presente,Sim,758.1
2024,2509701,Monteiro,25027224,2° ano do Ensino Fundamental,Municipal,Presente,Sim,820.25
2024,3111200,Campo Belo,31136931,2° ano do Ensino Fundamental,Municipal,Presente,Sim,762.76
2024,3153608,Prudente de Morais,31182100,2° ano do Ensino Fundamental,Municipal,Presente,Sim,778.24
2024,3203908,Nova Venécia,32032303,2° ano do Ensino Fundamental,Municipal,Presente,Sim,829.48
2024,3304102,Porciúncula,33037421,2° ano do Ensino Fundamental,Municipal,Presente,Não,679.66
2024,4116059,Missal,41134611,2° ano do Ensino Fundamental,Municipal,Presente,Não,637.6
2024,4116059,Missal,41071260,2° ano do Ensino Fundamental,Municipal,Presente,Sim,773.28
2024,2609600,Olinda,26030713,2° ano do Ensino Fundamental,Municipal,Presente,Sim,745.25
2024,2700706,Batalha,27005086,2° ano do Ensino Fundamental,Municipal,Presente,Não,740.82
2024,2706703,Penedo,27023181,2° ano do Ensino Fundamental,Municipal,Presente,Sim,752.98
2024,3116159,Chapada Gaúcha,31130992,2° ano do Ensino Fundamental,Municipal,Presente,Sim,775.45
2024,1303908,São Paulo de Olivença,13022533,2° ano do Ensino Fundamental,Municipal,Presente,Sim,763.68
2024,1600303,Macapá,16005655,2° ano do Ensino Fundamental,Municipal,Presente,Não,727.86
2024,2606606,Ibimirim,26064886,2° ano do Ensino Fundamental,Municipal,Presente,Sim,779.72
2024,2610608,Paudalho,26020881,2° ano do Ensino Fundamental,Municipal,Presente,Sim,783.24
2024,2611606,Recife,26047727,2° ano do Ensino Fundamental,Municipal,Presente,Sim,773.82
2024,2707305,Porto Calvo,27024943,2° ano do Ensino Fundamental,Municipal,Presente,Sim,757.03
2024,3162500,São João del Rei,31154586,2° ano do Ensino Fundamental,Municipal,Presente,Sim,768.72
2024,3303401,Nova Friburgo,33056823,2° ano do Ensino Fundamental,Municipal,Presente,Sim,796.91
2024,2111763,Senador La Rocque,21067517,2° ano do Ensino Fundamental,Municipal,Presente,Sim,754.75
2024,2610103,Palmeirina,26012601,2° ano do Ensino Fundamental,Municipal,Presente,Sim,756.12
2024,3502804,Araçatuba,35010261,2° ano do Ensino Fundamental,Municipal,Presente,Sim,778.2353432
2024,3513900,Divinolândia,35174678,2° ano do Ensino Fundamental,Municipal,Presente,Sim,821.514298
2024,2602803,Buíque,26064391,2° ano do Ensino Fundamental,Municipal,Presente,Não,733.01
2024,3303401,Nova Friburgo,33055578,2° ano do Ensino Fundamental,Municipal,Presente,Não,713.65
2024,4106605,Cruzeiro do Oeste,41021594,2° ano do Ensino Fundamental,Municipal,Presente,Não,730.89
2024,1506187,Rondon do Pará,15065264,2° ano do Ensino Fundamental,Municipal,Presente,Sim,778.52
2024,2104073,Feira Nova do Maranhão,21055421,2° ano do Ensino Fundamental,Municipal,Presente,Não,728.89
2024,2107506,Paço do Lumiar,21000334,2° ano do Ensino Fundamental,Municipal,Presente,Não,704.35
2024,3112802,Capitólio,31124667,2° ano do Ensino Fundamental,Estadual,Presente,Sim,781.15
2024,2513901,São Bento,25032123,2° ano do Ensino Fundamental,Municipal,Presente,Sim,752.2
2024,3155504,Rio Paranaíba,31025593,2° ano do Ensino Fundamental,Municipal,Presente,Sim,806.99
2024,3302205,Itaperuna,33036997,2° ano do Ensino Fundamental,Municipal,Presente,Não,731.84
2024,5101704,Barra do Bugres,51032381,2° ano do Ensino Fundamental,Municipal,Presente,Sim,799.24
2024,1501402,Belém,15096738,2° ano do Ensino Fundamental,Estadual,Presente,Sim,760.13
2024,2610509,Passira,26076438,2° ano do Ensino Fundamental,Municipal,Presente,Não,645.06
2024,3114550,Carneirinho,31103897,2° ano do Ensino Fundamental,Municipal,Presente,Sim,756.87
2024,3122306,Divinópolis,31100696,2° ano do Ensino Fundamental,Municipal,Presente,Sim,769.11
2024,3135357,Japonvar,31115237,2° ano do Ensino Fundamental,Estadual,Presente,Sim,793.49
2024,3302700,Maricá,33047770,2° ano do Ensino Fundamental,Municipal,Presente,Não,727.99
2024,3552007,Silveiras,35070596,2° ano do Ensino Fundamental,Municipal,Presente,Sim,757.4264451
2024,4108304,Foz do Iguaçu,41009536,2° ano do Ensino Fundamental,Municipal,Presente,Sim,751.08
2024,5108857,Nova Marilândia,51010721,2° ano do Ensino Fundamental,Municipal,Presente,Sim,752.21
2024,5204508,Caldas Novas,52043361,2° ano do Ensino Fundamental,Municipal,Presente,Sim,753.97
2024,2611101,Petrolina,26071309,2° ano do Ensino Fundamental,Municipal,Presente,Sim,754.5
2024,3301900,Itaboraí,33032115,2° ano do Ensino Fundamental,Municipal,Presente,Sim,763.93
2024,3548005,Santo Antônio de Posse,35127127,2° ano do Ensino Fundamental,Municipal,Presente,Não,721.8060434
2024,2103000,Caxias,21038059,2° ano do Ensino Fundamental,Municipal,Presente,Sim,770.8
2024,2105302,Imperatriz,21027397,2° ano do Ensino Fundamental,Municipal,Presente,Não,742.57
2024,2109601,Rosário,21016593,2° ano do Ensino Fundamental,Municipal,Presente,Sim,768.75
2024,2310209,Paracuru,23072535,2° ano do Ensino Fundamental,Municipal,Presente,Sim,856.36
2024,3536307,Patrocínio Paulista,35066443,2° ano do Ensino Fundamental,Municipal,Presente,Sim,774.4156938
2024,3538204,Pinhalzinho,35036878,2° ano do Ensino Fundamental,Municipal,Presente,Sim,744.6906656
2024,2209971,São João do Arraial,22005531,2° ano do Ensino Fundamental,Municipal,Presente,Sim,814.77
2024,2606200,Goiana,26018982,2° ano do Ensino Fundamental,Municipal,Presente,Não,732.78
2024,2611606,Recife,26044713,2° ano do Ensino Fundamental,Municipal,Presente,Sim,776.07
2024,3156304,Rodeiro,31096429,2° ano do Ensino Fundamental,Municipal,Presente,Sim,801.39
2024,3201902,Domingos Martins,32047062,2° ano do Ensino Fundamental,Municipal,Presente,Não,738.58
2024,3105608,Barbacena,31000253,2° ano do Ensino Fundamental,Estadual,Presente,Sim,768.24
2024,3143302,Montes Claros,31188791,2° ano do Ensino Fundamental,Municipal,Presente,Sim,749.63
2024,3304706,Santo Antônio de Pádua,33051179,2° ano do Ensino Fundamental,Municipal,Presente,Sim,802.16
2024,3512803,Cosmópolis,35109980,2° ano do Ensino Fundamental,Municipal,Presente,Sim,766.5458153
2024,4113700,Londrina,41135516,2° ano do Ensino Fundamental,Municipal,Presente,Não,733.35
2024,4305173,Cerro Grande do Sul,43094346,2° ano do Ensino Fundamental,Municipal,Presente,Não,699.6443453
2024,5102637,Campo Novo do Parecis,51033199,2° ano do Ensino Fundamental,Municipal,Presente,Não,712.24
2024,2107506,Paço do Lumiar,21000341,2° ano do Ensino Fundamental,Municipal,Presente,Não,734.0
2024,2110104,Santa Quitéria do Maranhão,21061799,2° ano do Ensino Fundamental,Municipal,Presente,Sim,771.44
2024,2211100,União,22031441,2° ano do Ensino Fundamental,Municipal,Presente,Sim,746.36
2024,2611606,Recife,26047734,2° ano do Ensino Fundamental,Municipal,Presente,Não,731.82
2024,2704708,Marechal Deodoro,27033005,2° ano do Ensino Fundamental,Municipal,Presente,Não,717.35
2024,2307254,Jijoca de Jericoacoara,23056076,2° ano do Ensino Fundamental,Municipal,Presente,Sim,784.02
2024,2511004,Pedra Branca,25031138,2° ano do Ensino Fundamental,Municipal,Presente,Sim,765.22
2024,3505500,Barretos,35019773,2° ano do Ensino Fundamental,Municipal,Presente,Sim,752.5449151
2024,4121406,Realeza,41034041,2° ano do Ensino Fundamental,Municipal,Presente,Sim,810.99
2024,4127106,Telêmaco Borba,41085478,2° ano do Ensino Fundamental,Municipal,Presente,Não,704.0
2024,5108600,Vila Rica,51008250,2° ano do Ensino Fundamental,Municipal,Presente,Sim,797.22
2024,5206701,Damianópolis,52047976,2° ano do Ensino Fundamental,Municipal,Presente,Sim,773.58
2024,5217401,Pires do Rio,52046905,2° ano do Ensino Fundamental,Municipal,Presente,Sim,835.61
2024,1501402,Belém,15098048,2° ano do Ensino Fundamental,Estadual,Presente,Sim,755.39
2024,2105302,Imperatriz,21027404,2° ano do Ensino Fundamental,Municipal,Presente,Não,645.77
2024,3538709,Piracicaba,35137366,2° ano do Ensino Fundamental,Municipal,Presente,Sim,781.5392356
2024,3550308,São Paulo,35375466,2° ano do Ensino Fundamental,Estadual,Presente,Sim,746.9216514
2024,2602100,Bom Conselho,26008888,2° ano do Ensino Fundamental,Municipal,Presente,Não,675.52
2024,3550308,São Paulo,35351105,2° ano do Ensino Fundamental,Estadual,Presente,Sim,748.1281832
2024,3554003,Tatuí,35075058,2° ano do Ensino Fundamental,Municipal,Presente,Não,724.3505783
2024,1702109,Araguaína,17008322,2° ano do Ensino Fundamental,Municipal,Presente,Sim,768.18
2024,2102325,Buriticupu,21067647,2° ano do Ensino Fundamental,Municipal,Presente,Não,659.1
2024,2301000,Aquiraz,23046996,2° ano do Ensino Fundamental,Municipal,Presente,Não,737.91
2024,2610509,Passira,26076426,2° ano do Ensino Fundamental,Municipal,Presente,Sim,792.31
2024,3305208,São Pedro da Aldeia,33015113,2° ano do Ensino Fundamental,Municipal,Presente,Sim,779.01
2024,3510401,Capivari,35050089,2° ano do Ensino Fundamental,Municipal,Presente,Não,731.0555795
2024,3515004,Embu das Artes,35331544,2° ano do Ensino Fundamental,Municipal,Presente,Não,741.0474413
2024,3525300,Jaú,35095571,2° ano do Ensino Fundamental,Municipal,Presente,Sim,787.2131925
2024,4108650,Goioxim,41062778,2° ano do Ensino Fundamental,Municipal,Presente,Não,721.5
2024,4118204,Paranaguá,41052221,2° ano do Ensino Fundamental,Municipal,Presente,Sim,756.17
2024,2402303,Caraúbas,24012576,2° ano do Ensino Fundamental,Municipal,Presente,Sim,789.56
2024,2602902,Cabo de Santo Agostinho,26033689,2° ano do Ensino Fundamental,Municipal,Presente,Não,700.75
2024,2611606,Recife,26050622,2° ano do Ensino Fundamental,Municipal,Presente,Não,680.8
2024,3135209,Januária,31178619,2° ano do Ensino Fundamental,Estadual,Presente,Sim,786.44
2024,1501402,Belém,15098041,2° ano do Ensino Fundamental,Estadual,Presente,Não,738.77
2024,1702109,Araguaína,17008315,2° ano do Ensino Fundamental,Municipal,Presente,Não,722.17
2024,2602001,Bodocó,26060886,2° ano do Ensino Fundamental,Municipal,Presente,Não,736.83
2024,3302502,Magé,33045595,2° ano do Ensino Fundamental,Municipal,Presente,Não,729.16
2024,3548500,Santos,35169336,2° ano do Ensino Fundamental,Municipal,Presente,Não,697.7443477
2024,5107701,Rosário Oeste,51010480,2° ano do Ensino Fundamental,Municipal,Presente,Sim,767.43
2024,5208004,Formosa,52025676,2° ano do Ensino Fundamental,Municipal,Presente,Não,638.62
2024,1506807,Santarém,15073188,2° ano do Ensino Fundamental,Municipal,Presente,Sim,779.34
2024,2804805,Nossa Senhora do Socorro,28011665,2° ano do Ensino Fundamental,Municipal,Presente,Não,733.55
2024,3118601,Contagem,31179704,2° ano do Ensino Fundamental,Municipal,Presente,Não,693.48
2024,3205002,Serra,32000146,2° ano do Ensino Fundamental,Estadual,Presente,Sim,761.07
2024,4301701,Barão de Cotegipe,43101747,2° ano do Ensino Fundamental,Municipal,Presente,Não,685.2243415
2024,2104552,Governador Edison Lobão,21026250,2° ano do Ensino Fundamental,Municipal,Presente,Não,704.51
2024,2107001,Montes Altos,21029626,2° ano do Ensino Fundamental,Municipal,Presente,Não,636.01
2024,2211001,Teresina,22013806,2° ano do Ensino Fundamental,Municipal,Presente,Não,658.76
2024,3106705,Betim,31014081,2° ano do Ensino Fundamental,Municipal,Presente,Sim,753.49
2024,3152402,Poté,31162427,2° ano do Ensino Fundamental,Estadual,Presente,Não,742.58
2024,3550308,São Paulo,35427470,2° ano do Ensino Fundamental,Estadual,Presente,Sim,773.5377676
2024,5008305,Três Lagoas,50038177,2° ano do Ensino Fundamental,Municipal,Presente,Sim,785.59
2024,5222005,Vianópolis,52053547,2° ano do Ensino Fundamental,Municipal,Presente,Não,725.57
2024,2304400,Fortaleza,23064491,2° ano do Ensino Fundamental,Municipal,Presente,Sim,782.06
2024,2612604,Santa Maria da Boa Vista,26074342,2° ano do Ensino Fundamental,Municipal,Presente,Não,736.6
2024,2707701,Rio Largo,27026579,2° ano do Ensino Fundamental,Municipal,Presente,Sim,765.43
2024,3149309,Pedro Leopoldo,31119350,2° ano do Ensino Fundamental,Municipal,Presente,Sim,755.24
2024,3514106,Dois Córregos,35094882,2° ano do Ensino Fundamental,Municipal,Presente,Não,634.1341867
2024,4300604,Alvorada,43001997,2° ano do Ensino Fundamental,Municipal,Presente,Não,671.827772
2024,1100320,São Miguel do Guaporé,11016635,2° ano do Ensino Fundamental,Municipal,Presente,Não,730.01
2024,1500404,Alenquer,15003400,2° ano do Ensino Fundamental,Municipal,Presente,Sim,749.81
2024,2110500,São Bento,21058398,2° ano do Ensino Fundamental,Municipal,Presente,Sim,757.44
2024,2111300,São Luís,21005348,2° ano do Ensino Fundamental,Municipal,Presente,Sim,770.39
2024,2702306,Coruripe,27007904,2° ano do Ensino Fundamental,Municipal,Presente,Não,729.11
2024,2708006,Santana do Ipanema,27027276,2° ano do Ensino Fundamental,Municipal,Presente,Não,737.67
2024,3133204,Itanhomi,31037042,2° ano do Ensino Fundamental,Municipal,Presente,Sim,763.92
2024,3162500,São João del Rei,31201829,2° ano do Ensino Fundamental,Municipal,Presente,Sim,756.53
2024,3513900,Divinolândia,35174692,2° ano do Ensino Fundamental,Municipal,Presente,Sim,806.3990448
2024,4121703,Reserva,41111412,2° ano do Ensino Fundamental,Municipal,Presente,Sim,743.25
2024,1303403,Parintins,13018329,2° ano do Ensino Fundamental,Estadual,Presente,Sim,758.36
2024,2507002,Itaporanga,25030814,2° ano do Ensino Fundamental,Municipal,Presente,Sim,784.23
2024,3502804,Araçatuba,35010268,2° ano do Ensino Fundamental,Municipal,Presente,Sim,806.3990448
2024,4105706,Clevelândia,41123416,2° ano do Ensino Fundamental,Municipal,Presente,Não,737.05
2024,4120606,Prudentópolis,41135259,2° ano do Ensino Fundamental,Municipal,Presente,Sim,790.1
2024,5003702,Dourados,50021107,2° ano do Ensino Fundamental,Municipal,Presente,Não,738.87
2024,5212105,Joviânia,52075151,2° ano do Ensino Fundamental,Municipal,Presente,Não,690.08
2024,1502202,Capanema,15023955,2° ano do Ensino Fundamental,Municipal,Presente,Não,728.12
2024,2110039,Santa Luzia do Paruá,21024213,2° ano do Ensino Fundamental,Municipal,Presente,Sim,749.22
2024,2709103,Taquarana,27030426,2° ano do Ensino Fundamental,Municipal,Presente,Sim,758.47
2024,5300108,Brasília,53001430,2° ano do Ensino Fundamental,Estadual,Presente,Sim,761.96
2024,2202729,Cocal dos Alves,22000929,2° ano do Ensino Fundamental,Municipal,Presente,Sim,800.7
2024,2302503,Brejo Santo,23060174,2° ano do Ensino Fundamental,Municipal,Presente,Sim,896.1
2024,2512408,Puxinanã,25025447,2° ano do Ensino Fundamental,Municipal,Presente,Sim,787.28
2024,3204906,São Mateus,32046295,2° ano do Ensino Fundamental,Municipal,Presente,Sim,774.76
2024,3510401,Capivari,35050103,2° ano do Ensino Fundamental,Municipal,Presente,Sim,789.0946779
2024,3512100,Colômbia,35020798,2° ano do Ensino Fundamental,Municipal,Presente,Sim,789.0946779
2024,3521101,Ipeúna,35110445,2° ano do Ensino Fundamental,Municipal,Presente,Sim,750.9445461
2024,3530706,Mogi Guaçu,35125671,2° ano do Ensino Fundamental,Municipal,Presente,Não,660.6440235
2024,3537008,Pedregulho,35066695,2° ano do Ensino Fundamental,Municipal,Presente,Não,702.4397667
2024,4128104,Umuarama,41083589,2° ano do Ensino Fundamental,Municipal,Presente,Sim,755.18
2024,1506195,Rurópolis,15065930,2° ano do Ensino Fundamental,Municipal,Presente,Não,740.2
2024,2301000,Aquiraz,23057786,2° ano do Ensino Fundamental,Municipal,Presente,Sim,841.15
2024,2304400,Fortaleza,23007944,2° ano do Ensino Fundamental,Municipal,Presente,Sim,854.27
2024,2611606,Recife,26079122,2° ano do Ensino Fundamental,Municipal,Presente,Não,722.44
2024,3134905,Jacutinga,31051273,2° ano do Ensino Fundamental,Municipal,Presente,Sim,769.73
2024,3145604,Oliveira,31128410,2° ano do Ensino Fundamental,Municipal,Presente,Sim,772.4
2024,5002704,Campo Grande,50005955,2° ano do Ensino Fundamental,Municipal,Presente,Sim,770.54
2024,1507979,Terra Santa,15080788,2° ano do Ensino Fundamental,Municipal,Presente,Sim,746.8
2024,2107407,Olho d'Água das Cunhãs,21044637,2° ano do Ensino Fundamental,Municipal,Presente,Sim,770.21
2024,2111201,São José de Ribamar,21002393,2° ano do Ensino Fundamental,Municipal,Presente,Sim,799.99
2024,2208403,Piripiri,22006772,2° ano do Ensino Fundamental,Municipal,Presente,Não,727.08
2024,3108909,Brazópolis,31143526,2° ano do Ensino Fundamental,Municipal,Presente,Sim,771.33
2024,3146206,Ouro Verde de Minas,31201790,2° ano do Ensino Fundamental,Municipal,Presente,Sim,809.0
2024,3512100,Colômbia,35020805,2° ano do Ensino Fundamental,Municipal,Presente,Sim,806.3990448
2024,3519709,Ibiúna,35193654,2° ano do Ensino Fundamental,Municipal,Presente,Sim,821.514298
2024,4127809,Tomazina,41070497,2° ano do Ensino Fundamental,Municipal,Presente,Sim,757.95
2024,5105176,Juruena,51013035,2° ano do Ensino Fundamental,Municipal,Presente,Sim,800.5
2024,1304062,Tabatinga,13024800,2° ano do Ensino Fundamental,Municipal,Presente,Sim,794.05
2024,2301000,Aquiraz,23045516,2° ano do Ensino Fundamental,Municipal,Presente,Sim,784.04
2024,2610707,Paulista,26032961,2° ano do Ensino Fundamental,Municipal,Presente,Sim,781.17
2024,2704708,Marechal Deodoro,27019210,2° ano do Ensino Fundamental,Municipal,Presente,Não,707.8
2024,3143302,Montes Claros,31189967,2° ano do Ensino Fundamental,Estadual,Presente,Não,742.74
2024,4127106,Telêmaco Borba,41100793,2° ano do Ensino Fundamental,Municipal,Presente,Sim,764.26
2024,5210562,Itaguari,52075193,2° ano do Ensino Fundamental,Municipal,Presente,Sim,787.8
2024,1301852,Iranduba,13010365,2° ano do Ensino Fundamental,Municipal,Presente,Não,730.99
2024,1507003,Santo Antônio do Tauá,15074481,2° ano do Ensino Fundamental,Municipal,Presente,Sim,751.01
2024,2100402,Altamira do Maranhão,21043092,2° ano do Ensino Fundamental,Municipal,Presente,Sim,770.05
2024,2106706,Mirador,21052293,2° ano do Ensino Fundamental,Municipal,Presente,Não,681.17
2024,2700300,Arapiraca,27004232,2° ano do Ensino Fundamental,Municipal,Presente,Não,605.34
2024,3122306,Divinópolis,31115401,2° ano do Ensino Fundamental,Estadual,Presente,Não,697.94
2024,3532207,Narandiba,35121901,2° ano do Ensino Fundamental,Municipal,Presente,Sim,756.4453429
2024,3547304,Santana de Parnaíba,35308753,2° ano do Ensino Fundamental,Municipal,Presente,Não,740.9963781
2024,4108650,Goioxim,41089652,2° ano do Ensino Fundamental,Municipal,Presente,Sim,796.24
2024,1501808,Breves,15019624,2° ano do Ensino Fundamental,Municipal,Presente,Não,739.74
2024,1503903,Juruti,15038942,2° ano do Ensino Fundamental,Municipal,Presente,Sim,754.38
2024,4106605,Cruzeiro do Oeste,41021736,2° ano do Ensino Fundamental,Municipal,Presente,Sim,760.98
2024,5204508,Caldas Novas,52043354,2° ano do Ensino Fundamental,Municipal,Presente,Não,716.93
2024,1504000,Limoeiro do Ajuru,15039654,2° ano do Ensino Fundamental,Municipal,Presente,Não,679.77
2024,2105708,Lago da Pedra,21068861,2° ano do Ensino Fundamental,Municipal,Presente,Sim,779.86
2024,3303906,Petrópolis,33068628,2° ano do Ensino Fundamental,Municipal,Presente,Não,685.25
2024,4101101,Andirá,41072490,2° ano do Ensino Fundamental,Municipal,Presente,Não,738.09
2024,4113304,Laranjeiras do Sul,41054293,2° ano do Ensino Fundamental,Municipal,Presente,Sim,768.04
2024,5100409,Alto Garças,51019711,2° ano do Ensino Fundamental,Municipal,Presente,Sim,794.96
2024,1501402,Belém,15092010,2° ano do Ensino Fundamental,Estadual,Presente,Não,675.95
2024,1505106,Óbidos,15052186,2° ano do Ensino Fundamental,Municipal,Presente,Sim,754.19
2024,2103703,Cururupu,21034643,2° ano do Ensino Fundamental,Municipal,Presente,Sim,774.28
2024,2112209,Timon,21065051,2° ano do Ensino Fundamental,Municipal,Presente,Sim,763.35
2024,3202801,Itapemirim,32046774,2° ano do Ensino Fundamental,Municipal,Presente,Sim,779.92
2024,3513405,Cruzeiro,35068250,2° ano do Ensino Fundamental,Municipal,Presente,Sim,821.514298
2024,1304005,Silves,13058709,2° ano do Ensino Fundamental,Municipal,Presente,Sim,777.11
2024,1501402,Belém,15091792,2° ano do Ensino Fundamental,Estadual,Presente,Sim,757.32
2024,2110203,Santa Rita,21017082,2° ano do Ensino Fundamental,Municipal,Presente,Não,723.62
2024,2709004,Tanque d'Arca,27030245,2° ano do Ensino Fundamental,Municipal,Presente,Não,647.68
2024,3550100,São Manuel,35031847,2° ano do Ensino Fundamental,Municipal,Presente,Sim,778.2353432
2024,5104609,Itiquira,51020276,2° ano do Ensino Fundamental,Municipal,Presente,Não,712.12
2024,2601003,Angelim,26008487,2° ano do Ensino Fundamental,Municipal,Presente,Não,742.82
2024,3112802,Capitólio,31034889,2° ano do Ensino Fundamental,Estadual,Presente,Sim,763.81
2024,3161007,São Domingos do Prata,31181525,2° ano do Ensino Fundamental,Municipal,Presente,Não,738.44
2024,1501402,Belém,15089826,2° ano do Ensino Fundamental,Estadual,Presente,Sim,814.99
2024,2100873,Araguanã,21021483,2° ano do Ensino Fundamental,Municipal,Presente,Sim,743.29
2024,3161106,São Francisco,31147505,2° ano do Ensino Fundamental,Municipal,Presente,Sim,755.77
2024,3168606,Teófilo Otoni,31197246,2° ano do Ensino Fundamental,Estadual,Presente,Sim,749.49
2024,3168606,Teófilo Otoni,31006923,2° ano do Ensino Fundamental,Municipal,Presente,Sim,748.05
2024,3519709,Ibiúna,35194079,2° ano do Ensino Fundamental,Municipal,Presente,Não,742.8364146
2024,5208707,Goiânia,52007215,2° ano do Ensino Fundamental,Municipal,Presente,Sim,782.19
2024,5220264,São Miguel do Passa Quatro,52053266,2° ano do Ensino Fundamental,Municipal,Presente,Não,739.42
2024,2111300,São Luís,21066580,2° ano do Ensino Fundamental,Municipal,Presente,Não,685.02
2024,2207603,Parnaguá,22026330,2° ano do Ensino Fundamental,Municipal,Presente,Sim,744.02
2024,2304400,Fortaleza,23066438,2° ano do Ensino Fundamental,Municipal,Presente,Não,723.49
2024,2708303,São José da Laje,27027917,2° ano do Ensino Fundamental,Municipal,Presente,Sim,782.27
2024,3147709,Passa Tempo,31134244,2° ano do Ensino Fundamental,Municipal,Presente,Sim,783.47
2024,3162401,São João da Ponte,31127891,2° ano do Ensino Fundamental,Municipal,Presente,Sim,802.47
2024,3302270,Japeri,33038840,2° ano do Ensino Fundamental,Municipal,Presente,Não,722.72
2024,5002704,Campo Grande,50005143,2° ano do Ensino Fundamental,Municipal,Presente,Não,669.48
2024,5300108,Brasília,53015023,2° ano do Ensino Fundamental,Estadual,Presente,Sim,763.5
2024,1500909,Augusto Corrêa,15012507,2° ano do Ensino Fundamental,Municipal,Presente,Sim,750.64
2024,2705200,Messias,27020008,2° ano do Ensino Fundamental,Municipal,Presente,Não,715.69
2024,3169406,Três Pontas,31026616,2° ano do Ensino Fundamental,Municipal,Presente,Sim,767.64
2024,3201308,Cariacica,32020009,2° ano do Ensino Fundamental,Municipal,Presente,Sim,788.91
2024,4119905,Ponta Grossa,41137169,2° ano do Ensino Fundamental,Municipal,Presente,Sim,768.21
2024,3147709,Passa Tempo,31173186,2° ano do Ensino Fundamental,Municipal,Presente,Não,677.32
2024,3550100,São Manuel,35032149,2° ano do Ensino Fundamental,Municipal,Presente,Não,663.606645
2024,1720150,São Félix do Tocantins,17000393,2° ano do Ensino Fundamental,Municipal,Presente,Não,724.0
2024,2607901,Jaboatão dos Guararapes,26039013,2° ano do Ensino Fundamental,Municipal,Presente,Sim,765.86
2024,2709400,Viçosa,27031821,2° ano do Ensino Fundamental,Municipal,Presente,Sim,756.05
2024,3160702,Santos Dumont,31128039,2° ano do Ensino Fundamental,Estadual,Presente,Sim,853.29
2024,3201902,Domingos Martins,32047061,2° ano do Ensino Fundamental,Municipal,Presente,Sim,775.58
2024,3205309,Vitória,32009503,2° ano do Ensino Fundamental,Municipal,Presente,Sim,792.01
2024,3547700,Santo Anastácio,35161947,2° ano do Ensino Fundamental,Municipal,Presente,Sim,786.1511403
2024,5208004,Formosa,52025444,2° ano do Ensino Fundamental,Municipal,Presente,Sim,769.17
2024,5208806,Goianira,52035977,2° ano do Ensino Fundamental,Municipal,Presente,Sim,764.49
2024,1303007,Nhamundá,13017078,2° ano do Ensino Fundamental,Municipal,Presente,Sim,760.5
2024,1502905,Curuçá,15030264,2° ano do Ensino Fundamental,Municipal,Presente,Não,731.8
2024,2615904,Tuparetama,26059635,2° ano do Ensino Fundamental,Municipal,Presente,Não,739.35
2024,3129301,Iapu,31025000,2° ano do Ensino Fundamental,Municipal,Presente,Sim,816.03
2024,4106803,Cruz Machado,41016356,2° ano do Ensino Fundamental,Municipal,Presente,Não,742.69
2024,5100201,Água Boa,51050167,2° ano do Ensino Fundamental,Municipal,Presente,Sim,799.24
2024,1501402,Belém,15091797,2° ano do Ensino Fundamental,Estadual,Presente,Sim,822.74
2024,2107803,Parnarama,21063417,2° ano do Ensino Fundamental,Municipal,Presente,Não,699.65
2024,2110500,São Bento,21058391,2° ano do Ensino Fundamental,Municipal,Presente,Sim,777.04
2024,2307007,Jaguaruana,23067482,2° ano do Ensino Fundamental,Municipal,Presente,Sim,822.78
2024,3110905,Campanha,31001099,2° ano do Ensino Fundamental,Municipal,Presente,Sim,822.57
2024,3205309,Vitória,32009517,2° ano do Ensino Fundamental,Municipal,Presente,Sim,781.7
2024,3509502,Campinas,35039561,2° ano do Ensino Fundamental,Estadual,Presente,Sim,787.2131925
2024,5300108,Brasília,53014469,2° ano do Ensino Fundamental,Estadual,Presente,Não,730.67
2024,2102705,Cantanhede,21011545,2° ano do Ensino Fundamental,Municipal,Presente,Sim,776.77
2024,3110905,Campanha,31016396,2° ano do Ensino Fundamental,Municipal,Presente,Sim,807.12
2024,3128006,Guanhães,31036452,2° ano do Ensino Fundamental,Municipal,Presente,Não,731.43
2024,3203205,Linhares,32025315,2° ano do Ensino Fundamental,Municipal,Presente,Não,693.27
2024,4105706,Clevelândia,41047448,2° ano do Ensino Fundamental,Municipal,Presente,Sim,769.27
2024,3522307,Itapetininga,35071598,2° ano do Ensino Fundamental,Municipal,Presente,Não,738.5401251
2024,3517109,Glicério,35028720,2° ano do Ensino Fundamental,Municipal,Presente,Sim,778.2353432
2024,3516408,Franco da Rocha,35245348,2° ano do Ensino Fundamental,Municipal,Presente,Não,683.6628497
2024,3516408,Franco da Rocha,35244705,2° ano do Ensino Fundamental,Municipal,Presente,Não,699.7284335
2024,3535408,Panorama,35001772,2° ano do Ensino Fundamental,Municipal,Presente,Sim,821.514298
2024,3515707,Ferraz de Vasconcelos,35324455,2° ano do Ensino Fundamental,Municipal,Presente,Sim,821.514298
2024,4312401,Montenegro,43047200,2° ano do Ensino Fundamental,Estadual,Presente,Não,699.2602338
2024,3511706,Charqueada,35134046,2° ano do Ensino Fundamental,Municipal,Presente,Não,691.271649
2024,3530508,Mococa,35174836,2° ano do Ensino Fundamental,Estadual,Presente,Sim,806.3990448
2024,3550308,São Paulo,35401011,2° ano do Ensino Fundamental,Estadual,Presente,Sim,821.514298
2024,3524709,Jaguariúna,35040772,2° ano do Ensino Fundamental,Municipal,Presente,Não,707.50785
2024,3509502,Campinas,35039116,2° ano do Ensino Fundamental,Estadual,Presente,Sim,778.2353432
2024,3548609,São Bento do Sapucaí,35133501,2° ano do Ensino Fundamental,Municipal,Presente,Sim,748.4536602
2024,4305207,Cerro Largo,43082318,2° ano do Ensino Fundamental,Municipal,Presente,Não,680.4754907
2024,3510500,Caraguatatuba,35055672,2° ano do Ensino Fundamental,Municipal,Presente,Não,733.7010266
2024,4303509,Camaquã,43010301,2° ano do Ensino Fundamental,Municipal,Presente,Sim,779.9729095
2024,4321808,Três de Maio,43097214,2° ano do Ensino Fundamental,Municipal,Presente,Sim,795.6025223
2024,3546603,Santa Fé do Sul,35093156,2° ano do Ensino Fundamental,Municipal,Presente,Não,707.3481605
2024,3557105,Votuporanga,35233946,2° ano do Ensino Fundamental,Municipal,Presente,Sim,786.1511403
2024,4316808,Santa Cruz do Sul,43075050,2° ano do Ensino Fundamental,Municipal,Presente,Sim,747.0010292
2024,3508603,Cachoeira Paulista,35067539,2° ano do Ensino Fundamental,Municipal,Presente,Não,683.7787472
2024,3552205,Sorocaba,35209985,2° ano do Ensino Fundamental,Municipal,Presente,Não,669.8603106
2024,4313805,Palmitinho,43031487,2° ano do Ensino Fundamental,Municipal,Presente,Sim,773.3679837
2024,4316907,Santa Maria,43077969,2° ano do Ensino Fundamental,Municipal,Presente,Não,715.4838304
2024,3518800,Guarulhos,35270845,2° ano do Ensino Fundamental,Estadual,Presente,Sim,781.5392356
2024,3518701,Guarujá,35164831,2° ano do Ensino Fundamental,Municipal,Presente,Sim,781.5392356
2024,3516200,Franca,35063728,2° ano do Ensino Fundamental,Municipal,Presente,Não,727.4720857
2024,3554904,Três Fronteiras,35093525,2° ano do Ensino Fundamental,Municipal,Presente,Não,740.3648964
2024,3539301,Pirassununga,35142115,2° ano do Ensino Fundamental,Municipal,Presente,Não,672.5892876
2024,4323002,Viamão,43104799,2° ano do Ensino Fundamental,Municipal,Presente,Não,666.9909663
2024,3503901,Arujá,35087527,2° ano do Ensino Fundamental,Municipal,Presente,Sim,756.6920855
2024,3541901,Queluz,35070338,2° ano do Ensino Fundamental,Municipal,Presente,Sim,806.3990448
2024,4310603,Itaqui,43041898,2° ano do Ensino Fundamental,Estadual,Presente,Sim,779.7064894
2024,4310207,Ijuí,43040766,2° ano do Ensino Fundamental,Municipal,Presente,Sim,819.3346798
2024,3538600,Piracaia,35037035,2° ano do Ensino Fundamental,Municipal,Presente,Não,636.9123357
2024,3528106,Macaubal,35232665,2° ano do Ensino Fundamental,Municipal,Presente,Sim,806.3990448
2024,4305702,Condor,43039928,2° ano do Ensino Fundamental,Municipal,Presente,Sim,782.9011122
2024,4317400,Santiago,43081353,2° ano do Ensino Fundamental,Estadual,Presente,Sim,795.6025223
2024,3501608,Americana,35003785,2° ano do Ensino Fundamental,Estadual,Presente,Não,737.2244375
2024,3556008,Urupês,35099527,2° ano do Ensino Fundamental,Municipal,Presente,Sim,748.1281832
2024,3547809,Santo André,35312201,2° ano do Ensino Fundamental,Municipal,Presente,Sim,772.6228102
2024,3509254,Cajati,35152464,2° ano do Ensino Fundamental,Municipal,Presente,Não,730.8523083
2024,3553807,Taquarituba,35019039,2° ano do Ensino Fundamental,Municipal,Presente,Sim,771.5120292
2024,3551009,São Vicente,35203178,2° ano do Ensino Fundamental,Municipal,Presente,Sim,821.514298
2024,3536406,Paulicéia,35001782,2° ano do Ensino Fundamental,Municipal,Presente,Não,724.8145117
2024,3546306,Santa Cruz das Palmeiras,35143105,2° ano do Ensino Fundamental,Municipal,Presente,Sim,821.514298
2024,3510005,Cândido Mota,35015933,2° ano do Ensino Fundamental,Municipal,Presente,Sim,743.4551195
2024,3528106,Macaubal,35232651,2° ano do Ensino Fundamental,Municipal,Presente,Sim,806.3990448
2024,3537800,Piedade,35229759,2° ano do Ensino Fundamental,Municipal,Presente,Sim,821.514298
2024,3543907,Rio Claro,35114991,2° ano do Ensino Fundamental,Municipal,Presente,Sim,771.6064137
2024,4310603,Itaqui,43041912,2° ano do Ensino Fundamental,Estadual,Presente,Sim,747.4651671
2024,3500709,Agudos,35022324,2° ano do Ensino Fundamental,Municipal,Presente,Sim,751.0803517
2024,3509502,Campinas,35037785,2° ano do Ensino Fundamental,Estadual,Presente,Sim,756.9987606
2024,4322525,Vale Verde,43101052,2° ano do Ensino Fundamental,Municipal,Presente,Sim,770.2381092
2024,3510401,Capivari,35050157,2° ano do Ensino Fundamental,Municipal,Presente,Sim,747.1427955
2024,4306106,Cruz Alta,43022671,2° ano do Ensino Fundamental,Municipal,Presente,Sim,768.8732546
2024,3551702,Sertãozinho,35205672,2° ano do Ensino Fundamental,Municipal,Presente,Sim,784.7293792
2024,3502101,Andradina,35006373,2° ano do Ensino Fundamental,Municipal,Presente,Sim,787.2131925
2024,4314050,Parobé,43052731,2° ano do Ensino Fundamental,Municipal,Presente,Sim,795.6025223
2024,3547304,Santana de Parnaíba,35309006,2° ano do Ensino Fundamental,Municipal,Presente,Sim,806.3990448
2024,3508801,Cafelândia,35116015,2° ano do Ensino Fundamental,Municipal,Presente,Sim,776.4217409
2024,3557006,Votorantim,35231855,2° ano do Ensino Fundamental,Municipal,Presente,Sim,769.8477747
2024,3508504,Caçapava,35223775,2° ano do Ensino Fundamental,Municipal,Presente,Não,624.757293
2024,3550704,São Sebastião,35057122,2° ano do Ensino Fundamental,Municipal,Presente,Não,712.3831971
2024,3550407,São Pedro,35134770,2° ano do Ensino Fundamental,Municipal,Presente,Não,723.0063358
2024,3530904,Mombuca,35053391,2° ano do Ensino Fundamental,Municipal,Presente,Sim,747.6564829
2024,4305108,Caxias do Sul,43018286,2° ano do Ensino Fundamental,Estadual,Presente,Sim,779.7064894
2024,3530607,Mogi das Cruzes,35296745,2° ano do Ensino Fundamental,Municipal,Presente,Não,674.6402031
2024,3542008,Quintana,35227676,2° ano do Ensino Fundamental,Municipal,Presente,Sim,821.514298
2024,3516200,Franca,35064077,2° ano do Ensino Fundamental,Municipal,Presente,Sim,781.5392356
2024,3542701,Restinga,35066901,2° ano do Ensino Fundamental,Municipal,Presente,Sim,806.3990448
2024,3538006,Pindamonhangaba,35132570,2° ano do Ensino Fundamental,Municipal,Presente,Sim,749.89111
2024,4317806,Santo Augusto,43031669,2° ano do Ensino Fundamental,Estadual,Presente,Sim,757.2906051
2024,3516408,Franco da Rocha,35244226,2° ano do Ensino Fundamental,Municipal,Presente,Sim,786.1511403
2024,4319356,São Pedro da Serra,43025054,2° ano do Ensino Fundamental,Municipal,Presente,Sim,779.9729095
2024,3500303,Aguaí,35173766,2° ano do Ensino Fundamental,Municipal,Presente,Sim,781.5392356
2024,3526803,Lençóis Paulista,35026575,2° ano do Ensino Fundamental,Municipal,Presente,Sim,796.360933
2024,3545159,Saltinho,35135196,2° ano do Ensino Fundamental,Municipal,Presente,Sim,766.7537873
2024,4320008,Sapucaia do Sul,43093301,2° ano do Ensino Fundamental,Municipal,Presente,Não,712.0726477
2024,3540606,Porto Feliz,35082798,2° ano do Ensino Fundamental,Municipal,Presente,Não,654.2801955
2024,3519709,Ibiúna,35193552,2° ano do Ensino Fundamental,Municipal,Presente,Não,739.0733778
2024,4315131,Pouso Novo,43044387,2° ano do Ensino Fundamental,Municipal,Presente,Sim,805.5091194
2024,1302108,Japurá,13012702,2° ano do Ensino Fundamental,Estadual,Presente,Sim,779.28
2024,2101202,Bacabal,21043219,2° ano do Ensino Fundamental,Municipal,Presente,Sim,756.74
2024,4124806,São João,41048055,2° ano do Ensino Fundamental,Municipal,Presente,Sim,790.1
2024,1303403,Parintins,13019367,2° ano do Ensino Fundamental,Municipal,Presente,Não,711.46
2024,3107703,Bom Jesus do Amparo,31118845,2° ano do Ensino Fundamental,Municipal,Presente,Sim,786.07
2024,5002605,Camapuã,50012545,2° ano do Ensino Fundamental,Municipal,Presente,Sim,785.55
2024,3171303,Viçosa,31040360,2° ano do Ensino Fundamental,Municipal,Presente,Sim,767.36
2024,5000203,Água Clara,50036697,2° ano do Ensino Fundamental,Municipal,Presente,Sim,800.27
2024,5000203,Água Clara,50036690,2° ano do Ensino Fundamental,Municipal,Presente,Sim,749.12
2024,5000708,Anastácio,50040953,2° ano do Ensino Fundamental,Municipal,Presente,Não,739.06
2024,2105302,Imperatriz,21028345,2° ano do Ensino Fundamental,Municipal,Presente,Sim,802.34
2024,2504504,Condado,25009386,2° ano do Ensino Fundamental,Municipal,Presente,Não,727.48
2024,5300108,Brasília,53020455,2° ano do Ensino Fundamental,Estadual,Presente,Sim,767.15
2024,3168705,Timóteo,31063218,2° ano do Ensino Fundamental,Estadual,Presente,Sim,796.58
2024,5201108,Anápolis,52013524,2° ano do Ensino Fundamental,Municipal,Presente,Sim,776.13
2024,4114807,Marialva,41042473,2° ano do Ensino Fundamental,Municipal,Presente,Não,742.48
2024,5221403,Trindade,52077053,2° ano do Ensino Fundamental,Municipal,Presente,Não,696.84
2024,2606002,Garanhuns,26010411,2° ano do Ensino Fundamental,Municipal,Presente,Sim,765.5
2024,3146107,Ouro Preto,31005152,2° ano do Ensino Fundamental,Municipal,Presente,Sim,768.52
2024,3202652,Irupi,32041870,2° ano do Ensino Fundamental,Municipal,Presente,Sim,778.69
2024,3203403,Mimoso do Sul,32039725,2° ano do Ensino Fundamental,Municipal,Presente,Não,681.43
2024,5215231,Novo Gama,52064533,2° ano do Ensino Fundamental,Municipal,Presente,Não,679.22
2024,2611606,Recife,26044809,2° ano do Ensino Fundamental,Municipal,Presente,Não,726.18
2024,2800308,Aracaju,28016633,2° ano do Ensino Fundamental,Estadual,Presente,Não,714.0
2024,3129301,Iapu,31007133,2° ano do Ensino Fundamental,Municipal,Presente,Sim,775.66
2024,4127502,Tibagi,41026014,2° ano do Ensino Fundamental,Municipal,Presente,Sim,816.5
2024,5300108,Brasília,53022881,2° ano do Ensino Fundamental,Estadual,Presente,Sim,750.76
2024,3151008,Piranguinho,31096640,2° ano do Ensino Fundamental,Municipal,Presente,Sim,780.37
2024,2105302,Imperatriz,21026457,2° ano do Ensino Fundamental,Municipal,Presente,Não,737.97
2024,3143302,Montes Claros,31107686,2° ano do Ensino Fundamental,Municipal,Presente,Sim,746.19
2024,3200300,Alfredo Chaves,32010212,2° ano do Ensino Fundamental,Municipal,Presente,Sim,780.89
2024,4109401,Guarapuava,41087493,2° ano do Ensino Fundamental,Municipal,Presente,Sim,798.35
2024,2806909,São Francisco,28012998,2° ano do Ensino Fundamental,Municipal,Presente,Sim,770.67
2024,3304557,Rio de Janeiro,33107659,2° ano do Ensino Fundamental,Municipal,Presente,Sim,816.18
2024,4119905,Ponta Grossa,41004024,2° ano do Ensino Fundamental,Municipal,Presente,Sim,783.48
2024,4128609,Verê,41029208,2° ano do Ensino Fundamental,Municipal,Presente,Sim,752.56
2024,5207402,Edéia,52044934,2° ano do Ensino Fundamental,Municipal,Presente,Sim,809.28
2024,3110608,Cambuí,31040864,2° ano do Ensino Fundamental,Municipal,Presente,Sim,793.24
2024,4119905,Ponta Grossa,41059413,2° ano do Ensino Fundamental,Municipal,Presente,Não,735.21
2024,5300108,Brasília,53014948,2° ano do Ensino Fundamental,Estadual,Presente,Sim,746.69
2024,1301209,Coari,13006702,2° ano do Ensino Fundamental,Estadual,Presente,Sim,768.66
2024,2610004,Palmares,26023956,2° ano do Ensino Fundamental,Municipal,Presente,Não,708.78
2024,4120804,Quatro Barras,41043724,2° ano do Ensino Fundamental,Municipal,Presente,Não,733.44
2024,5002704,Campo Grande,50001450,2° ano do Ensino Fundamental,Municipal,Presente,Sim,748.99
2024,5204508,Caldas Novas,52042926,2° ano do Ensino Fundamental,Municipal,Presente,Não,713.26
2024,1500800,Ananindeua,15007445,2° ano do Ensino Fundamental,Municipal,Presente,Não,684.19
2024,2211001,Teresina,22008531,2° ano do Ensino Fundamental,Municipal,Presente,Não,711.87
2024,2309706,Pacatuba,23039279,2° ano do Ensino Fundamental,Municipal,Presente,Não,670.19
2024,4106902,Curitiba,41078918,2° ano do Ensino Fundamental,Municipal,Presente,Sim,755.35
2024,4124806,São João,41059117,2° ano do Ensino Fundamental,Municipal,Presente,Sim,824.65
2024,5000708,Anastácio,50040951,2° ano do Ensino Fundamental,Municipal,Presente,Não,721.62
2024,2308302,Milagres,23082937,2° ano do Ensino Fundamental,Municipal,Presente,Sim,843.55
2024,2604155,Casinhas,26074892,2° ano do Ensino Fundamental,Municipal,Presente,Não,723.87
2024,3113404,Caratinga,31003062,2° ano do Ensino Fundamental,Municipal,Presente,Sim,760.45
2024,3140001,Mariana,31058552,2° ano do Ensino Fundamental,Municipal,Presente,Não,742.93
2024,3304557,Rio de Janeiro,33141626,2° ano do Ensino Fundamental,Municipal,Presente,Não,719.58
2024,2205805,Luzilândia,22004782,2° ano do Ensino Fundamental,Municipal,Presente,Não,721.94
2024,2805802,Riachão do Dantas,28014489,2° ano do Ensino Fundamental,Municipal,Presente,Não,737.88
2024,3112703,Capitão Enéas,31116451,2° ano do Ensino Fundamental,Municipal,Presente,Sim,798.74
2024,3162955,São José da Lapa,31114908,2° ano do Ensino Fundamental,Municipal,Presente,Não,725.54
2024,3200409,Anchieta,32010624,2° ano do Ensino Fundamental,Municipal,Presente,Sim,778.92
2024,3305307,São Sebastião do Alto,33021610,2° ano do Ensino Fundamental,Municipal,Presente,Sim,750.09
2024,2600203,Afrânio,26068429,2° ano do Ensino Fundamental,Municipal,Presente,Sim,746.93
2024,2606804,Igarassu,26027274,2° ano do Ensino Fundamental,Municipal,Presente,Sim,745.36
2024,2607653,Itambé,26019887,2° ano do Ensino Fundamental,Municipal,Presente,Não,661.63
2024,3120870,Curral de Dentro,31153472,2° ano do Ensino Fundamental,Municipal,Presente,Não,742.21
2024,3139706,Maravilhas,31130626,2° ano do Ensino Fundamental,Municipal,Presente,Não,723.64
2024,3200805,Baixo Guandu,32033633,2° ano do Ensino Fundamental,Municipal,Presente,Sim,827.99
2024,5200258,Águas Lindas de Goiás,52067419,2° ano do Ensino Fundamental,Municipal,Presente,Não,679.41
2024,5207253,Doverlândia,52037857,2° ano do Ensino Fundamental,Municipal,Presente,Sim,766.05
2024,2107506,Paço do Lumiar,21000488,2° ano do Ensino Fundamental,Municipal,Presente,Sim,776.16
2024,2312700,Senador Pompeu,23058253,2° ano do Ensino Fundamental,Municipal,Presente,Sim,859.75
2024,2805604,Porto da Folha,28002187,2° ano do Ensino Fundamental,Estadual,Presente,Não,679.5
2024,3100203,Abaeté,31156013,2° ano do Ensino Fundamental,Municipal,Presente,Sim,753.85
2024,4106902,Curitiba,41070281,2° ano do Ensino Fundamental,Municipal,Presente,Não,720.46
2024,2312908,Sobral,23035783,2° ano do Ensino Fundamental,Municipal,Presente,Sim,860.04
2024,2312908,Sobral,23002965,2° ano do Ensino Fundamental,Municipal,Presente,Sim,896.1
2024,2504009,Campina Grande,25023488,2° ano do Ensino Fundamental,Municipal,Presente,Sim,808.82
2024,3119500,Coronel Murta,31069528,2° ano do Ensino Fundamental,Municipal,Presente,Sim,753.08
2024,2111052,São João do Paraíso,21067512,2° ano do Ensino Fundamental,Municipal,Presente,Sim,774.43
2024,2602209,Bom Jardim,26074590,2° ano do Ensino Fundamental,Municipal,Presente,Sim,746.86
2024,2607653,Itambé,26019902,2° ano do Ensino Fundamental,Municipal,Presente,Sim,758.39
2024,3118304,Conselheiro Lafaiete,31108543,2° ano do Ensino Fundamental,Municipal,Presente,Sim,770.79
2024,3201209,Cachoeiro de Itapemirim,32035962,2° ano do Ensino Fundamental,Municipal,Presente,Sim,775.17
2024,4205159,Doutor Pedrinho,42098464,2° ano do Ensino Fundamental,Municipal,Presente,Sim,785.38
2024,2606408,Gravatá,26016015,2° ano do Ensino Fundamental,Municipal,Presente,Não,681.89
2024,3129509,Ibiá,31009522,2° ano do Ensino Fundamental,Municipal,Presente,Sim,810.58
2024,1301209,Coari,13006681,2° ano do Ensino Fundamental,Estadual,Presente,Sim,774.54
2024,1302900,Maués,13016780,2° ano do Ensino Fundamental,Estadual,Presente,Não,732.21
2024,2704302,Maceió,27014410,2° ano do Ensino Fundamental,Municipal,Presente,Sim,763.14
2024,3102605,Andradas,31152568,2° ano do Ensino Fundamental,Municipal,Presente,Sim,760.06
2024,3157203,Santa Bárbara,31188646,2° ano do Ensino Fundamental,Municipal,Presente,Não,699.28
2024,3301009,Campos dos Goytacazes,33019011,2° ano do Ensino Fundamental,Municipal,Presente,Não,687.49
2024,5002308,Brasilândia,50037017,2° ano do Ensino Fundamental,Municipal,Presente,Sim,755.78
2024,5203807,Britânia,52042234,2° ano do Ensino Fundamental,Municipal,Presente,Sim,788.13
2024,2106631,Matões do Norte,21012546,2° ano do Ensino Fundamental,Municipal,Presente,Sim,760.74
2024,3148905,Pedra do Indaiá,31038686,2° ano do Ensino Fundamental,Municipal,Presente,Sim,748.27
2024,2301000,Aquiraz,23047921,2° ano do Ensino Fundamental,Municipal,Presente,Sim,785.04
2024,2302503,Brejo Santo,23076191,2° ano do Ensino Fundamental,Municipal,Presente,Sim,843.27
2024,2600203,Afrânio,26068423,2° ano do Ensino Fundamental,Municipal,Presente,Não,703.59
2024,2700300,Arapiraca,27003609,2° ano do Ensino Fundamental,Municipal,Presente,Sim,781.94
2024,3170206,Uberlândia,31097697,2° ano do Ensino Fundamental,Estadual,Presente,Sim,778.23
2024,3304557,Rio de Janeiro,33145795,2° ano do Ensino Fundamental,Municipal,Presente,Sim,800.83
2024,4101804,Araucária,41123228,2° ano do Ensino Fundamental,Municipal,Presente,Sim,775.77
2024,3134202,Ituiutaba,31183462,2° ano do Ensino Fundamental,Municipal,Presente,Não,693.83
2024,1100023,Ariquemes,11000277,2° ano do Ensino Fundamental,Municipal,Presente,Não,731.9
2024,1100304,Vilhena,11017390,2° ano do Ensino Fundamental,Municipal,Presente,Sim,776.84
2024,1302306,Jutaí,13012925,2° ano do Ensino Fundamental,Municipal,Presente,Não,734.17
2024,1500800,Ananindeua,15007452,2° ano do Ensino Fundamental,Municipal,Presente,Sim,775.33
2024,2308104,Mauriti,23050320,2° ano do Ensino Fundamental,Municipal,Presente,Sim,806.44
2024,2600054,Abreu e Lima,26026088,2° ano do Ensino Fundamental,Municipal,Presente,Sim,759.05
2024,2706703,Penedo,27023538,2° ano do Ensino Fundamental,Municipal,Presente,Sim,802.91
2024,5201504,Aporé,52040525,2° ano do Ensino Fundamental,Municipal,Presente,Sim,752.53
2024,1503309,Igarapé-Miri,15033977,2° ano do Ensino Fundamental,Municipal,Presente,Não,679.47
2024,2602902,Cabo de Santo Agostinho,26034233,2° ano do Ensino Fundamental,Municipal,Presente,Não,700.42
2024,2705002,Mata Grande,27019663,2° ano do Ensino Fundamental,Municipal,Presente,Sim,791.03
2024,3105608,Barbacena,31190886,2° ano do Ensino Fundamental,Estadual,Presente,Sim,789.53
2024,4102000,Assis Chateaubriand,41086174,2° ano do Ensino Fundamental,Municipal,Presente,Sim,780.59
2024,2100907,Araioses,21059796,2° ano do Ensino Fundamental,Municipal,Presente,Não,722.6
2024,3101102,Aimorés,31027619,2° ano do Ensino Fundamental,Estadual,Presente,Não,683.46
2024,3151800,Poços de Caldas,31011223,2° ano do Ensino Fundamental,Municipal,Presente,Sim,807.3
2024,3156700,Sabará,31122617,2° ano do Ensino Fundamental,Municipal,Presente,Sim,751.44
2024,1100023,Ariquemes,11000270,2° ano do Ensino Fundamental,Municipal,Presente,Sim,755.93
2024,2804805,Nossa Senhora do Socorro,28011867,2° ano do Ensino Fundamental,Municipal,Presente,Não,697.66
2024,4109005,Guapirama,41000725,2° ano do Ensino Fundamental,Municipal,Presente,Sim,788.55
2024,5201405,Aparecida de Goiânia,52018004,2° ano do Ensino Fundamental,Municipal,Presente,Sim,778.03
2024,2107803,Parnarama,21063533,2° ano do Ensino Fundamental,Municipal,Presente,Sim,791.8
2024,2312908,Sobral,23032156,2° ano do Ensino Fundamental,Municipal,Presente,Sim,845.56
2024,3143302,Montes Claros,31189356,2° ano do Ensino Fundamental,Municipal,Presente,Não,676.15
2024,3205200,Vila Velha,32013509,2° ano do Ensino Fundamental,Municipal,Presente,Sim,768.32
2024,3205309,Vitória,32008282,2° ano do Ensino Fundamental,Municipal,Presente,Não,706.22
2024,4124707,São Jerônimo da Serra,41086581,2° ano do Ensino Fundamental,Municipal,Presente,Sim,751.67
2024,3200904,Barra de São Francisco,32030956,2° ano do Ensino Fundamental,Municipal,Presente,Sim,760.73
2024,4104055,Campo Bonito,41004030,2° ano do Ensino Fundamental,Municipal,Presente,Sim,794.67
2024,2107506,Paço do Lumiar,21000495,2° ano do Ensino Fundamental,Municipal,Presente,Sim,751.56
2024,2210003,São João do Piauí,22023218,2° ano do Ensino Fundamental,Municipal,Presente,Sim,822.47
2024,2703809,Joaquim Gomes,27000790,2° ano do Ensino Fundamental,Estadual,Presente,Sim,779.97
2024,3114303,Carmo do Paranaíba,31138657,2° ano do Ensino Fundamental,Municipal,Presente,Sim,846.25
2024,3200805,Baixo Guandu,32033619,2° ano do Ensino Fundamental,Municipal,Presente,Sim,759.1
2024,3301900,Itaboraí,33031103,2° ano do Ensino Fundamental,Municipal,Presente,Sim,745.94
2024,1300508,Barreirinha,13002309,2° ano do Ensino Fundamental,Municipal,Presente,Não,682.35
2024,2109601,Rosário,21016471,2° ano do Ensino Fundamental,Municipal,Presente,Sim,780.2
2024,2404200,Goianinha,24018545,2° ano do Ensino Fundamental,Municipal,Presente,Não,714.75
2024,3168606,Teófilo Otoni,31000174,2° ano do Ensino Fundamental,Estadual,Presente,Não,713.43
2024,5006606,Ponta Porã,50040380,2° ano do Ensino Fundamental,Municipal,Presente,Não,698.37
2024,1502202,Capanema,15024350,2° ano do Ensino Fundamental,Municipal,Presente,Sim,753.08
2024,2108405,Peri Mirim,21035352,2° ano do Ensino Fundamental,Municipal,Presente,Não,715.3
2024,2203909,Floriano,22020646,2° ano do Ensino Fundamental,Municipal,Presente,Não,699.92
2024,3102605,Andradas,31070532,2° ano do Ensino Fundamental,Municipal,Presente,Sim,752.03
2024,5200803,Alvorada do Norte,52076723,2° ano do Ensino Fundamental,Municipal,Presente,Sim,798.85
2024,2112506,Tutóia,21062626,2° ano do Ensino Fundamental,Municipal,Presente,Sim,763.12
2024,3170206,Uberlândia,31084395,2° ano do Ensino Fundamental,Estadual,Presente,Não,698.36
2024,3146107,Ouro Preto,31011776,2° ano do Ensino Fundamental,Municipal,Presente,Sim,766.3
2024,3168606,Teófilo Otoni,31191609,2° ano do Ensino Fundamental,Estadual,Presente,Não,638.38
2024,3304300,Rio Bonito,33074110,2° ano do Ensino Fundamental,Municipal,Presente,Sim,749.34
2024,5103254,Colniza,51011855,2° ano do Ensino Fundamental,Municipal,Presente,Sim,799.24
2024,5201108,Anápolis,52013538,2° ano do Ensino Fundamental,Municipal,Presente,Sim,795.43
2024,1501402,Belém,15094586,2° ano do Ensino Fundamental,Estadual,Presente,Sim,757.02
2024,2611606,Recife,26048059,2° ano do Ensino Fundamental,Municipal,Presente,Sim,764.97
2024,3205309,Vitória,32008857,2° ano do Ensino Fundamental,Municipal,Presente,Sim,772.35
2024,2709301,União dos Palmares,27031712,2° ano do Ensino Fundamental,Municipal,Presente,Sim,860.67
2024,3163706,São Lourenço,31007984,2° ano do Ensino Fundamental,Municipal,Presente,Sim,770.96
2024,3205309,Vitória,32008289,2° ano do Ensino Fundamental,Municipal,Presente,Sim,749.21
2024,4100400,Almirante Tamandaré,41101847,2° ano do Ensino Fundamental,Municipal,Presente,Sim,746.3
2024,1506401,Santa Cruz do Arari,15067200,2° ano do Ensino Fundamental,Municipal,Presente,Não,685.38
2024,2312908,Sobral,23055725,2° ano do Ensino Fundamental,Municipal,Presente,Sim,832.47
2024,2611606,Recife,26046086,2° ano do Ensino Fundamental,Municipal,Presente,Sim,750.28
2024,3145208,Nova Serrana,31180725,2° ano do Ensino Fundamental,Municipal,Presente,Não,709.64
2024,3202801,Itapemirim,32037815,2° ano do Ensino Fundamental,Estadual,Presente,Sim,754.16
2024,4101804,Araucária,41123646,2° ano do Ensino Fundamental,Municipal,Presente,Não,716.83
2024,4105805,Colombo,41068733,2° ano do Ensino Fundamental,Municipal,Presente,Sim,776.48
2024,5200258,Águas Lindas de Goiás,52069848,2° ano do Ensino Fundamental,Municipal,Presente,Sim,755.22
2024,2311801,Russas,23033217,2° ano do Ensino Fundamental,Municipal,Presente,Sim,772.36
2024,1100015,Alta Floresta D'Oeste,11019490,2° ano do Ensino Fundamental,Municipal,Presente,Não,688.69
2024,2412500,São Miguel,24014695,2° ano do Ensino Fundamental,Municipal,Presente,Sim,771.48
2024,3147105,Pará de Minas,31144493,2° ano do Ensino Fundamental,Municipal,Presente,Sim,755.76
2024,3302502,Magé,33043152,2° ano do Ensino Fundamental,Municipal,Presente,Sim,806.08
2024,5107941,Tabaporã,51031552,2° ano do Ensino Fundamental,Municipal,Presente,Sim,787.86
2024,2610905,Pesqueira,26066359,2° ano do Ensino Fundamental,Municipal,Presente,Sim,756.55
2024,4127502,Tibagi,41084218,2° ano do Ensino Fundamental,Municipal,Presente,Sim,802.13
2024,5200258,Águas Lindas de Goiás,52076046,2° ano do Ensino Fundamental,Municipal,Presente,Não,691.7
2024,2605301,Exu,26061157,2° ano do Ensino Fundamental,Municipal,Presente,Não,713.6
2024,2704104,Lagoa da Canoa,27012036,2° ano do Ensino Fundamental,Municipal,Presente,Sim,766.58
2024,3139706,Maravilhas,31061459,2° ano do Ensino Fundamental,Municipal,Presente,Sim,748.26
2024,3205101,Viana,32022567,2° ano do Ensino Fundamental,Municipal,Presente,Sim,785.08
2024,4102000,Assis Chateaubriand,41085796,2° ano do Ensino Fundamental,Municipal,Presente,Sim,850.82
2024,2203909,Floriano,22020632,2° ano do Ensino Fundamental,Municipal,Presente,Não,728.46
2024,3165909,Senador Modestino Gonçalves,31095783,2° ano do Ensino Fundamental,Municipal,Presente,Sim,832.4
2024,5215231,Novo Gama,52064540,2° ano do Ensino Fundamental,Municipal,Presente,Sim,819.26
2024,3520509,Indaiatuba,35053113,2° ano do Ensino Fundamental,Municipal,Presente,Sim,743.6597765
2024,3549904,São José dos Campos,35188611,2° ano do Ensino Fundamental,Municipal,Presente,Não,714.1138626
2024,3530904,Mombuca,35053351,2° ano do Ensino Fundamental,Municipal,Presente,Sim,790.0404485
2024,3550100,São Manuel,35031921,2° ano do Ensino Fundamental,Municipal,Presente,Sim,821.514298
2024,3549904,São José dos Campos,35188589,2° ano do Ensino Fundamental,Municipal,Presente,Sim,771.6064137
2024,4314902,Porto Alegre,43062141,2° ano do Ensino Fundamental,Estadual,Presente,Não,701.521342
2024,3521309,Ipuã,35178355,2° ano do Ensino Fundamental,Municipal,Presente,Sim,821.514298
2024,3521309,Ipuã,35178369,2° ano do Ensino Fundamental,Municipal,Presente,Sim,769.1142873
2024,3539509,Pitangueiras,35204591,2° ano do Ensino Fundamental,Municipal,Presente,Sim,778.2353432
2024,3509502,Campinas,35037977,2° ano do Ensino Fundamental,Estadual,Presente,Sim,773.5256568
2024,3529203,Martinópolis,35148606,2° ano do Ensino Fundamental,Municipal,Presente,Sim,746.9553071
2024,3518503,Guareí,35071316,2° ano do Ensino Fundamental,Municipal,Presente,Não,740.0028911
2024,4312401,Montenegro,43047815,2° ano do Ensino Fundamental,Estadual,Presente,Sim,772.9171778
2024,3538808,Piraju,35139035,2° ano do Ensino Fundamental,Municipal,Presente,Sim,806.3990448
2024,3503208,Araraquara,35012468,2° ano do Ensino Fundamental,Municipal,Presente,Sim,796.360933
2024,3532603,Nhandeara,35232729,2° ano do Ensino Fundamental,Municipal,Presente,Sim,806.3990448
2024,3517406,Guaíra,35020926,2° ano do Ensino Fundamental,Municipal,Presente,Sim,768.07215
2024,3526209,Juquitiba,35276941,2° ano do Ensino Fundamental,Municipal,Presente,Não,672.9186488
2024,3530706,Mogi Guaçu,35124465,2° ano do Ensino Fundamental,Municipal,Presente,Sim,806.3990448
2024,3529401,Mauá,35289435,2° ano do Ensino Fundamental,Estadual,Presente,Sim,806.3990448
2024,3550308,São Paulo,35385667,2° ano do Ensino Fundamental,Estadual,Presente,Não,711.7006393
2024,3550308,São Paulo,35389666,2° ano do Ensino Fundamental,Estadual,Presente,Sim,771.6064137
2024,3510609,Carapicuíba,35248467,2° ano do Ensino Fundamental,Estadual,Presente,Não,718.2706018
2024,3552403,Sumaré,35217969,2° ano do Ensino Fundamental,Estadual,Presente,Não,730.6348368
2024,3550308,São Paulo,35399498,2° ano do Ensino Fundamental,Estadual,Presente,Sim,821.514298
2024,3550308,São Paulo,35389694,2° ano do Ensino Fundamental,Estadual,Presente,Não,724.5353543
2024,3530607,Mogi das Cruzes,35299495,2° ano do Ensino Fundamental,Municipal,Presente,Não,662.5442566
2024,3543402,Ribeirão Preto,35155411,2° ano do Ensino Fundamental,Estadual,Presente,Não,733.0938237
2024,3550308,São Paulo,35426633,2° ano do Ensino Fundamental,Estadual,Presente,Sim,785.2776896
2024,3516200,Franca,35063520,2° ano do Ensino Fundamental,Estadual,Presente,Sim,772.9357392
2024,3509502,Campinas,35047533,2° ano do Ensino Fundamental,Estadual,Presente,Não,708.8636439
2024,3543402,Ribeirão Preto,35155418,2° ano do Ensino Fundamental,Estadual,Presente,Sim,821.514298
2024,3552403,Sumaré,35217997,2° ano do Ensino Fundamental,Estadual,Presente,Sim,821.514298
2024,3513009,Cotia,35253165,2° ano do Ensino Fundamental,Municipal,Presente,Sim,774.4156938
2024,3550308,São Paulo,35422660,2° ano do Ensino Fundamental,Municipal,Presente,Sim,806.3990448
2024,3540705,Porto Ferreira,35142810,2° ano do Ensino Fundamental,Municipal,Presente,Não,736.4476539
2024,3513801,Diadema,35257584,2° ano do Ensino Fundamental,Municipal,Presente,Não,735.9612237
2024,3518701,Guarujá,35163461,2° ano do Ensino Fundamental,Estadual,Presente,Não,720.3944803
2024,3550308,São Paulo,35442611,2° ano do Ensino Fundamental,Estadual,Presente,Não,724.4566478
2024,3513504,Cubatão,35163267,2° ano do Ensino Fundamental,Estadual,Presente,Não,735.9612237
2024,3550308,São Paulo,35441556,2° ano do Ensino Fundamental,Estadual,Presente,Não,721.1470519
2024,3556206,Valinhos,35048698,2° ano do Ensino Fundamental,Municipal,Presente,Não,680.9920728
2024,3550308,São Paulo,35349726,2° ano do Ensino Fundamental,Estadual,Presente,Sim,786.1511403
2024,3550308,São Paulo,35393002,2° ano do Ensino Fundamental,Estadual,Presente,Não,715.0979233
2024,3543907,Rio Claro,35115194,2° ano do Ensino Fundamental,Municipal,Presente,Não,670.1048141
2024,3550308,São Paulo,35422653,2° ano do Ensino Fundamental,Municipal,Presente,Sim,776.4217409
2024,4320008,Sapucaia do Sul,43092108,2° ano do Ensino Fundamental,Estadual,Presente,Sim,807.2969147
2024,3529302,Matão,35013623,2° ano do Ensino Fundamental,Estadual,Presente,Sim,821.514298
2024,3549904,São José dos Campos,35188845,2° ano do Ensino Fundamental,Municipal,Presente,Não,686.7229006
2024,3546702,Santa Gertrudes,35115487,2° ano do Ensino Fundamental,Municipal,Presente,Sim,806.3990448
2024,3550308,São Paulo,35392496,2° ano do Ensino Fundamental,Estadual,Presente,Não,737.6026787
2024,3538709,Piracicaba,35134345,2° ano do Ensino Fundamental,Estadual,Presente,Sim,821.514298
2024,3548906,São Carlos,35173456,2° ano do Ensino Fundamental,Estadual,Presente,Sim,821.514298
2024,3550308,São Paulo,35422646,2° ano do Ensino Fundamental,Municipal,Presente,Sim,806.3990448
2024,3550308,São Paulo,35402231,2° ano do Ensino Fundamental,Estadual,Presente,Sim,821.514298
2024,3550308,São Paulo,35390262,2° ano do Ensino Fundamental,Estadual,Presente,Sim,754.4981783
2024,3550308,São Paulo,35402245,2° ano do Ensino Fundamental,Estadual,Presente,Sim,752.9954458
2024,3550308,São Paulo,35392974,2° ano do Ensino Fundamental,Estadual,Presente,Sim,779.5874602
2024,4306403,Dois Irmãos,43024308,2° ano do Ensino Fundamental,Municipal,Presente,Sim,819.3346798
2024,3533205,Nova Independência,35007185,2° ano do Ensino Fundamental,Municipal,Presente,Não,732.1872954
2024,3550308,São Paulo,35385924,2° ano do Ensino Fundamental,Estadual,Presente,Sim,761.1291124
2024,3538006,Pindamonhangaba,35131962,2° ano do Ensino Fundamental,Municipal,Presente,Sim,821.514298
2024,3549904,São José dos Campos,35188210,2° ano do Ensino Fundamental,Municipal,Presente,Sim,806.3990448
2024,3550308,São Paulo,35429456,2° ano do Ensino Fundamental,Estadual,Presente,Não,704.7926102
2024,4320008,Sapucaia do Sul,43092101,2° ano do Ensino Fundamental,Estadual,Presente,Sim,746.5422289
2024,3550308,São Paulo,35429435,2° ano do Ensino Fundamental,Estadual,Presente,Não,669.9801987
2024,4307609,Estância Velha,43042096,2° ano do Ensino Fundamental,Municipal,Presente,Não,689.2971847
2024,3550308,São Paulo,35404453,2° ano do Ensino Fundamental,Estadual,Presente,Sim,821.514298
2024,4313409,Novo Hamburgo,43050914,2° ano do Ensino Fundamental,Municipal,Presente,Sim,764.9567677
2024,3513009,Cotia,35253151,2° ano do Ensino Fundamental,Municipal,Presente,Não,693.3893019
2024,3549904,São José dos Campos,35186521,2° ano do Ensino Fundamental,Estadual,Presente,Sim,766.7537873
2024,3550308,São Paulo,35435717,2° ano do Ensino Fundamental,Estadual,Presente,Sim,771.6064137
2024,3550308,São Paulo,35384059,2° ano do Ensino Fundamental,Estadual,Presente,Não,695.8612628
2024,3550308,São Paulo,35351877,2° ano do Ensino Fundamental,Estadual,Presente,Sim,786.1511403
2024,3550308,São Paulo,35411038,2° ano do Ensino Fundamental,Municipal,Presente,Sim,781.8094351
2024,3550308,São Paulo,35430408,2° ano do Ensino Fundamental,Estadual,Presente,Sim,806.3990448
2024,3530508,Mococa,35175254,2° ano do Ensino Fundamental,Estadual,Presente,Sim,821.514298
2024,3534401,Osasco,35300209,2° ano do Ensino Fundamental,Municipal,Presente,Sim,761.284204
2024,3550308,São Paulo,35337592,2° ano do Ensino Fundamental,Municipal,Presente,Não,679.0810719
2024,3545803,Santa Bárbara d'Oeste,35004986,2° ano do Ensino Fundamental,Municipal,Presente,Sim,747.1427955
2024,3550308,São Paulo,35343813,2° ano do Ensino Fundamental,Municipal,Presente,Não,693.8757478
2024,3550308,São Paulo,35337585,2° ano do Ensino Fundamental,Municipal,Presente,Não,714.2052105
2024,3516200,Franca,35063299,2° ano do Ensino Fundamental,Estadual,Presente,Sim,772.9357392
2024,3525904,Jundiaí,35106900,2° ano do Ensino Fundamental,Municipal,Presente,Sim,786.1511403
2024,3550308,São Paulo,35353728,2° ano do Ensino Fundamental,Estadual,Presente,Não,698.4506895
2024,3550308,São Paulo,35350887,2° ano do Ensino Fundamental,Estadual,Presente,Sim,821.514298
2024,3550308,São Paulo,35394097,2° ano do Ensino Fundamental,Estadual,Presente,Sim,784.7293792
2024,3304557,Rio de Janeiro,33131058,2° ano do Ensino Fundamental,Municipal,Presente,Sim,767.54
2024,5210000,Inhumas,52036959,2° ano do Ensino Fundamental,Municipal,Presente,Sim,772.87
2024,2207553,Paquetá,22019438,2° ano do Ensino Fundamental,Municipal,Presente,Não,725.98
2024,2512804,Riacho dos Cavalos,25032053,2° ano do Ensino Fundamental,Municipal,Presente,Sim,755.63
2024,3304557,Rio de Janeiro,33139078,2° ano do Ensino Fundamental,Municipal,Presente,Não,740.99
2024,4108601,Goioerê,41090732,2° ano do Ensino Fundamental,Municipal,Presente,Sim,761.96
2024,5108402,Várzea Grande,51046232,2° ano do Ensino Fundamental,Municipal,Presente,Sim,771.26
2024,1100320,São Miguel do Guaporé,11016706,2° ano do Ensino Fundamental,Municipal,Presente,Sim,792.81
2024,1506112,Quatipuru,15063720,2° ano do Ensino Fundamental,Municipal,Presente,Sim,780.87
2024,2104099,Formosa da Serra Negra,21055465,2° ano do Ensino Fundamental,Municipal,Presente,Não,725.88
2024,5217203,Piranhas,52046350,2° ano do Ensino Fundamental,Municipal,Presente,Não,735.23
2024,1100924,Chupinguaia,11018869,2° ano do Ensino Fundamental,Municipal,Presente,Não,717.73
2024,3203502,Montanha,32031762,2° ano do Ensino Fundamental,Municipal,Presente,Sim,764.87
2024,3304557,Rio de Janeiro,33129131,2° ano do Ensino Fundamental,Municipal,Presente,Sim,760.0
2024,4218202,Timbó,42083971,2° ano do Ensino Fundamental,Municipal,Presente,Sim,767.0
2024,2704302,Maceió,27016940,2° ano do Ensino Fundamental,Municipal,Presente,Sim,778.29
2024,4106902,Curitiba,41105463,2° ano do Ensino Fundamental,Municipal,Presente,Sim,785.6
2024,5205497,Cidade Ocidental,52063679,2° ano do Ensino Fundamental,Municipal,Presente,Sim,802.77
2024,3304557,Rio de Janeiro,33128086,2° ano do Ensino Fundamental,Municipal,Presente,Sim,764.19
2024,4101408,Apucarana,41018045,2° ano do Ensino Fundamental,Municipal,Presente,Sim,784.92
2024,5002704,Campo Grande,50002430,2° ano do Ensino Fundamental,Municipal,Presente,Sim,748.66
2024,5218805,Rio Verde,52051044,2° ano do Ensino Fundamental,Municipal,Presente,Sim,796.74
2024,5220454,Senador Canedo,52073195,2° ano do Ensino Fundamental,Municipal,Presente,Sim,764.41
2024,5220603,Silvânia,52053360,2° ano do Ensino Fundamental,Municipal,Presente,Sim,803.16
2024,1502004,Cachoeira do Arari,15020905,2° ano do Ensino Fundamental,Municipal,Presente,Sim,758.29
2024,1503002,Faro,15031445,2° ano do Ensino Fundamental,Municipal,Presente,Sim,765.9
2024,2510808,Patos,25029551,2° ano do Ensino Fundamental,Municipal,Presente,Não,700.59
2024,2604106,Caruaru,26003595,2° ano do Ensino Fundamental,Municipal,Presente,Sim,790.88
2024,3106705,Betim,31132093,2° ano do Ensino Fundamental,Municipal,Presente,Sim,766.73
2024,3200607,Aracruz,32023897,2° ano do Ensino Fundamental,Municipal,Presente,Não,719.28
2024,2103208,Chapadinha,21060791,2° ano do Ensino Fundamental,Municipal,Presente,Sim,782.65
2024,2704302,Maceió,27016932,2° ano do Ensino Fundamental,Municipal,Presente,Não,718.47
2024,2803500,Lagarto,28007397,2° ano do Ensino Fundamental,Municipal,Presente,Não,666.51
2024,3200607,Aracruz,32023824,2° ano do Ensino Fundamental,Municipal,Presente,Sim,787.15
2024,5213004,Maurilândia,52058764,2° ano do Ensino Fundamental,Municipal,Presente,Sim,801.82
2024,1301704,Humaitá,13009008,2° ano do Ensino Fundamental,Municipal,Presente,Não,659.57
2024,2803807,Malhada dos Bois,28012892,2° ano do Ensino Fundamental,Municipal,Presente,Não,741.47
2024,3141405,Medina,31190324,2° ano do Ensino Fundamental,Municipal,Presente,Não,689.2
2024,3203205,Linhares,32047450,2° ano do Ensino Fundamental,Municipal,Presente,Sim,788.89
2024,1600279,Laranjal do Jari,16000446,2° ano do Ensino Fundamental,Municipal,Presente,Sim,750.33
2024,2305506,Iguatu,23024070,2° ano do Ensino Fundamental,Municipal,Presente,Não,649.51
2024,2314102,Viçosa do Ceará,23067984,2° ano do Ensino Fundamental,Municipal,Presente,Sim,858.39
2024,3108107,Bonfim,31178388,2° ano do Ensino Fundamental,Municipal,Presente,Sim,743.66
2024,4121208,Quitandinha,41082566,2° ano do Ensino Fundamental,Municipal,Presente,Sim,787.23
2024,3204351,Rio Bananal,32026800,2° ano do Ensino Fundamental,Municipal,Presente,Sim,764.67
2024,3304557,Rio de Janeiro,33143915,2° ano do Ensino Fundamental,Municipal,Presente,Sim,770.02
2024,5002704,Campo Grande,50003405,2° ano do Ensino Fundamental,Municipal,Presente,Sim,746.39
2024,4107751,Figueira,41117561,2° ano do Ensino Fundamental,Municipal,Presente,Não,711.25
2024,5002704,Campo Grande,50002033,2° ano do Ensino Fundamental,Municipal,Presente,Não,741.41
2024,1702208,Araguatins,17013826,2° ano do Ensino Fundamental,Municipal,Presente,Sim,745.26
2024,2604106,Caruaru,26002482,2° ano do Ensino Fundamental,Municipal,Presente,Não,715.53
2024,3163904,São Pedro da União,31155912,2° ano do Ensino Fundamental,Municipal,Presente,Sim,787.03
2024,4111258,Itaperuçu,41083256,2° ano do Ensino Fundamental,Municipal,Presente,Não,736.64
2024,3143302,Montes Claros,31049332,2° ano do Ensino Fundamental,Estadual,Presente,Não,669.61
2024,2211001,Teresina,22008446,2° ano do Ensino Fundamental,Municipal,Presente,Sim,821.55
2024,2605301,Exu,26061140,2° ano do Ensino Fundamental,Municipal,Presente,Sim,757.47
2024,3203205,Linhares,32026253,2° ano do Ensino Fundamental,Municipal,Presente,Sim,766.43
2024,3304557,Rio de Janeiro,33126214,2° ano do Ensino Fundamental,Municipal,Presente,Sim,831.91
2024,4101408,Apucarana,41041669,2° ano do Ensino Fundamental,Municipal,Presente,Sim,802.67
2024,2109106,Presidente Dutra,21047574,2° ano do Ensino Fundamental,Municipal,Presente,Não,651.19
2024,5008008,Terenos,50014769,2° ano do Ensino Fundamental,Municipal,Presente,Sim,747.57
2024,5002209,Bonito,50026110,2° ano do Ensino Fundamental,Municipal,Presente,Sim,773.48
2024,5002704,Campo Grande,50002019,2° ano do Ensino Fundamental,Municipal,Presente,Não,679.44
2024,2504009,Campina Grande,25024032,2° ano do Ensino Fundamental,Municipal,Presente,Sim,789.66
2024,5200852,Americano do Brasil,52055983,2° ano do Ensino Fundamental,Municipal,Presente,Sim,792.26
2024,5218805,Rio Verde,52051965,2° ano do Ensino Fundamental,Municipal,Presente,Sim,806.5
2024,1502855,Curuá,15030025,2° ano do Ensino Fundamental,Municipal,Presente,Não,726.47
2024,2211001,Teresina,22013957,2° ano do Ensino Fundamental,Municipal,Presente,Sim,792.25
2024,2703205,Igreja Nova,27010783,2° ano do Ensino Fundamental,Municipal,Presente,Não,735.04
2024,1100049,Cacoal,11002277,2° ano do Ensino Fundamental,Municipal,Presente,Sim,764.76
2024,1200609,Tarauacá,12005988,2° ano do Ensino Fundamental,Municipal,Presente,Sim,756.36
2024,5220454,Senador Canedo,52023122,2° ano do Ensino Fundamental,Municipal,Presente,Sim,756.79
2024,2403103,Currais Novos,24027374,2° ano do Ensino Fundamental,Municipal,Presente,Não,717.18
2024,3127701,Governador Valadares,31050992,2° ano do Ensino Fundamental,Municipal,Presente,Não,707.23
2024,4106902,Curitiba,41068382,2° ano do Ensino Fundamental,Municipal,Presente,Sim,772.65
2024,5300108,Brasília,53022032,2° ano do Ensino Fundamental,Estadual,Presente,Sim,745.35
2024,1200401,Rio Branco,12007269,2° ano do Ensino Fundamental,Estadual,Presente,Não,706.36
2024,2604106,Caruaru,26002049,2° ano do Ensino Fundamental,Municipal,Presente,Sim,772.59
2024,2607950,Jaqueira,26023341,2° ano do Ensino Fundamental,Municipal,Presente,Sim,839.42
2024,3304557,Rio de Janeiro,33144150,2° ano do Ensino Fundamental,Municipal,Presente,Não,739.02
2024,3304557,Rio de Janeiro,33131079,2° ano do Ensino Fundamental,Municipal,Presente,Sim,744.73
2024,3140308,Marliéria,31063167,2° ano do Ensino Fundamental,Municipal,Presente,Sim,785.61
2024,3304557,Rio de Janeiro,33120787,2° ano do Ensino Fundamental,Municipal,Presente,Sim,799.43
2024,5106752,Pontes e Lacerda,51016220,2° ano do Ensino Fundamental,Municipal,Presente,Não,697.73
2024,1502400,Castanhal,15025671,2° ano do Ensino Fundamental,Municipal,Presente,Não,732.14
2024,1600303,Macapá,16006470,2° ano do Ensino Fundamental,Estadual,Presente,Não,727.05
2024,2107100,Morros,21016134,2° ano do Ensino Fundamental,Municipal,Presente,Não,727.54
2024,3302502,Magé,33044728,2° ano do Ensino Fundamental,Municipal,Presente,Sim,758.48
2024,3205002,Serra,32000430,2° ano do Ensino Fundamental,Estadual,Presente,Sim,792.91
2024,4104808,Cascavel,41023186,2° ano do Ensino Fundamental,Municipal,Presente,Não,686.98
2024,5300108,Brasília,53026824,2° ano do Ensino Fundamental,Estadual,Presente,Sim,751.57
2024,2208809,Regeneração,22016950,2° ano do Ensino Fundamental,Municipal,Presente,Não,659.45
2024,3304201,Resende,33072397,2° ano do Ensino Fundamental,Municipal,Presente,Sim,749.86
2024,5002704,Campo Grande,50002423,2° ano do Ensino Fundamental,Municipal,Presente,Não,629.63
2024,5005103,Jateí,50023904,2° ano do Ensino Fundamental,Estadual,Presente,Não,697.51
2024,5300108,Brasília,53013159,2° ano do Ensino Fundamental,Estadual,Presente,Sim,770.87
2024,2502508,Boqueirão,25012054,2° ano do Ensino Fundamental,Municipal,Presente,Sim,765.7
2024,3304557,Rio de Janeiro,33119356,2° ano do Ensino Fundamental,Municipal,Presente,Sim,779.38
2024,4106902,Curitiba,41078668,2° ano do Ensino Fundamental,Municipal,Presente,Sim,795.14
2024,2211001,Teresina,22013042,2° ano do Ensino Fundamental,Municipal,Presente,Sim,806.79
2024,2506202,Frei Martinho,25026311,2° ano do Ensino Fundamental,Municipal,Presente,Sim,757.26
2024,5002704,Campo Grande,50002012,2° ano do Ensino Fundamental,Municipal,Presente,Sim,805.45
2024,2202703,Cocal,22000600,2° ano do Ensino Fundamental,Municipal,Presente,Sim,797.43
2024,2314102,Viçosa do Ceará,23068001,2° ano do Ensino Fundamental,Municipal,Presente,Sim,844.29
2024,2512721,Pedro Régis,25011331,2° ano do Ensino Fundamental,Municipal,Presente,Não,657.8
2024,3204104,Pinheiros,32046511,2° ano do Ensino Fundamental,Estadual,Presente,Sim,776.45
2024,3304524,Rio das Ostras,33074662,2° ano do Ensino Fundamental,Municipal,Presente,Não,741.06
2024,5108402,Várzea Grande,51046239,2° ano do Ensino Fundamental,Municipal,Presente,Não,709.42
2024,5201405,Aparecida de Goiânia,52017052,2° ano do Ensino Fundamental,Municipal,Presente,Não,725.28
2024,5208707,Goiânia,52005582,2° ano do Ensino Fundamental,Municipal,Presente,Sim,754.0
2024,5210000,Inhumas,52074104,2° ano do Ensino Fundamental,Municipal,Presente,Sim,808.02
2024,5200308,Alexânia,52009925,2° ano do Ensino Fundamental,Municipal,Presente,Sim,772.9
2024,3200607,Aracruz,32023845,2° ano do Ensino Fundamental,Municipal,Presente,Sim,772.28
2024,5108402,Várzea Grande,51044900,2° ano do Ensino Fundamental,Municipal,Presente,Não,654.9
2024,5208707,Goiânia,52005559,2° ano do Ensino Fundamental,Municipal,Presente,Não,697.6
2024,1300706,Boca do Acre,13004141,2° ano do Ensino Fundamental,Municipal,Presente,Não,659.32
2024,2510808,Patos,25028972,2° ano do Ensino Fundamental,Municipal,Presente,Não,716.49
2024,2512721,Pedro Régis,25011324,2° ano do Ensino Fundamental,Municipal,Presente,Não,679.2
2024,2804805,Nossa Senhora do Socorro,28010435,2° ano do Ensino Fundamental,Municipal,Presente,Sim,763.17
2024,3140803,Matias Barbosa,31190073,2° ano do Ensino Fundamental,Municipal,Presente,Não,686.04
2024,3304557,Rio de Janeiro,33103247,2° ano do Ensino Fundamental,Municipal,Presente,Sim,777.14
2024,5008008,Terenos,50014789,2° ano do Ensino Fundamental,Municipal,Presente,Sim,769.38
2024,5001904,Bataguassu,50030417,2° ano do Ensino Fundamental,Municipal,Presente,Não,652.92
2024,3202306,Guaçuí,32041133,2° ano do Ensino Fundamental,Municipal,Presente,Sim,803.38
2024,3304557,Rio de Janeiro,33120134,2° ano do Ensino Fundamental,Municipal,Presente,Sim,760.65
2024,3304557,Rio de Janeiro,33108250,2° ano do Ensino Fundamental,Municipal,Presente,Sim,782.79
2024,2211001,Teresina,22013168,2° ano do Ensino Fundamental,Municipal,Presente,Não,713.27
2024,2303709,Caucaia,23028854,2° ano do Ensino Fundamental,Municipal,Presente,Sim,809.71
2024,2804805,Nossa Senhora do Socorro,28012066,2° ano do Ensino Fundamental,Municipal,Presente,Sim,792.02
2024,3170206,Uberlândia,31092572,2° ano do Ensino Fundamental,Estadual,Presente,Sim,777.56
2024,3301603,Duas Barras,33009957,2° ano do Ensino Fundamental,Municipal,Presente,Sim,762.0
2024,4111258,Itaperuçu,41083142,2° ano do Ensino Fundamental,Municipal,Presente,Sim,773.21
2024,5002704,Campo Grande,50001939,2° ano do Ensino Fundamental,Municipal,Presente,Não,742.76
2024,4101903,Assaí,41041467,2° ano do Ensino Fundamental,Municipal,Presente,Sim,771.3
2024,5200308,Alexânia,52009939,2° ano do Ensino Fundamental,Municipal,Presente,Não,674.47
2024,1101484,São Felipe D'Oeste,11015366,2° ano do Ensino Fundamental,Municipal,Presente,Sim,767.45
2024,5200258,Águas Lindas de Goiás,52068257,2° ano do Ensino Fundamental,Municipal,Presente,Não,649.16
2024,3139805,Mar de Espanha,31000750,2° ano do Ensino Fundamental,Municipal,Presente,Não,709.75
2024,5107909,Sinop,51028640,2° ano do Ensino Fundamental,Municipal,Presente,Sim,761.45
2024,5214051,Mundo Novo,52075395,2° ano do Ensino Fundamental,Municipal,Presente,Sim,761.95
2024,2101400,Balsas,21053898,2° ano do Ensino Fundamental,Municipal,Presente,Não,685.54
2024,2205706,Luís Correia,22001240,2° ano do Ensino Fundamental,Municipal,Presente,Sim,794.61
2024,2312908,Sobral,23009190,2° ano do Ensino Fundamental,Municipal,Presente,Sim,821.77
2024,2510808,Patos,25029210,2° ano do Ensino Fundamental,Municipal,Presente,Não,704.72
2024,3304557,Rio de Janeiro,33139348,2° ano do Ensino Fundamental,Municipal,Presente,Não,742.68
2024,5210000,Inhumas,52036938,2° ano do Ensino Fundamental,Municipal,Presente,Sim,775.81
2024,3118007,Congonhas,31135280,2° ano do Ensino Fundamental,Municipal,Presente,Sim,769.04
2024,3304557,Rio de Janeiro,33104209,2° ano do Ensino Fundamental,Municipal,Presente,Sim,843.97
2024,5100250,Alta Floresta,51000003,2° ano do Ensino Fundamental,Municipal,Presente,Sim,757.08
2024,2604106,Caruaru,26002496,2° ano do Ensino Fundamental,Municipal,Presente,Sim,786.68
2024,5108402,Várzea Grande,51043406,2° ano do Ensino Fundamental,Municipal,Presente,Não,742.64
2024,5300108,Brasília,53002174,2° ano do Ensino Fundamental,Estadual,Presente,Sim,763.37
2024,2708402,São José da Tapera,27028189,2° ano do Ensino Fundamental,Municipal,Presente,Não,649.6
2024,3136652,Juatuba,31036861,2° ano do Ensino Fundamental,Municipal,Presente,Sim,744.67
2024,3304557,Rio de Janeiro,33131380,2° ano do Ensino Fundamental,Municipal,Presente,Sim,831.15
2024,3304557,Rio de Janeiro,33134807,2° ano do Ensino Fundamental,Municipal,Presente,Sim,746.42
2024,5220454,Senador Canedo,52073194,2° ano do Ensino Fundamental,Municipal,Presente,Sim,768.67
2024,5001102,Aquidauana,50011293,2° ano do Ensino Fundamental,Municipal,Presente,Sim,748.68
2024,1600279,Laranjal do Jari,16000453,2° ano do Ensino Fundamental,Municipal,Presente,Sim,799.71
2024,4122602,Rondon,41108489,2° ano do Ensino Fundamental,Municipal,Presente,Não,733.09
2024,5106257,Nova Xavantina,51003568,2° ano do Ensino Fundamental,Municipal,Presente,Sim,759.27
2024,5107909,Sinop,51027650,2° ano do Ensino Fundamental,Municipal,Presente,Sim,767.43
2024,3552502,Suzano,35328737,2° ano do Ensino Fundamental,Estadual,Presente,Sim,786.1511403
2024,3548906,São Carlos,35171707,2° ano do Ensino Fundamental,Estadual,Presente,Sim,821.514298
2024,3547809,Santo André,35310307,2° ano do Ensino Fundamental,Estadual,Presente,Não,723.1130844
2024,3549805,São José do Rio Preto,35182007,2° ano do Ensino Fundamental,Municipal,Presente,Sim,774.4156938
2024,3550308,São Paulo,35360142,2° ano do Ensino Fundamental,Municipal,Presente,Sim,786.1511403
2024,3550308,São Paulo,35354580,2° ano do Ensino Fundamental,Estadual,Presente,Não,732.8548946
2024,3550308,São Paulo,35365501,2° ano do Ensino Fundamental,Municipal,Presente,Não,709.6114203
2024,3550308,São Paulo,35357389,2° ano do Ensino Fundamental,Municipal,Presente,Sim,753.38961
2024,3550308,São Paulo,35411403,2° ano do Ensino Fundamental,Municipal,Presente,Não,671.8050378
2024,3550308,São Paulo,35396974,2° ano do Ensino Fundamental,Estadual,Presente,Sim,776.4217409
2024,3550308,São Paulo,35376289,2° ano do Ensino Fundamental,Estadual,Presente,Sim,821.514298
2024,3550308,São Paulo,35362326,2° ano do Ensino Fundamental,Municipal,Presente,Não,700.099191
2024,3550308,São Paulo,35360374,2° ano do Ensino Fundamental,Municipal,Presente,Não,627.8196747
2024,3518800,Guarulhos,35261903,2° ano do Ensino Fundamental,Municipal,Presente,Sim,821.514298
2024,4304804,Carlos Barbosa,43006516,2° ano do Ensino Fundamental,Estadual,Presente,Sim,757.3650143
2024,3550308,São Paulo,35354357,2° ano do Ensino Fundamental,Estadual,Presente,Não,621.3964589
2024,3543402,Ribeirão Preto,35159130,2° ano do Ensino Fundamental,Estadual,Presente,Sim,771.6064137
2024,3550308,São Paulo,35437748,2° ano do Ensino Fundamental,Estadual,Presente,Sim,806.3990448
2024,3503901,Arujá,35088058,2° ano do Ensino Fundamental,Municipal,Presente,Sim,806.3990448
2024,3534401,Osasco,35300482,2° ano do Ensino Fundamental,Municipal,Presente,Sim,765.1643358
2024,4314035,Pareci Novo,43047053,2° ano do Ensino Fundamental,Municipal,Presente,Sim,745.575145
2024,3550308,São Paulo,35382515,2° ano do Ensino Fundamental,Estadual,Presente,Sim,806.3990448
2024,4313391,Novo Cabrais,43011539,2° ano do Ensino Fundamental,Municipal,Presente,Sim,760.9308761
2024,3550308,São Paulo,35360156,2° ano do Ensino Fundamental,Municipal,Presente,Não,658.327419
2024,3550308,São Paulo,35419823,2° ano do Ensino Fundamental,Municipal,Presente,Não,732.8390706
2024,3550308,São Paulo,35422128,2° ano do Ensino Fundamental,Municipal,Presente,Não,730.7347999
2024,3550308,São Paulo,35340036,2° ano do Ensino Fundamental,Municipal,Presente,Sim,806.3990448
2024,3551009,São Vicente,35200331,2° ano do Ensino Fundamental,Municipal,Presente,Sim,776.4217409
2024,3556453,Vargem Grande Paulista,35195793,2° ano do Ensino Fundamental,Municipal,Presente,Sim,773.5256568
2024,3524402,Jacareí,35090262,2° ano do Ensino Fundamental,Municipal,Presente,Sim,806.3990448
2024,3518800,Guarulhos,35273914,2° ano do Ensino Fundamental,Estadual,Presente,Sim,763.0273345
2024,3554003,Tatuí,35074994,2° ano do Ensino Fundamental,Municipal,Presente,Não,730.3207922
2024,4308078,Fazenda Vilanova,43025865,2° ano do Ensino Fundamental,Municipal,Presente,Sim,760.9308761
2024,3522505,Itapevi,35280164,2° ano do Ensino Fundamental,Municipal,Presente,Não,711.0089113
2024,3534401,Osasco,35301279,2° ano do Ensino Fundamental,Municipal,Presente,Sim,806.3990448
2024,3550704,São Sebastião,35057896,2° ano do Ensino Fundamental,Municipal,Presente,Não,716.8943022
2024,3545803,Santa Bárbara d'Oeste,35005285,2° ano do Ensino Fundamental,Municipal,Presente,Não,661.8336642
2024,3550308,São Paulo,35364195,2° ano do Ensino Fundamental,Municipal,Presente,Não,697.7111138
2024,3518701,Guarujá,35163651,2° ano do Ensino Fundamental,Estadual,Presente,Não,687.0299585
2024,3538709,Piracicaba,35134320,2° ano do Ensino Fundamental,Estadual,Presente,Sim,806.3990448
2024,3550308,São Paulo,35347459,2° ano do Ensino Fundamental,Municipal,Presente,Sim,769.1142873
2024,3524402,Jacareí,35090241,2° ano do Ensino Fundamental,Municipal,Presente,Sim,806.3990448
2024,3550308,São Paulo,35440217,2° ano do Ensino Fundamental,Estadual,Presente,Sim,786.1511403
2024,3550308,São Paulo,35340057,2° ano do Ensino Fundamental,Municipal,Presente,Sim,786.1511403
2024,3552205,Sorocaba,35212345,2° ano do Ensino Fundamental,Municipal,Presente,Não,616.0786819
2024,3550308,São Paulo,35434245,2° ano do Ensino Fundamental,Estadual,Presente,Não,707.6542694
2024,3550308,São Paulo,35360802,2° ano do Ensino Fundamental,Municipal,Presente,Não,663.9533457
2024,4301602,Bagé,43003725,2° ano do Ensino Fundamental,Estadual,Presente,Não,716.3348849
2024,4317509,Santo Ângelo,43082292,2° ano do Ensino Fundamental,Municipal,Presente,Não,737.8332891
2024,3509502,Campinas,35045682,2° ano do Ensino Fundamental,Estadual,Presente,Sim,757.2576062
2024,3543402,Ribeirão Preto,35159171,2° ano do Ensino Fundamental,Estadual,Presente,Sim,771.6064137
2024,3550308,São Paulo,35368949,2° ano do Ensino Fundamental,Municipal,Presente,Sim,791.3318804
2024,4304804,Carlos Barbosa,43006509,2° ano do Ensino Fundamental,Estadual,Presente,Não,720.7509003
2024,3501202,Álvares Florence,35232311,2° ano do Ensino Fundamental,Municipal,Presente,Sim,806.3990448
2024,3513504,Cubatão,35162623,2° ano do Ensino Fundamental,Municipal,Presente,Não,728.0761411
2024,3547809,Santo André,35310279,2° ano do Ensino Fundamental,Estadual,Presente,Sim,761.1291124
2024,3534401,Osasco,35305935,2° ano do Ensino Fundamental,Municipal,Presente,Não,730.7161907
2024,3550308,São Paulo,35414988,2° ano do Ensino Fundamental,Municipal,Presente,Não,686.8067338
2024,3550308,São Paulo,35348395,2° ano do Ensino Fundamental,Municipal,Presente,Sim,786.1511403
2024,3529401,Mauá,35291671,2° ano do Ensino Fundamental,Municipal,Presente,Não,727.6899258
2024,3516200,Franca,35063083,2° ano do Ensino Fundamental,Estadual,Presente,Não,731.134269
2024,3523107,Itaquaquecetuba,35287164,2° ano do Ensino Fundamental,Municipal,Presente,Não,695.2780319
2024,3524402,Jacareí,35090248,2° ano do Ensino Fundamental,Municipal,Presente,Sim,781.0188242
2024,3538709,Piracicaba,35136592,2° ano do Ensino Fundamental,Municipal,Presente,Sim,821.514298
2024,3549904,São José dos Campos,35190858,2° ano do Ensino Fundamental,Municipal,Presente,Sim,796.360933
2024,3550308,São Paulo,35391984,2° ano do Ensino Fundamental,Estadual,Presente,Sim,821.514298
2024,3511201,Catiguá,35060168,2° ano do Ensino Fundamental,Municipal,Presente,Sim,778.2353432
2024,3518800,Guarulhos,35273203,2° ano do Ensino Fundamental,Estadual,Presente,Não,709.2985731
2024,3548708,São Bernardo do Campo,35323690,2° ano do Ensino Fundamental,Municipal,Presente,Sim,806.3990448
2024,3550308,São Paulo,35405354,2° ano do Ensino Fundamental,Municipal,Presente,Não,651.541331
2024,3513504,Cubatão,35162388,2° ano do Ensino Fundamental,Municipal,Presente,Sim,780.5060082
2024,3550308,São Paulo,35365690,2° ano do Ensino Fundamental,Municipal,Presente,Não,737.3585082
2024,4310207,Ijuí,43040104,2° ano do Ensino Fundamental,Municipal,Presente,Sim,805.5091194
2024,3550308,São Paulo,35428723,2° ano do Ensino Fundamental,Estadual,Presente,Sim,821.514298
2024,3550308,São Paulo,35414888,2° ano do Ensino Fundamental,Municipal,Presente,Sim,806.3990448
2024,3525508,Joanópolis,35036275,2° ano do Ensino Fundamental,Municipal,Presente,Sim,747.6564829
2024,3545209,Salto,35084592,2° ano do Ensino Fundamental,Estadual,Presente,Sim,786.1511403
2024,3501608,Americana,35002845,2° ano do Ensino Fundamental,Estadual,Presente,Sim,821.514298
2024,3513801,Diadema,35258030,2° ano do Ensino Fundamental,Municipal,Presente,Não,698.1269002
2024,3518404,Guaratinguetá,35068958,2° ano do Ensino Fundamental,Municipal,Presente,Não,673.5632106
2024,3550308,São Paulo,35425105,2° ano do Ensino Fundamental,Municipal,Presente,Sim,821.514298
2024,3550308,São Paulo,35369561,2° ano do Ensino Fundamental,Municipal,Presente,Não,696.9033574
2024,3522208,Itapecerica da Serra,35275949,2° ano do Ensino Fundamental,Municipal,Presente,Sim,750.0059153
2024,3550308,São Paulo,35354044,2° ano do Ensino Fundamental,Estadual,Presente,Sim,765.1643358
2024,3550308,São Paulo,35438754,2° ano do Ensino Fundamental,Estadual,Presente,Sim,786.1511403
2024,3534401,Osasco,35304121,2° ano do Ensino Fundamental,Municipal,Presente,Sim,790.0404485
2024,3538709,Piracicaba,35138030,2° ano do Ensino Fundamental,Municipal,Presente,Não,641.9202889
2024,3510609,Carapicuíba,35246688,2° ano do Ensino Fundamental,Estadual,Presente,Sim,768.07215
2024,3550308,São Paulo,35424553,2° ano do Ensino Fundamental,Municipal,Presente,Sim,806.3990448
2024,3513801,Diadema,35258002,2° ano do Ensino Fundamental,Municipal,Presente,Sim,769.1142873
2024,3549904,São José dos Campos,35192937,2° ano do Ensino Fundamental,Municipal,Presente,Sim,778.2353432
2024,3550308,São Paulo,35434080,2° ano do Ensino Fundamental,Estadual,Presente,Não,733.3423238
2024,3548708,São Bernardo do Campo,35323187,2° ano do Ensino Fundamental,Municipal,Presente,Não,706.4078652
2024,3505708,Barueri,35234507,2° ano do Ensino Fundamental,Municipal,Presente,Sim,766.5458153
2024,3550308,São Paulo,35346357,2° ano do Ensino Fundamental,Municipal,Presente,Não,728.357062
2024,3515004,Embu das Artes,35330205,2° ano do Ensino Fundamental,Estadual,Presente,Sim,806.3990448
2024,3550308,São Paulo,35388588,2° ano do Ensino Fundamental,Estadual,Presente,Sim,751.4911754
2024,3529401,Mauá,35290947,2° ano do Ensino Fundamental,Estadual,Presente,Sim,766.5364605
2024,3510609,Carapicuíba,35246936,2° ano do Ensino Fundamental,Estadual,Presente,Sim,752.5449151
2024,3550308,São Paulo,35416990,2° ano do Ensino Fundamental,Municipal,Presente,Não,714.8788135
2024,3503901,Arujá,35088311,2° ano do Ensino Fundamental,Municipal,Presente,Não,631.2093498
2024,3552700,Tabatinga,35222318,2° ano do Ensino Fundamental,Municipal,Presente,Não,683.0212371
2024,4300208,Ajuricaba,43039823,2° ano do Ensino Fundamental,Municipal,Presente,Sim,836.3773184
2024,3538006,Pindamonhangaba,35132660,2° ano do Ensino Fundamental,Municipal,Presente,Sim,787.2131925
2024,3550308,São Paulo,35394911,2° ano do Ensino Fundamental,Estadual,Presente,Não,741.3598127
2024,3518701,Guarujá,35166716,2° ano do Ensino Fundamental,Estadual,Presente,Não,693.2349946
2024,3551009,São Vicente,35199981,2° ano do Ensino Fundamental,Municipal,Presente,Não,690.3153601
2024,3552502,Suzano,35328811,2° ano do Ensino Fundamental,Municipal,Presente,Não,731.4103765
2024,3503901,Arujá,35088240,2° ano do Ensino Fundamental,Municipal,Presente,Não,687.5581107
2024,3556206,Valinhos,35048629,2° ano do Ensino Fundamental,Municipal,Presente,Sim,778.2353432
2024,3524808,Jales,35092733,2° ano do Ensino Fundamental,Municipal,Presente,Sim,779.5874602
2024,3550605,São Roque,35195134,2° ano do Ensino Fundamental,Municipal,Presente,Sim,821.514298
2024,3549805,São José do Rio Preto,35182068,2° ano do Ensino Fundamental,Municipal,Presente,Não,695.3946571
2024,3506003,Bauru,35024401,2° ano do Ensino Fundamental,Municipal,Presente,Não,699.7071491
2024,3545803,Santa Bárbara d'Oeste,35005779,2° ano do Ensino Fundamental,Municipal,Presente,Sim,786.1511403
2024,3530607,Mogi das Cruzes,35295040,2° ano do Ensino Fundamental,Municipal,Presente,Não,732.6590194
2024,3518800,Guarulhos,35273130,2° ano do Ensino Fundamental,Estadual,Presente,Sim,748.5075296
2024,3509502,Campinas,35039813,2° ano do Ensino Fundamental,Municipal,Presente,Não,723.8541519
2024,3526704,Leme,35141330,2° ano do Ensino Fundamental,Municipal,Presente,Sim,796.360933
2024,3530607,Mogi das Cruzes,35295047,2° ano do Ensino Fundamental,Municipal,Presente,Sim,781.8094351
2024,3503901,Arujá,35088297,2° ano do Ensino Fundamental,Municipal,Presente,Sim,760.9565601
2024,3526704,Leme,35141344,2° ano do Ensino Fundamental,Municipal,Presente,Sim,791.3318804
2024,3505708,Barueri,35237460,2° ano do Ensino Fundamental,Municipal,Presente,Sim,765.1643358
2024,3541307,Presidente Epitácio,35161228,2° ano do Ensino Fundamental,Estadual,Presente,Sim,821.514298
2024,3504503,Avaré,35017475,2° ano do Ensino Fundamental,Municipal,Presente,Sim,806.3990448
2024,3506003,Bauru,35025415,2° ano do Ensino Fundamental,Municipal,Presente,Sim,786.1511403
2024,3518800,Guarulhos,35272510,2° ano do Ensino Fundamental,Estadual,Presente,Não,739.0733778
2024,4316501,Salvador do Sul,43023895,2° ano do Ensino Fundamental,Municipal,Presente,Sim,795.0269186
2024,3556206,Valinhos,35048636,2° ano do Ensino Fundamental,Municipal,Presente,Sim,771.6064137
2024,3505708,Barueri,35237453,2° ano do Ensino Fundamental,Municipal,Presente,Sim,746.2838344
2024,3546405,Santa Cruz do Rio Pardo,35129553,2° ano do Ensino Fundamental,Municipal,Presente,Sim,780.5060082
2024,3541000,Praia Grande,35145783,2° ano do Ensino Fundamental,Municipal,Presente,Não,676.4925872
2024,3509502,Campinas,35042071,2° ano do Ensino Fundamental,Estadual,Presente,Sim,821.514298
2024,3552403,Sumaré,35215804,2° ano do Ensino Fundamental,Municipal,Presente,Sim,760.5073604
2024,1100122,Ji-Paraná,11007178,2° ano do Ensino Fundamental,Municipal,Presente,Sim,748.81
2024,1100205,Porto Velho,11021824,2° ano do Ensino Fundamental,Municipal,Presente,Não,644.5
2024,2111409,São Luís Gonzaga do Maranhão,21044664,2° ano do Ensino Fundamental,Municipal,Presente,Sim,749.22
2024,3204708,São Gabriel da Palha,32032715,2° ano do Ensino Fundamental,Municipal,Presente,Sim,761.28
2024,3550308,São Paulo,35427796,2° ano do Ensino Fundamental,Estadual,Presente,Sim,821.514298
2024,4113700,Londrina,41102852,2° ano do Ensino Fundamental,Municipal,Presente,Não,742.47
2024,4117503,Paiçandu,41120754,2° ano do Ensino Fundamental,Municipal,Presente,Não,723.31
2024,5208707,Goiânia,52005692,2° ano do Ensino Fundamental,Municipal,Presente,Sim,824.11
2024,1600709,Tartarugalzinho,16011061,2° ano do Ensino Fundamental,Municipal,Presente,Sim,849.32
2024,3109303,Buritis,31139089,2° ano do Ensino Fundamental,Municipal,Presente,Sim,843.8
2024,3523107,Itaquaquecetuba,35285401,2° ano do Ensino Fundamental,Municipal,Presente,Sim,821.514298
2024,4111209,Itapejara d'Oeste,41060066,2° ano do Ensino Fundamental,Municipal,Presente,Sim,753.37
2024,5205471,Chapadão do Céu,52040717,2° ano do Ensino Fundamental,Municipal,Presente,Sim,798.55
2024,1302504,Manacapuru,13014138,2° ano do Ensino Fundamental,Municipal,Presente,Não,742.41
2024,1702109,Araguaína,17009049,2° ano do Ensino Fundamental,Municipal,Presente,Sim,743.09
2024,3203205,Linhares,32025991,2° ano do Ensino Fundamental,Municipal,Presente,Sim,795.43
2024,3520509,Indaiatuba,35050915,2° ano do Ensino Fundamental,Municipal,Presente,Não,665.4614962
2024,3541208,Presidente Bernardes,35161172,2° ano do Ensino Fundamental,Municipal,Presente,Não,733.9415119
2024,4119905,Ponta Grossa,41137308,2° ano do Ensino Fundamental,Municipal,Presente,Sim,763.96
2024,5108402,Várzea Grande,51046572,2° ano do Ensino Fundamental,Municipal,Presente,Sim,763.51
2024,2111029,São João do Carú,21021068,2° ano do Ensino Fundamental,Municipal,Presente,Sim,759.55
2024,2112803,Viana,21068626,2° ano do Ensino Fundamental,Municipal,Presente,Sim,758.06
2024,3136207,João Monlevade,31131169,2° ano do Ensino Fundamental,Estadual,Presente,Sim,761.22
2024,3303856,Paty do Alferes,33066702,2° ano do Ensino Fundamental,Municipal,Presente,Sim,779.82
2024,3304557,Rio de Janeiro,33125656,2° ano do Ensino Fundamental,Municipal,Presente,Sim,783.26
2024,4119509,Piraquara,41059827,2° ano do Ensino Fundamental,Municipal,Presente,Sim,803.75
2024,4211207,Morro da Fumaça,42030409,2° ano do Ensino Fundamental,Municipal,Presente,Não,639.58
2024,1100114,Jaru,11005215,2° ano do Ensino Fundamental,Municipal,Presente,Não,708.64
2024,1707009,Dianópolis,17006776,2° ano do Ensino Fundamental,Municipal,Presente,Sim,769.71
2024,3505500,Barretos,35019589,2° ano do Ensino Fundamental,Municipal,Presente,Sim,806.3990448
2024,4215000,Rio Negrinho,42072151,2° ano do Ensino Fundamental,Municipal,Presente,Sim,745.71
2024,5007695,São Gabriel do Oeste,50018596,2° ano do Ensino Fundamental,Municipal,Presente,Não,675.44
2024,5108402,Várzea Grande,51045590,2° ano do Ensino Fundamental,Municipal,Presente,Sim,744.82
2024,1101005,Governador Jorge Teixeira,11005610,2° ano do Ensino Fundamental,Municipal,Presente,Não,739.26
2024,3304557,Rio de Janeiro,33138463,2° ano do Ensino Fundamental,Municipal,Presente,Sim,801.15
2024,4101606,Arapoti,41086073,2° ano do Ensino Fundamental,Municipal,Presente,Sim,790.75
2024,4104808,Cascavel,41004866,2° ano do Ensino Fundamental,Municipal,Presente,Não,720.9
2024,5218508,Quirinópolis,52049354,2° ano do Ensino Fundamental,Municipal,Presente,Sim,757.98
2024,1100205,Porto Velho,11003603,2° ano do Ensino Fundamental,Municipal,Presente,Não,611.64
2024,1302603,Manaus,13039698,2° ano do Ensino Fundamental,Municipal,Presente,Sim,755.93
2024,2101707,Barreirinhas,21014812,2° ano do Ensino Fundamental,Municipal,Presente,Não,742.75
2024,2105302,Imperatriz,21028855,2° ano do Ensino Fundamental,Municipal,Presente,Não,668.43
2024,4103701,Cambé,41072596,2° ano do Ensino Fundamental,Municipal,Presente,Sim,790.27
2024,1100148,Nova Brasilândia D'Oeste,11015440,2° ano do Ensino Fundamental,Municipal,Presente,Sim,774.6
2024,2101608,Barra do Corda,21048967,2° ano do Ensino Fundamental,Municipal,Presente,Sim,743.12
2024,2211001,Teresina,22011596,2° ano do Ensino Fundamental,Municipal,Presente,Não,742.37
2024,3139201,Malacacheta,31059599,2° ano do Ensino Fundamental,Estadual,Presente,Sim,774.84
2024,5103403,Cuiabá,51038760,2° ano do Ensino Fundamental,Municipal,Presente,Não,674.76
2024,3164704,São Sebastião do Paraíso,31189296,2° ano do Ensino Fundamental,Municipal,Presente,Sim,785.08
2024,3170206,Uberlândia,31199592,2° ano do Ensino Fundamental,Municipal,Presente,Sim,793.11
2024,3524402,Jacareí,35090434,2° ano do Ensino Fundamental,Municipal,Presente,Não,730.8857647
2024,1504000,Limoeiro do Ajuru,15039540,2° ano do Ensino Fundamental,Municipal,Presente,Não,734.84
2024,2108306,Penalva,21057852,2° ano do Ensino Fundamental,Municipal,Presente,Sim,766.96
2024,2304251,Cruz,23041634,2° ano do Ensino Fundamental,Municipal,Presente,Sim,842.34
2024,3506359,Bertioga,35169529,2° ano do Ensino Fundamental,Municipal,Presente,Sim,746.80201
2024,5003702,Dourados,50022918,2° ano do Ensino Fundamental,Municipal,Presente,Sim,767.48
2024,5105903,Nobres,51009050,2° ano do Ensino Fundamental,Estadual,Presente,Não,700.37
2024,1505536,Parauapebas,15058606,2° ano do Ensino Fundamental,Municipal,Presente,Sim,763.74
2024,2101004,Arari,21056943,2° ano do Ensino Fundamental,Municipal,Presente,Sim,758.75
2024,2512903,Rio Tinto,25011389,2° ano do Ensino Fundamental,Municipal,Presente,Não,717.83
2024,4117222,Nova Santa Rosa,41007170,2° ano do Ensino Fundamental,Municipal,Presente,Sim,807.01
2024,5107909,Sinop,51027124,2° ano do Ensino Fundamental,Municipal,Presente,Não,683.87
2024,2507507,João Pessoa,25004861,2° ano do Ensino Fundamental,Municipal,Presente,Sim,762.88
2024,3521408,Iracemápolis,35110750,2° ano do Ensino Fundamental,Municipal,Presente,Não,689.7406812
2024,3550308,São Paulo,35432448,2° ano do Ensino Fundamental,Estadual,Presente,Não,668.8173954
2024,3171204,Vespasiano,31117120,2° ano do Ensino Fundamental,Municipal,Presente,Sim,770.61
2024,3302502,Magé,33044950,2° ano do Ensino Fundamental,Municipal,Presente,Não,730.23
2024,3522406,Itapeva,35076874,2° ano do Ensino Fundamental,Municipal,Presente,Não,707.5674393
2024,3525904,Jundiaí,35108652,2° ano do Ensino Fundamental,Municipal,Presente,Sim,781.5392356
2024,5107909,Sinop,51029498,2° ano do Ensino Fundamental,Municipal,Presente,Não,708.42
2024,5201405,Aparecida de Goiânia,52015554,2° ano do Ensino Fundamental,Municipal,Presente,Sim,780.47
2024,2411205,Santa Cruz,24026027,2° ano do Ensino Fundamental,Municipal,Presente,Não,732.85
2024,3204708,São Gabriel da Palha,32032729,2° ano do Ensino Fundamental,Municipal,Presente,Sim,781.54
2024,4214805,Rio do Sul,42070855,2° ano do Ensino Fundamental,Municipal,Presente,Sim,773.23
2024,1507979,Terra Santa,15099332,2° ano do Ensino Fundamental,Municipal,Presente,Sim,771.88
2024,1600303,Macapá,16002335,2° ano do Ensino Fundamental,Municipal,Presente,Sim,775.78
2024,2101509,Barão de Grajaú,21051127,2° ano do Ensino Fundamental,Municipal,Presente,Não,710.56
2024,2804508,Nossa Senhora da Glória,28009236,2° ano do Ensino Fundamental,Municipal,Presente,Não,661.21
2024,3152501,Pouso Alegre,31137927,2° ano do Ensino Fundamental,Estadual,Presente,Não,733.46
2024,3154606,Ribeirão das Neves,31166242,2° ano do Ensino Fundamental,Municipal,Presente,Sim,756.52
2024,3304557,Rio de Janeiro,33113460,2° ano do Ensino Fundamental,Municipal,Presente,Sim,762.35
2024,2616209,Vertentes,26077082,2° ano do Ensino Fundamental,Municipal,Presente,Sim,765.97
2024,2506301,Guarabira,25019143,2° ano do Ensino Fundamental,Municipal,Presente,Sim,802.31
2024,3548708,São Bernardo do Campo,35316953,2° ano do Ensino Fundamental,Municipal,Presente,Não,721.6495598
2024,4314902,Porto Alegre,43068356,2° ano do Ensino Fundamental,Municipal,Presente,Não,723.408447
2024,5103353,Confresa,51007232,2° ano do Ensino Fundamental,Municipal,Presente,Não,733.45
2024,5211503,Itumbiara,52039672,2° ano do Ensino Fundamental,Municipal,Presente,Sim,799.11
2024,2502300,Bom Sucesso,25031507,2° ano do Ensino Fundamental,Municipal,Presente,Sim,769.81
2024,2704302,Maceió,27017755,2° ano do Ensino Fundamental,Municipal,Presente,Não,742.67
2024,3202405,Guarapari,32045233,2° ano do Ensino Fundamental,Municipal,Presente,Sim,778.63
2024,2105708,Lago da Pedra,21065566,2° ano do Ensino Fundamental,Municipal,Presente,Sim,782.54
2024,2611101,Petrolina,26071399,2° ano do Ensino Fundamental,Municipal,Presente,Sim,757.22
2024,3201308,Cariacica,32021289,2° ano do Ensino Fundamental,Municipal,Presente,Não,728.28
2024,3304557,Rio de Janeiro,33107009,2° ano do Ensino Fundamental,Municipal,Presente,Sim,796.25
2024,4127106,Telêmaco Borba,41137562,2° ano do Ensino Fundamental,Municipal,Presente,Sim,803.17
2024,5106224,Nova Mutum,51009949,2° ano do Ensino Fundamental,Municipal,Presente,Sim,772.75
2024,5220108,São Luís de Montes Belos,52059247,2° ano do Ensino Fundamental,Municipal,Presente,Não,670.36
2024,2101400,Balsas,21068486,2° ano do Ensino Fundamental,Municipal,Presente,Não,697.81
2024,2104073,Feira Nova do Maranhão,21055344,2° ano do Ensino Fundamental,Municipal,Presente,Sim,774.34
2024,2211001,Teresina,22012996,2° ano do Ensino Fundamental,Municipal,Presente,Não,729.5
2024,2708006,Santana do Ipanema,27027376,2° ano do Ensino Fundamental,Municipal,Presente,Sim,777.75
2024,3302700,Maricá,33047492,2° ano do Ensino Fundamental,Municipal,Presente,Sim,764.77
2024,3508009,Buri,35075454,2° ano do Ensino Fundamental,Municipal,Presente,Não,734.1794449
2024,4119004,Pérola d'Oeste,41077960,2° ano do Ensino Fundamental,Municipal,Presente,Sim,745.95
2024,2700300,Arapiraca,27032210,2° ano do Ensino Fundamental,Municipal,Presente,Não,658.06
2024,3171204,Vespasiano,31171384,2° ano do Ensino Fundamental,Municipal,Presente,Sim,766.2
2024,3304557,Rio de Janeiro,33120939,2° ano do Ensino Fundamental,Municipal,Presente,Não,741.02
2024,3510401,Capivari,35050316,2° ano do Ensino Fundamental,Municipal,Presente,Sim,806.3990448
2024,3541208,Presidente Bernardes,35161165,2° ano do Ensino Fundamental,Municipal,Presente,Não,670.507107
2024,3550308,São Paulo,35434436,2° ano do Ensino Fundamental,Estadual,Presente,Não,725.3032471
2024,3552403,Sumaré,35217701,2° ano do Ensino Fundamental,Municipal,Presente,Sim,766.5364605
2024,1200609,Tarauacá,12005824,2° ano do Ensino Fundamental,Estadual,Presente,Não,642.45
2024,2311801,Russas,23013829,2° ano do Ensino Fundamental,Municipal,Presente,Sim,853.02
2024,2703106,Igaci,27010471,2° ano do Ensino Fundamental,Municipal,Presente,Sim,745.65
2024,5208707,Goiânia,52000263,2° ano do Ensino Fundamental,Municipal,Presente,Sim,769.0
2024,3148004,Patos de Minas,31160986,2° ano do Ensino Fundamental,Estadual,Presente,Não,679.79
2024,1505502,Paragominas,15056268,2° ano do Ensino Fundamental,Municipal,Presente,Sim,774.38
2024,2609006,Macaparana,26020169,2° ano do Ensino Fundamental,Municipal,Presente,Sim,791.5
2024,2615003,Taquaritinga do Norte,26007381,2° ano do Ensino Fundamental,Municipal,Presente,Sim,763.07
2024,3304557,Rio de Janeiro,33125649,2° ano do Ensino Fundamental,Municipal,Presente,Sim,799.06
2024,3304557,Rio de Janeiro,33102624,2° ano do Ensino Fundamental,Municipal,Presente,Sim,764.25
2024,3550308,São Paulo,35426039,2° ano do Ensino Fundamental,Estadual,Presente,Sim,821.514298
2024,5218508,Quirinópolis,52049368,2° ano do Ensino Fundamental,Municipal,Presente,Sim,763.06
2024,2612505,Santa Cruz do Capibaribe,26005950,2° ano do Ensino Fundamental,Municipal,Presente,Não,730.28
2024,2704302,Maceió,27017748,2° ano do Ensino Fundamental,Municipal,Presente,Não,726.8
2024,3106200,Belo Horizonte,31127151,2° ano do Ensino Fundamental,Municipal,Presente,Sim,776.21
2024,3107109,Boa Esperança,31173574,2° ano do Ensino Fundamental,Municipal,Presente,Sim,794.4
2024,1304062,Tabatinga,13024869,2° ano do Ensino Fundamental,Municipal,Presente,Sim,760.28
2024,2515708,Serra Grande,25031397,2° ano do Ensino Fundamental,Municipal,Presente,Não,617.77
2024,3520202,Igaratá,35089066,2° ano do Ensino Fundamental,Municipal,Presente,Sim,781.5392356
2024,3523107,Itaquaquecetuba,35286190,2° ano do Ensino Fundamental,Municipal,Presente,Não,741.0474413
2024,5007950,Tacuru,50029711,2° ano do Ensino Fundamental,Municipal,Presente,Sim,777.8
2024,1507458,São Geraldo do Araguaia,15076525,2° ano do Ensino Fundamental,Municipal,Presente,Sim,758.12
2024,3103801,Arapuá,31109690,2° ano do Ensino Fundamental,Municipal,Presente,Sim,805.99
2024,3170107,Uberaba,31045666,2° ano do Ensino Fundamental,Estadual,Presente,Sim,767.85
2024,3171030,Verdelândia,31015498,2° ano do Ensino Fundamental,Estadual,Presente,Sim,767.51
2024,3525904,Jundiaí,35106937,2° ano do Ensino Fundamental,Municipal,Presente,Sim,806.3990448
2024,1701002,Ananás,17007416,2° ano do Ensino Fundamental,Municipal,Presente,Não,709.45
2024,2101608,Barra do Corda,21049515,2° ano do Ensino Fundamental,Municipal,Presente,Não,722.57
2024,2704302,Maceió,27015724,2° ano do Ensino Fundamental,Municipal,Presente,Não,709.17
2024,2706307,Palmeira dos Índios,27021691,2° ano do Ensino Fundamental,Municipal,Presente,Não,682.54
2024,3205002,Serra,32006807,2° ano do Ensino Fundamental,Municipal,Presente,Sim,760.63
2024,1200351,Marechal Thaumaturgo,12004155,2° ano do Ensino Fundamental,Municipal,Presente,Não,726.38
2024,2404309,Governador Dix-Sept Rosado,24009798,2° ano do Ensino Fundamental,Estadual,Presente,Não,659.5
2024,2611606,Recife,26046023,2° ano do Ensino Fundamental,Municipal,Presente,Não,621.77
2024,3129806,Ibirité,31192667,2° ano do Ensino Fundamental,Estadual,Presente,Sim,766.82
2024,3136207,João Monlevade,31158665,2° ano do Ensino Fundamental,Estadual,Presente,Sim,858.56
2024,4106902,Curitiba,41029112,2° ano do Ensino Fundamental,Municipal,Presente,Sim,751.47
2024,2306405,Itapipoca,23059359,2° ano do Ensino Fundamental,Municipal,Presente,Sim,833.15
2024,3304557,Rio de Janeiro,33128009,2° ano do Ensino Fundamental,Municipal,Presente,Sim,867.77
2024,3525904,Jundiaí,35108666,2° ano do Ensino Fundamental,Municipal,Presente,Sim,786.1511403
2024,4125506,São José dos Pinhais,41132114,2° ano do Ensino Fundamental,Municipal,Presente,Sim,746.39
2024,5201405,Aparecida de Goiânia,52072790,2° ano do Ensino Fundamental,Municipal,Presente,Sim,794.63
2024,3509502,Campinas,35042772,2° ano do Ensino Fundamental,Estadual,Presente,Sim,821.514298
2024,3550308,São Paulo,35390640,2° ano do Ensino Fundamental,Estadual,Presente,Não,671.2034437
2024,3550308,São Paulo,35383851,2° ano do Ensino Fundamental,Estadual,Presente,Não,683.6628497
2024,5005004,Jardim,50026464,2° ano do Ensino Fundamental,Municipal,Presente,Sim,794.55
2024,5107602,Rondonópolis,51023338,2° ano do Ensino Fundamental,Municipal,Presente,Não,632.53
2024,3162401,São João da Ponte,31181411,2° ano do Ensino Fundamental,Municipal,Presente,Sim,820.53
2024,3300456,Belford Roxo,33006696,2° ano do Ensino Fundamental,Municipal,Presente,Não,716.75
2024,5106315,Novo Santo Antônio,51007562,2° ano do Ensino Fundamental,Municipal,Presente,Não,719.02
2024,1721257,Tupirama,17017304,2° ano do Ensino Fundamental,Municipal,Presente,Não,732.5
2024,3552205,Sorocaba,35209429,2° ano do Ensino Fundamental,Municipal,Presente,Sim,821.514298
2024,1600600,Santana,16010188,2° ano do Ensino Fundamental,Municipal,Presente,Sim,747.72
2024,2111300,São Luís,21006729,2° ano do Ensino Fundamental,Municipal,Presente,Sim,762.85
2024,2605202,Escada,26015101,2° ano do Ensino Fundamental,Municipal,Presente,Sim,761.89
2024,3148103,Patrocínio,31176010,2° ano do Ensino Fundamental,Municipal,Presente,Sim,799.87
2024,3508009,Buri,35075447,2° ano do Ensino Fundamental,Municipal,Presente,Não,739.7683469
2024,3509601,Campo Limpo Paulista,35099924,2° ano do Ensino Fundamental,Municipal,Presente,Não,709.0282828
2024,4119905,Ponta Grossa,41068566,2° ano do Ensino Fundamental,Municipal,Presente,Sim,781.06
2024,5003702,Dourados,50021756,2° ano do Ensino Fundamental,Municipal,Presente,Sim,758.19
2024,5201405,Aparecida de Goiânia,52020617,2° ano do Ensino Fundamental,Municipal,Presente,Sim,798.39
2024,1501808,Breves,15020126,2° ano do Ensino Fundamental,Municipal,Presente,Sim,745.99
2024,2704302,Maceió,27033618,2° ano do Ensino Fundamental,Municipal,Presente,Sim,771.15
2024,3556701,Vinhedo,35049782,2° ano do Ensino Fundamental,Municipal,Presente,Sim,780.5060082
2024,4202602,Bom Retiro,42074864,2° ano do Ensino Fundamental,Municipal,Presente,Não,712.53
2024,3106200,Belo Horizonte,31106873,2° ano do Ensino Fundamental,Municipal,Presente,Sim,796.77
2024,3148103,Patrocínio,31176000,2° ano do Ensino Fundamental,Municipal,Presente,Não,716.17
2024,5103403,Cuiabá,51040534,2° ano do Ensino Fundamental,Municipal,Presente,Não,662.36
2024,1701002,Ananás,17007437,2° ano do Ensino Fundamental,Municipal,Presente,Não,661.56
2024,3170800,Várzea da Palma,31094521,2° ano do Ensino Fundamental,Municipal,Presente,Não,742.39
2024,3549904,São José dos Campos,35193156,2° ano do Ensino Fundamental,Municipal,Presente,Não,611.5231233
2024,4207502,Indaial,42096041,2° ano do Ensino Fundamental,Municipal,Presente,Sim,776.66
2024,5218508,Quirinópolis,52049348,2° ano do Ensino Fundamental,Municipal,Presente,Sim,813.17
2024,2700300,Arapiraca,27032207,2° ano do Ensino Fundamental,Municipal,Presente,Sim,773.32
2024,3205002,Serra,32006821,2° ano do Ensino Fundamental,Municipal,Presente,Não,740.65
2024,3205002,Serra,32001922,2° ano do Ensino Fundamental,Municipal,Presente,Sim,745.62
2024,3303906,Petrópolis,33067702,2° ano do Ensino Fundamental,Municipal,Presente,Sim,792.36
2024,4104204,Campo Largo,41080445,2° ano do Ensino Fundamental,Municipal,Presente,Sim,763.96
2024,4113700,Londrina,41109655,2° ano do Ensino Fundamental,Municipal,Presente,Não,720.22
2024,1506500,Santa Isabel do Pará,15067767,2° ano do Ensino Fundamental,Municipal,Presente,Sim,815.63
2024,2211001,Teresina,22010183,2° ano do Ensino Fundamental,Municipal,Presente,Não,691.34
2024,3148004,Patos de Minas,31062025,2° ano do Ensino Fundamental,Estadual,Presente,Não,740.4
2024,3302403,Macaé,33041738,2° ano do Ensino Fundamental,Municipal,Presente,Sim,791.23
2024,4119509,Piraquara,41113657,2° ano do Ensino Fundamental,Municipal,Presente,Sim,790.29
2024,5005004,Jardim,50026457,2° ano do Ensino Fundamental,Municipal,Presente,Sim,771.3
2024,5200258,Águas Lindas de Goiás,52068340,2° ano do Ensino Fundamental,Municipal,Presente,Sim,748.54
2024,1100122,Ji-Paraná,11007192,2° ano do Ensino Fundamental,Municipal,Presente,Sim,773.13
2024,1304062,Tabatinga,13024643,2° ano do Ensino Fundamental,Municipal,Presente,Sim,752.79
2024,1503606,Itaituba,15036356,2° ano do Ensino Fundamental,Municipal,Presente,Sim,820.58
2024,3136207,João Monlevade,31167449,2° ano do Ensino Fundamental,Estadual,Presente,Não,732.61
2024,4104204,Campo Largo,41048717,2° ano do Ensino Fundamental,Municipal,Presente,Sim,760.68
2024,4202602,Bom Retiro,42074850,2° ano do Ensino Fundamental,Municipal,Presente,Sim,748.79
2024,4214201,Quilombo,42070006,2° ano do Ensino Fundamental,Municipal,Presente,Não,662.63
2024,3550308,São Paulo,35390872,2° ano do Ensino Fundamental,Estadual,Presente,Sim,787.2131925
2024,1302504,Manacapuru,13014515,2° ano do Ensino Fundamental,Municipal,Presente,Não,724.44
2024,1600303,Macapá,16004212,2° ano do Ensino Fundamental,Municipal,Presente,Sim,795.91
2024,2109270,Presidente Sarney,21036240,2° ano do Ensino Fundamental,Municipal,Presente,Não,677.85
2024,2609006,Macaparana,26020162,2° ano do Ensino Fundamental,Municipal,Presente,Não,717.06
2024,2616209,Vertentes,26077075,2° ano do Ensino Fundamental,Municipal,Presente,Sim,787.2
2024,3135050,Jaíba,31011352,2° ano do Ensino Fundamental,Estadual,Presente,Não,640.99
2024,3550308,São Paulo,35388891,2° ano do Ensino Fundamental,Estadual,Presente,Sim,773.5377676
2024,4211207,Morro da Fumaça,42030416,2° ano do Ensino Fundamental,Municipal,Presente,Não,729.24
2024,5102678,Campo Verde,51017489,2° ano do Ensino Fundamental,Municipal,Presente,Não,713.07
2024,2106508,Matinha,21057526,2° ano do Ensino Fundamental,Municipal,Presente,Não,685.16
2024,2111201,São José de Ribamar,21004180,2° ano do Ensino Fundamental,Municipal,Presente,Sim,825.54
2024,2111300,São Luís,21006715,2° ano do Ensino Fundamental,Municipal,Presente,Não,733.33
2024,2502409,Bonito de Santa Fé,25032531,2° ano do Ensino Fundamental,Municipal,Presente,Sim,784.23
2024,3505500,Barretos,35019377,2° ano do Ensino Fundamental,Municipal,Presente,Sim,821.514298
2024,5208707,Goiânia,52076196,2° ano do Ensino Fundamental,Municipal,Presente,Não,719.26
2024,2109007,Porto Franco,21029705,2° ano do Ensino Fundamental,Municipal,Presente,Sim,756.83
2024,2508505,Livramento,25027109,2° ano do Ensino Fundamental,Municipal,Presente,Sim,778.36
2024,3201902,Domingos Martins,32044006,2° ano do Ensino Fundamental,Municipal,Presente,Sim,757.75
2024,3304557,Rio de Janeiro,33137337,2° ano do Ensino Fundamental,Municipal,Presente,Sim,782.99
2024,5103403,Cuiabá,51040692,2° ano do Ensino Fundamental,Municipal,Presente,Não,707.59
2024,1300508,Barreirinha,13002402,2° ano do Ensino Fundamental,Municipal,Presente,Não,724.21
2024,2508505,Livramento,25027116,2° ano do Ensino Fundamental,Municipal,Presente,Sim,770.9
2024,2611606,Recife,26046748,2° ano do Ensino Fundamental,Municipal,Presente,Não,684.62
2024,3205101,Viana,32022663,2° ano do Ensino Fundamental,Municipal,Presente,Sim,756.2
2024,3550308,São Paulo,35426060,2° ano do Ensino Fundamental,Estadual,Presente,Sim,787.2131925
2024,5002704,Campo Grande,50007958,2° ano do Ensino Fundamental,Municipal,Presente,Sim,803.5
2024,5206206,Cristalina,52076540,2° ano do Ensino Fundamental,Municipal,Presente,Sim,791.36
2024,3154606,Ribeirão das Neves,31166096,2° ano do Ensino Fundamental,Municipal,Presente,Sim,775.16
2024,3550308,São Paulo,35347181,2° ano do Ensino Fundamental,Municipal,Presente,Não,703.213014
2024,5103205,Colíder,51024584,2° ano do Ensino Fundamental,Municipal,Presente,Sim,770.45
2024,2611606,Recife,26051492,2° ano do Ensino Fundamental,Municipal,Presente,Sim,753.69
2024,3154606,Ribeirão das Neves,31127730,2° ano do Ensino Fundamental,Municipal,Presente,Sim,751.28
2024,3303609,Paracambi,33065213,2° ano do Ensino Fundamental,Municipal,Presente,Sim,746.52
2024,4115200,Maringá,41014670,2° ano do Ensino Fundamental,Municipal,Presente,Sim,815.74
2024,4214201,Quilombo,42069999,2° ano do Ensino Fundamental,Municipal,Presente,Sim,768.56
2024,5107602,Rondonópolis,51023486,2° ano do Ensino Fundamental,Municipal,Presente,Não,717.62
2024,5201108,Anápolis,52011186,2° ano do Ensino Fundamental,Municipal,Presente,Não,716.22
2024,2804805,Nossa Senhora do Socorro,28010399,2° ano do Ensino Fundamental,Municipal,Presente,Não,628.89
2024,3165537,Sarzedo,31070616,2° ano do Ensino Fundamental,Municipal,Presente,Sim,784.03
2024,3201308,Cariacica,32045785,2° ano do Ensino Fundamental,Municipal,Presente,Sim,751.62
2024,3523107,Itaquaquecetuba,35285415,2° ano do Ensino Fundamental,Municipal,Presente,Sim,787.2131925
2024,2201507,Batalha,22003767,2° ano do Ensino Fundamental,Municipal,Presente,Não,713.05
2024,2211001,Teresina,22010162,2° ano do Ensino Fundamental,Municipal,Presente,Sim,773.35
2024,2706307,Palmeira dos Índios,27021698,2° ano do Ensino Fundamental,Municipal,Presente,Sim,750.69
2024,3125101,Extrema,31025710,2° ano do Ensino Fundamental,Municipal,Presente,Sim,835.34
2024,3135050,Jaíba,31195698,2° ano do Ensino Fundamental,Estadual,Presente,Sim,747.2
2024,3524402,Jacareí,35090427,2° ano do Ensino Fundamental,Municipal,Presente,Não,671.3154262
2024,4117255,Nova Prata do Iguaçu,41013877,2° ano do Ensino Fundamental,Municipal,Presente,Não,716.2
2024,5002704,Campo Grande,50008984,2° ano do Ensino Fundamental,Municipal,Presente,Sim,777.59
2024,5107040,Primavera do Leste,51048557,2° ano do Ensino Fundamental,Municipal,Presente,Sim,769.94
2024,4320578,Sete de Setembro,43082067,2° ano do Ensino Fundamental,Municipal,Presente,Não,698.0279771
2024,3505708,Barueri,35236740,2° ano do Ensino Fundamental,Municipal,Presente,Não,736.1806796
2024,3514106,Dois Córregos,35094731,2° ano do Ensino Fundamental,Municipal,Presente,Não,733.1587174
2024,3509007,Caieiras,35239705,2° ano do Ensino Fundamental,Municipal,Presente,Sim,747.7260995
2024,3509502,Campinas,35047328,2° ano do Ensino Fundamental,Estadual,Presente,Sim,785.2776896
2024,3550308,São Paulo,35376736,2° ano do Ensino Fundamental,Estadual,Presente,Sim,791.3318804
2024,4321501,Torres,43095025,2° ano do Ensino Fundamental,Estadual,Presente,Não,708.0128848
2024,3504107,Atibaia,35032783,2° ano do Ensino Fundamental,Municipal,Presente,Não,666.1898528
2024,3502804,Araçatuba,35010242,2° ano do Ensino Fundamental,Municipal,Presente,Sim,773.5256568
2024,3523305,Itariri,35120961,2° ano do Ensino Fundamental,Municipal,Presente,Sim,766.7537873
2024,3549904,São José dos Campos,35189022,2° ano do Ensino Fundamental,Municipal,Presente,Não,728.0761411
2024,3551009,São Vicente,35202248,2° ano do Ensino Fundamental,Municipal,Presente,Não,711.7033066
2024,4318499,São José do Inhacorá,43097258,2° ano do Ensino Fundamental,Municipal,Presente,Não,691.2365842
2024,3524402,Jacareí,35090745,2° ano do Ensino Fundamental,Municipal,Presente,Não,709.4089118
2024,3556404,Vargem Grande do Sul,35177566,2° ano do Ensino Fundamental,Municipal,Presente,Sim,786.1511403
2024,3552205,Sorocaba,35213128,2° ano do Ensino Fundamental,Municipal,Presente,Sim,791.3318804
2024,4312179,Mato Queimado,43090157,2° ano do Ensino Fundamental,Municipal,Presente,Sim,788.1255215
2024,4315057,Porto Mauá,43079049,2° ano do Ensino Fundamental,Municipal,Presente,Sim,836.3773184
2024,4318309,São Gabriel,43085994,2° ano do Ensino Fundamental,Estadual,Presente,Sim,749.3552022
2024,3509601,Campo Limpo Paulista,35100428,2° ano do Ensino Fundamental,Municipal,Presente,Não,739.5339794
2024,3519071,Hortolândia,35220095,2° ano do Ensino Fundamental,Municipal,Presente,Sim,761.1291124
2024,4317103,Sant'Ana do Livramento,43081009,2° ano do Ensino Fundamental,Estadual,Presente,Não,706.8468958
2024,3552205,Sorocaba,35212710,2° ano do Ensino Fundamental,Municipal,Presente,Sim,821.514298
2024,3538709,Piracicaba,35136145,2° ano do Ensino Fundamental,Municipal,Presente,Não,706.2257609
2024,3550308,São Paulo,35396808,2° ano do Ensino Fundamental,Estadual,Presente,Não,665.512981
2024,3523107,Itaquaquecetuba,35286587,2° ano do Ensino Fundamental,Municipal,Presente,Sim,821.514298
2024,3504107,Atibaia,35032769,2° ano do Ensino Fundamental,Municipal,Presente,Sim,821.514298
2024,3521903,Itajobi,35060346,2° ano do Ensino Fundamental,Municipal,Presente,Sim,806.3990448
2024,3515103,Embu-Guaçu,35274493,2° ano do Ensino Fundamental,Municipal,Presente,Não,729.8019805
2024,3550308,São Paulo,35342609,2° ano do Ensino Fundamental,Municipal,Presente,Não,692.0927688
2024,3510609,Carapicuíba,35249346,2° ano do Ensino Fundamental,Estadual,Presente,Não,710.8121843
2024,3509502,Campinas,35047342,2° ano do Ensino Fundamental,Estadual,Presente,Sim,821.514298
2024,3550308,São Paulo,35395873,2° ano do Ensino Fundamental,Estadual,Presente,Não,733.4900557
2024,3549904,São José dos Campos,35187797,2° ano do Ensino Fundamental,Municipal,Presente,Sim,806.3990448
2024,3509502,Campinas,35039395,2° ano do Ensino Fundamental,Municipal,Presente,Sim,790.0404485
2024,3552403,Sumaré,35215401,2° ano do Ensino Fundamental,Estadual,Presente,Sim,796.360933
2024,3500709,Agudos,35022411,2° ano do Ensino Fundamental,Municipal,Presente,Sim,774.4156938
2024,3552205,Sorocaba,35212703,2° ano do Ensino Fundamental,Municipal,Presente,Não,652.9911246
2024,3550308,São Paulo,35400861,2° ano do Ensino Fundamental,Estadual,Presente,Sim,754.7777179
2024,3551405,Serra Azul,35160470,2° ano do Ensino Fundamental,Municipal,Presente,Não,687.3745192
2024,3541000,Praia Grande,35144735,2° ano do Ensino Fundamental,Municipal,Presente,Não,727.2970382
2024,3503208,Araraquara,35013211,2° ano do Ensino Fundamental,Estadual,Presente,Não,694.1666637
2024,3550308,São Paulo,35406640,2° ano do Ensino Fundamental,Municipal,Presente,Não,703.8411608
2024,3550308,São Paulo,35363885,2° ano do Ensino Fundamental,Municipal,Presente,Sim,786.1511403
2024,3554953,Tuiuti,35037570,2° ano do Ensino Fundamental,Municipal,Presente,Sim,746.7885959
2024,3543303,Ribeirão Pires,35293585,2° ano do Ensino Fundamental,Municipal,Presente,Não,718.2821598
2024,4309308,Guaíba,43037347,2° ano do Ensino Fundamental,Municipal,Presente,Não,688.1995612
2024,3503901,Arujá,35087619,2° ano do Ensino Fundamental,Municipal,Presente,Não,682.6143467
2024,3550308,São Paulo,35363871,2° ano do Ensino Fundamental,Municipal,Presente,Sim,761.9713345
2024,3552205,Sorocaba,35210951,2° ano do Ensino Fundamental,Municipal,Presente,Sim,821.514298
2024,3524709,Jaguariúna,35041253,2° ano do Ensino Fundamental,Municipal,Presente,Sim,821.514298
2024,3550308,São Paulo,35376366,2° ano do Ensino Fundamental,Estadual,Presente,Sim,787.2131925
2024,3552403,Sumaré,35216249,2° ano do Ensino Fundamental,Municipal,Presente,Não,697.4822379
2024,3516200,Franca,35065920,2° ano do Ensino Fundamental,Estadual,Presente,Não,733.1587174
2024,3550308,São Paulo,35407984,2° ano do Ensino Fundamental,Municipal,Presente,Sim,743.9458732
2024,4314100,Passo Fundo,43054554,2° ano do Ensino Fundamental,Municipal,Presente,Não,659.3922868
2024,3536505,Paulínia,35214217,2° ano do Ensino Fundamental,Municipal,Presente,Sim,746.7893862
2024,3550308,São Paulo,35387226,2° ano do Ensino Fundamental,Estadual,Presente,Sim,757.4937576
2024,3552205,Sorocaba,35212814,2° ano do Ensino Fundamental,Municipal,Presente,Sim,778.2353432
2024,3510203,Capão Bonito,35075525,2° ano do Ensino Fundamental,Municipal,Presente,Não,739.8496546
2024,3527207,Lorena,35069583,2° ano do Ensino Fundamental,Municipal,Presente,Não,717.1572787
2024,3548906,São Carlos,35172553,2° ano do Ensino Fundamental,Municipal,Presente,Não,736.9366217
2024,3541406,Presidente Prudente,35150094,2° ano do Ensino Fundamental,Municipal,Presente,Sim,806.3990448
2024,3543402,Ribeirão Preto,35156099,2° ano do Ensino Fundamental,Municipal,Presente,Não,653.0908689
2024,3539806,Poá,35283076,2° ano do Ensino Fundamental,Municipal,Presente,Não,728.0761411
2024,4302303,Bom Jesus,43099996,2° ano do Ensino Fundamental,Municipal,Presente,Sim,757.3650143
2024,3509007,Caieiras,35240067,2° ano do Ensino Fundamental,Municipal,Presente,Não,716.0607919
2024,4321451,Teutônia,43045588,2° ano do Ensino Fundamental,Estadual,Presente,Não,677.05182
2024,3516200,Franca,35065934,2° ano do Ensino Fundamental,Estadual,Presente,Sim,806.3990448
2024,3556503,Várzea Paulista,35103889,2° ano do Ensino Fundamental,Municipal,Presente,Não,728.3218267
2024,3513801,Diadema,35258579,2° ano do Ensino Fundamental,Estadual,Presente,Sim,796.360933
2024,3537909,Pilar do Sul,35230414,2° ano do Ensino Fundamental,Municipal,Presente,Não,740.3648964
2024,3509502,Campinas,35044049,2° ano do Ensino Fundamental,Municipal,Presente,Não,733.5437206
2024,3541000,Praia Grande,35144727,2° ano do Ensino Fundamental,Municipal,Presente,Não,678.3667789
2024,3549805,São José do Rio Preto,35184842,2° ano do Ensino Fundamental,Municipal,Presente,Sim,769.8477747
2024,3543402,Ribeirão Preto,35157551,2° ano do Ensino Fundamental,Municipal,Presente,Não,698.2259314
2024,3503901,Arujá,35087934,2° ano do Ensino Fundamental,Municipal,Presente,Sim,761.8130055
2024,3538709,Piracicaba,35137858,2° ano do Ensino Fundamental,Municipal,Presente,Sim,821.514298
2024,1502509,Chaves,15027614,2° ano do Ensino Fundamental,Municipal,Presente,Não,721.28
2024,2303709,Caucaia,23030084,2° ano do Ensino Fundamental,Municipal,Presente,Não,708.31
2024,3304557,Rio de Janeiro,33150369,2° ano do Ensino Fundamental,Municipal,Presente,Não,690.4
2024,4104006,Campina Grande do Sul,41098000,2° ano do Ensino Fundamental,Municipal,Presente,Sim,770.68
2024,5214606,Niquelândia,52054325,2° ano do Ensino Fundamental,Municipal,Presente,Sim,779.53
2024,2304400,Fortaleza,23087168,2° ano do Ensino Fundamental,Municipal,Presente,Não,714.28
2024,3147204,Paraguaçu,31101532,2° ano do Ensino Fundamental,Municipal,Presente,Sim,788.94
2024,2303709,Caucaia,23013966,2° ano do Ensino Fundamental,Municipal,Presente,Não,661.93
2024,2704302,Maceió,27017333,2° ano do Ensino Fundamental,Municipal,Presente,Sim,774.62
2024,3117306,Conceição das Alagoas,31182343,2° ano do Ensino Fundamental,Municipal,Presente,Não,732.01
2024,3203205,Linhares,32025827,2° ano do Ensino Fundamental,Municipal,Presente,Não,694.88
2024,4104808,Cascavel,41128584,2° ano do Ensino Fundamental,Municipal,Presente,Sim,775.09
2024,4127700,Toledo,41087540,2° ano do Ensino Fundamental,Municipal,Presente,Sim,750.45
2024,4207908,Irineópolis,42020563,2° ano do Ensino Fundamental,Municipal,Presente,Sim,792.89
2024,2110708,São Domingos do Maranhão,21048142,2° ano do Ensino Fundamental,Municipal,Presente,Sim,797.36
2024,2302404,Boa Viagem,23015731,2° ano do Ensino Fundamental,Municipal,Presente,Sim,751.98
2024,2507507,João Pessoa,25005951,2° ano do Ensino Fundamental,Municipal,Presente,Sim,787.28
2024,2605459,Fernando de Noronha,26044027,2° ano do Ensino Fundamental,Estadual,Presente,Sim,771.85
2024,3127057,Fronteira dos Vales,31149719,2° ano do Ensino Fundamental,Municipal,Presente,Sim,765.55
2024,3151602,Planura,31013768,2° ano do Ensino Fundamental,Municipal,Presente,Não,663.43
2024,4118501,Pato Branco,41136833,2° ano do Ensino Fundamental,Municipal,Presente,Sim,766.55
2024,4121752,Reserva do Iguaçu,41044538,2° ano do Ensino Fundamental,Municipal,Presente,Sim,749.27
2024,1721000,Palmas,17002267,2° ano do Ensino Fundamental,Municipal,Presente,Sim,774.98
2024,2400703,Alto do Rodrigues,24024664,2° ano do Ensino Fundamental,Municipal,Presente,Sim,761.24
2024,2403251,Parnamirim,24016727,2° ano do Ensino Fundamental,Municipal,Presente,Não,647.02
2024,3304904,São Gonçalo,33078843,2° ano do Ensino Fundamental,Municipal,Presente,Sim,752.37
2024,5201108,Anápolis,52013320,2° ano do Ensino Fundamental,Municipal,Presente,Sim,786.04
2024,1100205,Porto Velho,11008773,2° ano do Ensino Fundamental,Municipal,Presente,Não,705.13
2024,2306405,Itapipoca,23066951,2° ano do Ensino Fundamental,Municipal,Presente,Sim,747.69
2024,2501203,Areial,25034551,2° ano do Ensino Fundamental,Municipal,Presente,Não,741.09
2024,2507507,João Pessoa,25004949,2° ano do Ensino Fundamental,Municipal,Presente,Sim,770.55
2024,3106200,Belo Horizonte,31121792,2° ano do Ensino Fundamental,Municipal,Presente,Sim,750.62
2024,3106705,Betim,31018406,2° ano do Ensino Fundamental,Municipal,Presente,Sim,772.31
2024,3304904,São Gonçalo,33078850,2° ano do Ensino Fundamental,Municipal,Presente,Não,683.38
2024,4126256,Sarandi,41034910,2° ano do Ensino Fundamental,Municipal,Presente,Não,731.41
2024,1300904,Canutama,13005182,2° ano do Ensino Fundamental,Estadual,Presente,Sim,780.76
2024,2112233,Trizidela do Vale,21046115,2° ano do Ensino Fundamental,Municipal,Presente,Sim,787.15
2024,2507507,João Pessoa,25003958,2° ano do Ensino Fundamental,Municipal,Presente,Não,692.89
2024,3100906,Águas Formosas,31062288,2° ano do Ensino Fundamental,Estadual,Presente,Não,739.34
2024,3154804,Rio Acima,31040227,2° ano do Ensino Fundamental,Municipal,Presente,Sim,796.03
2024,5006606,Ponta Porã,50035717,2° ano do Ensino Fundamental,Municipal,Presente,Não,740.35
2024,5220207,São Miguel do Araguaia,52059848,2° ano do Ensino Fundamental,Municipal,Presente,Sim,759.11
2024,3106200,Belo Horizonte,31071692,2° ano do Ensino Fundamental,Municipal,Presente,Sim,788.5
2024,5107602,Rondonópolis,51024147,2° ano do Ensino Fundamental,Municipal,Presente,Sim,815.13
2024,2101707,Barreirinhas,21014611,2° ano do Ensino Fundamental,Municipal,Presente,Sim,780.63
2024,3105004,Baldim,31076093,2° ano do Ensino Fundamental,Municipal,Presente,Sim,779.25
2024,4104808,Cascavel,41119932,2° ano do Ensino Fundamental,Municipal,Presente,Sim,753.78
2024,4105805,Colombo,41016016,2° ano do Ensino Fundamental,Municipal,Presente,Sim,798.28
2024,4114104,Mandaguaçu,41020847,2° ano do Ensino Fundamental,Municipal,Presente,Sim,756.77
2024,5106505,Poconé,51042955,2° ano do Ensino Fundamental,Municipal,Presente,Não,700.77
2024,3144102,Muzambinho,31118992,2° ano do Ensino Fundamental,Municipal,Presente,Sim,789.15
2024,3205002,Serra,32001680,2° ano do Ensino Fundamental,Municipal,Presente,Sim,767.18
2024,3205200,Vila Velha,32016923,2° ano do Ensino Fundamental,Municipal,Presente,Sim,762.22
2024,3304755,São Francisco de Itabapoana,33076730,2° ano do Ensino Fundamental,Municipal,Presente,Não,670.59
2024,3305109,São João de Meriti,33086807,2° ano do Ensino Fundamental,Municipal,Presente,Não,677.41
2024,5103403,Cuiabá,51038899,2° ano do Ensino Fundamental,Municipal,Presente,Não,716.26
2024,4106902,Curitiba,41078642,2° ano do Ensino Fundamental,Municipal,Presente,Sim,762.24
2024,5003157,Coronel Sapucaia,50034284,2° ano do Ensino Fundamental,Municipal,Presente,Não,723.84
2024,5102702,Canarana,51003053,2° ano do Ensino Fundamental,Municipal,Presente,Não,707.48
2024,1506807,Santarém,15070047,2° ano do Ensino Fundamental,Municipal,Presente,Não,706.2
2024,4119905,Ponta Grossa,41068919,2° ano do Ensino Fundamental,Municipal,Presente,Não,741.26
2024,3157807,Santa Luzia,31151934,2° ano do Ensino Fundamental,Municipal,Presente,Não,739.58
2024,4104808,Cascavel,41132995,2° ano do Ensino Fundamental,Municipal,Presente,Não,688.23
2024,4126256,Sarandi,41023827,2° ano do Ensino Fundamental,Municipal,Presente,Sim,769.93
2024,5106752,Pontes e Lacerda,51016412,2° ano do Ensino Fundamental,Municipal,Presente,Sim,799.24
2024,1100304,Vilhena,11018240,2° ano do Ensino Fundamental,Municipal,Presente,Sim,752.78
2024,2207801,Paulistana,22028164,2° ano do Ensino Fundamental,Municipal,Presente,Sim,754.07
2024,3106200,Belo Horizonte,31184392,2° ano do Ensino Fundamental,Municipal,Presente,Sim,760.38
2024,3106200,Belo Horizonte,31157712,2° ano do Ensino Fundamental,Municipal,Presente,Sim,743.8
2024,5204706,Campinorte,52053793,2° ano do Ensino Fundamental,Municipal,Presente,Sim,806.34
2024,5300108,Brasília,53007547,2° ano do Ensino Fundamental,Estadual,Presente,Sim,759.53
2024,3106200,Belo Horizonte,31074993,2° ano do Ensino Fundamental,Municipal,Presente,Sim,750.62
2024,3113404,Caratinga,31132657,2° ano do Ensino Fundamental,Municipal,Presente,Sim,786.89
2024,4105904,Colorado,41136257,2° ano do Ensino Fundamental,Municipal,Presente,Não,665.68
2024,5103403,Cuiabá,51041636,2° ano do Ensino Fundamental,Municipal,Presente,Sim,766.28
2024,1600303,Macapá,16005294,2° ano do Ensino Fundamental,Municipal,Presente,Sim,789.09
2024,2108504,Pindaré-Mirim,21018761,2° ano do Ensino Fundamental,Municipal,Presente,Não,634.75
2024,3301009,Campos dos Goytacazes,33016478,2° ano do Ensino Fundamental,Municipal,Presente,Não,733.17
2024,3301702,Duque de Caxias,33026799,2° ano do Ensino Fundamental,Municipal,Presente,Não,629.15
2024,4104303,Campo Mourão,41026652,2° ano do Ensino Fundamental,Municipal,Presente,Sim,772.01
2024,4104303,Campo Mourão,41132442,2° ano do Ensino Fundamental,Municipal,Presente,Sim,747.87
2024,4126256,Sarandi,41049879,2° ano do Ensino Fundamental,Municipal,Presente,Sim,748.22
2024,2501104,Areia,25018094,2° ano do Ensino Fundamental,Municipal,Presente,Não,673.34
2024,3202652,Irupi,32041823,2° ano do Ensino Fundamental,Municipal,Presente,Sim,765.13
2024,4105409,Chopinzinho,41101331,2° ano do Ensino Fundamental,Municipal,Presente,Não,678.82
2024,1100155,Ouro Preto do Oeste,11021557,2° ano do Ensino Fundamental,Municipal,Presente,Sim,804.44
2024,3301702,Duque de Caxias,33026944,2° ano do Ensino Fundamental,Municipal,Presente,Não,728.8
2024,5201405,Aparecida de Goiânia,52019523,2° ano do Ensino Fundamental,Municipal,Presente,Sim,770.2
2024,5222005,Vianópolis,52053610,2° ano do Ensino Fundamental,Municipal,Presente,Sim,775.19
2024,2301208,Aracoiaba,23047193,2° ano do Ensino Fundamental,Municipal,Presente,Sim,817.98
2024,2700300,Arapiraca,27004051,2° ano do Ensino Fundamental,Municipal,Presente,Sim,774.59
2024,3201308,Cariacica,32017113,2° ano do Ensino Fundamental,Municipal,Presente,Não,736.69
2024,4101507,Arapongas,41059601,2° ano do Ensino Fundamental,Municipal,Presente,Sim,743.74
2024,1501402,Belém,15089253,2° ano do Ensino Fundamental,Estadual,Presente,Sim,761.34
2024,5107008,Poxoréo,51018119,2° ano do Ensino Fundamental,Municipal,Presente,Não,647.46
2024,5201603,Araçu,52074011,2° ano do Ensino Fundamental,Municipal,Presente,Sim,772.45
2024,2611606,Recife,26050068,2° ano do Ensino Fundamental,Municipal,Presente,Sim,777.59
2024,4105805,Colombo,41115100,2° ano do Ensino Fundamental,Municipal,Presente,Sim,803.4
2024,4121505,Rebouças,41135211,2° ano do Ensino Fundamental,Municipal,Presente,Sim,752.12
2024,5108600,Vila Rica,51047866,2° ano do Ensino Fundamental,Municipal,Presente,Sim,756.33
2024,1600303,Macapá,16005409,2° ano do Ensino Fundamental,Municipal,Presente,Não,617.87
2024,2804805,Nossa Senhora do Socorro,28011450,2° ano do Ensino Fundamental,Municipal,Presente,Sim,768.32
2024,3143906,Muriaé,31156301,2° ano do Ensino Fundamental,Municipal,Presente,Sim,813.06
2024,3144300,Nanuque,31189103,2° ano do Ensino Fundamental,Municipal,Presente,Não,670.18
2024,3301702,Duque de Caxias,33025163,2° ano do Ensino Fundamental,Municipal,Presente,Não,694.92
2024,4127882,Tunas do Paraná,41064579,2° ano do Ensino Fundamental,Municipal,Presente,Sim,750.51
2024,5300108,Brasília,53011345,2° ano do Ensino Fundamental,Estadual,Presente,Sim,754.34
2024,3205002,Serra,32000033,2° ano do Ensino Fundamental,Estadual,Presente,Não,740.21
2024,5211909,Jataí,52041091,2° ano do Ensino Fundamental,Municipal,Presente,Não,725.04
2024,2607604,Ilha de Itamaracá,26027969,2° ano do Ensino Fundamental,Municipal,Presente,Não,693.06
2024,3204203,Piúma,32012318,2° ano do Ensino Fundamental,Municipal,Presente,Não,717.07
2024,4124301,Santo Antônio do Paraíso,41041612,2° ano do Ensino Fundamental,Municipal,Presente,Sim,808.72
2024,3300936,Carapebus,33071300,2° ano do Ensino Fundamental,Municipal,Presente,Sim,746.19
2024,1502152,Canaã dos Carajás,15023224,2° ano do Ensino Fundamental,Municipal,Presente,Sim,760.22
2024,3106200,Belo Horizonte,31076787,2° ano do Ensino Fundamental,Estadual,Presente,Sim,767.21
2024,3106200,Belo Horizonte,31052253,2° ano do Ensino Fundamental,Municipal,Presente,Não,739.51
2024,3205002,Serra,32002523,2° ano do Ensino Fundamental,Municipal,Presente,Não,683.45
2024,3301009,Campos dos Goytacazes,33020194,2° ano do Ensino Fundamental,Municipal,Presente,Sim,751.52
2024,5220009,São João d'Aliança,52075581,2° ano do Ensino Fundamental,Municipal,Presente,Sim,773.73
2024,2802908,Itabaiana,28002900,2° ano do Ensino Fundamental,Municipal,Presente,Não,671.85
2024,3143906,Muriaé,31181474,2° ano do Ensino Fundamental,Municipal,Presente,Sim,825.76
2024,3143302,Montes Claros,31176423,2° ano do Ensino Fundamental,Municipal,Presente,Sim,766.81
2024,3302403,Macaé,33041679,2° ano do Ensino Fundamental,Municipal,Presente,Sim,804.13
2024,4105706,Clevelândia,41056185,2° ano do Ensino Fundamental,Municipal,Presente,Sim,781.03
2024,1500206,Acará,15001737,2° ano do Ensino Fundamental,Municipal,Presente,Não,742.7
2024,2112506,Tutóia,21062364,2° ano do Ensino Fundamental,Municipal,Presente,Não,650.31
2024,2800308,Aracaju,28018221,2° ano do Ensino Fundamental,Estadual,Presente,Sim,789.29
2024,3110004,Caeté,31170075,2° ano do Ensino Fundamental,Municipal,Presente,Sim,875.86
2024,3205309,Vitória,32009244,2° ano do Ensino Fundamental,Municipal,Presente,Sim,768.86
2024,1502509,Chaves,15027600,2° ano do Ensino Fundamental,Municipal,Presente,Não,702.66
2024,2207900,Pedro II,22005971,2° ano do Ensino Fundamental,Municipal,Presente,Não,686.02
2024,3303906,Petrópolis,33068863,2° ano do Ensino Fundamental,Municipal,Presente,Sim,785.88
2024,5200100,Abadiânia,52009507,2° ano do Ensino Fundamental,Municipal,Presente,Sim,794.69
2024,2605459,Fernando de Noronha,26044001,2° ano do Ensino Fundamental,Estadual,Presente,Sim,771.36
2024,4121406,Realeza,41004920,2° ano do Ensino Fundamental,Municipal,Presente,Sim,745.69
2024,5206206,Cristalina,52029059,2° ano do Ensino Fundamental,Municipal,Presente,Sim,818.77
2024,1502509,Chaves,15027607,2° ano do Ensino Fundamental,Municipal,Presente,Sim,793.56
2024,1502939,Dom Eliseu,15030792,2° ano do Ensino Fundamental,Municipal,Presente,Sim,763.18
2024,2311801,Russas,23001438,2° ano do Ensino Fundamental,Municipal,Presente,Sim,843.56
2024,2611606,Recife,26050061,2° ano do Ensino Fundamental,Municipal,Presente,Sim,752.25
2024,3106705,Betim,31179571,2° ano do Ensino Fundamental,Municipal,Presente,Não,653.85
2024,3157807,Santa Luzia,31077902,2° ano do Ensino Fundamental,Municipal,Presente,Sim,789.4
2024,3205002,Serra,32002196,2° ano do Ensino Fundamental,Municipal,Presente,Sim,780.57
2024,5300108,Brasília,53003709,2° ano do Ensino Fundamental,Estadual,Presente,Não,739.69
2024,2512507,Queimadas,25012820,2° ano do Ensino Fundamental,Municipal,Presente,Sim,802.31
2024,2613909,Serra Talhada,26058606,2° ano do Ensino Fundamental,Municipal,Presente,Sim,767.87
2024,1501402,Belém,15090039,2° ano do Ensino Fundamental,Estadual,Presente,Sim,764.0
2024,1503606,Itaituba,15035530,2° ano do Ensino Fundamental,Municipal,Presente,Sim,768.37
2024,1503606,Itaituba,15036271,2° ano do Ensino Fundamental,Municipal,Presente,Sim,773.87
2024,1506807,Santarém,15070054,2° ano do Ensino Fundamental,Municipal,Presente,Sim,762.33
2024,2112506,Tutóia,21062371,2° ano do Ensino Fundamental,Municipal,Presente,Sim,762.82
2024,3132404,Itajubá,31002190,2° ano do Ensino Fundamental,Municipal,Presente,Sim,809.95
2024,3157807,Santa Luzia,31062660,2° ano do Ensino Fundamental,Municipal,Presente,Sim,767.35
2024,3205101,Viana,32022636,2° ano do Ensino Fundamental,Municipal,Presente,Sim,768.97
2024,3302403,Macaé,33040104,2° ano do Ensino Fundamental,Municipal,Presente,Sim,748.47
2024,4126603,Siqueira Campos,41005153,2° ano do Ensino Fundamental,Municipal,Presente,Sim,774.35
2024,5106224,Nova Mutum,51009698,2° ano do Ensino Fundamental,Municipal,Presente,Não,734.42
2024,5107602,Rondonópolis,51021904,2° ano do Ensino Fundamental,Municipal,Presente,Sim,749.12
2024,1200302,Feijó,12003028,2° ano do Ensino Fundamental,Municipal,Presente,Não,742.31
2024,5006606,Ponta Porã,50036368,2° ano do Ensino Fundamental,Municipal,Presente,Sim,797.92
2024,2611606,Recife,26046873,2° ano do Ensino Fundamental,Municipal,Presente,Sim,750.58
2024,4100608,Alto Paraná,41062503,2° ano do Ensino Fundamental,Municipal,Presente,Sim,831.62
2024,2100204,Alcântara,21000072,2° ano do Ensino Fundamental,Municipal,Presente,Sim,762.27
2024,5102637,Campo Novo do Parecis,51033031,2° ano do Ensino Fundamental,Municipal,Presente,Sim,752.21
2024,1100205,Porto Velho,11003824,2° ano do Ensino Fundamental,Municipal,Presente,Sim,752.06
2024,1703800,Buriti do Tocantins,17014561,2° ano do Ensino Fundamental,Municipal,Presente,Não,688.86
2024,2207801,Paulistana,22032437,2° ano do Ensino Fundamental,Municipal,Presente,Não,659.93
2024,3113404,Caratinga,31057899,2° ano do Ensino Fundamental,Municipal,Presente,Sim,846.25
2024,3304557,Rio de Janeiro,33118610,2° ano do Ensino Fundamental,Municipal,Presente,Sim,759.02
2024,5003157,Coronel Sapucaia,50034277,2° ano do Ensino Fundamental,Municipal,Presente,Não,724.19
2024,3143302,Montes Claros,31175672,2° ano do Ensino Fundamental,Estadual,Presente,Não,707.48
2024,3200409,Anchieta,32010472,2° ano do Ensino Fundamental,Municipal,Presente,Sim,758.71
2024,1501402,Belém,15090018,2° ano do Ensino Fundamental,Estadual,Presente,Sim,749.85
2024,1600600,Santana,16008827,2° ano do Ensino Fundamental,Municipal,Presente,Não,674.55
2024,3205002,Serra,32001365,2° ano do Ensino Fundamental,Municipal,Presente,Sim,762.45
2024,5101258,Araputanga,51004543,2° ano do Ensino Fundamental,Municipal,Presente,Não,724.96
2024,3118601,Contagem,31089682,2° ano do Ensino Fundamental,Estadual,Presente,Sim,761.47
2024,3131307,Ipatinga,31147415,2° ano do Ensino Fundamental,Municipal,Presente,Não,694.6
2024,3162708,São João do Paraíso,31165875,2° ano do Ensino Fundamental,Municipal,Presente,Sim,766.69
2024,5006606,Ponta Porã,50035710,2° ano do Ensino Fundamental,Municipal,Presente,Sim,750.68
2024,2111201,São José de Ribamar,21003421,2° ano do Ensino Fundamental,Municipal,Presente,Sim,743.08
2024,2207801,Paulistana,22028177,2° ano do Ensino Fundamental,Municipal,Presente,Não,664.77
2024,2611606,Recife,26046463,2° ano do Ensino Fundamental,Municipal,Presente,Sim,781.67
2024,3143302,Montes Claros,31169382,2° ano do Ensino Fundamental,Municipal,Presente,Não,691.29
2024,3155603,Rio Pardo de Minas,31008108,2° ano do Ensino Fundamental,Municipal,Presente,Sim,745.3
2024,3303500,Nova Iguaçu,33060058,2° ano do Ensino Fundamental,Municipal,Presente,Não,688.53
2024,4127601,Tijucas do Sul,41103602,2° ano do Ensino Fundamental,Municipal,Presente,Sim,751.26
2024,4127882,Tunas do Paraná,41124557,2° ano do Ensino Fundamental,Municipal,Presente,Sim,776.85
2024,5215231,Novo Gama,52064732,2° ano do Ensino Fundamental,Municipal,Presente,Sim,772.13
2024,2111300,São Luís,21011124,2° ano do Ensino Fundamental,Municipal,Presente,Sim,746.11
2024,2313302,Tauá,23030497,2° ano do Ensino Fundamental,Municipal,Presente,Sim,804.2
2024,3111101,Campina Verde,31018340,2° ano do Ensino Fundamental,Municipal,Presente,Sim,763.8
2024,4101507,Arapongas,41040330,2° ano do Ensino Fundamental,Municipal,Presente,Sim,773.23
2024,2607901,Jaboatão dos Guararapes,26041787,2° ano do Ensino Fundamental,Municipal,Presente,Não,726.47
2024,4104808,Cascavel,41132834,2° ano do Ensino Fundamental,Municipal,Presente,Sim,824.9
2024,4106902,Curitiba,41053234,2° ano do Ensino Fundamental,Municipal,Presente,Não,707.73
2024,5107602,Rondonópolis,51021651,2° ano do Ensino Fundamental,Municipal,Presente,Sim,794.53
2024,1100205,Porto Velho,11021329,2° ano do Ensino Fundamental,Municipal,Presente,Sim,773.44
2024,2112506,Tutóia,21062378,2° ano do Ensino Fundamental,Municipal,Presente,Não,733.41
2024,3304557,Rio de Janeiro,33118539,2° ano do Ensino Fundamental,Municipal,Presente,Não,733.97
2024,4212650,Pescaria Brava,42096389,2° ano do Ensino Fundamental,Municipal,Presente,Sim,821.09
2024,5220009,São João d'Aliança,52075583,2° ano do Ensino Fundamental,Municipal,Presente,Sim,759.86
2024,3205200,Vila Velha,32016031,2° ano do Ensino Fundamental,Municipal,Presente,Sim,751.06
2024,3305109,São João de Meriti,33086821,2° ano do Ensino Fundamental,Municipal,Presente,Não,728.63
2024,4212650,Pescaria Brava,42058209,2° ano do Ensino Fundamental,Municipal,Presente,Sim,781.1
2024,5219753,Santo Antônio do Descoberto,52071766,2° ano do Ensino Fundamental,Municipal,Presente,Sim,761.87
2024,3543006,Ribeirão Branco,35008243,2° ano do Ensino Fundamental,Municipal,Presente,Sim,773.5256568
2024,3539806,Poá,35283886,2° ano do Ensino Fundamental,Municipal,Presente,Sim,766.7537873
2024,4302105,Bento Gonçalves,43006964,2° ano do Ensino Fundamental,Municipal,Presente,Sim,796.1443977
2024,3509502,Campinas,35039613,2° ano do Ensino Fundamental,Municipal,Presente,Não,722.0210925
2024,3549805,São José do Rio Preto,35184765,2° ano do Ensino Fundamental,Municipal,Presente,Sim,781.8094351
2024,3550308,São Paulo,35437549,2° ano do Ensino Fundamental,Estadual,Presente,Não,736.7911839
2024,3550308,São Paulo,35400633,2° ano do Ensino Fundamental,Estadual,Presente,Sim,756.8883779
2024,3538709,Piracicaba,35136866,2° ano do Ensino Fundamental,Municipal,Presente,Sim,806.3990448
2024,3556503,Várzea Paulista,35104124,2° ano do Ensino Fundamental,Municipal,Presente,Sim,806.3990448
2024,4322608,Venâncio Aires,43101331,2° ano do Ensino Fundamental,Estadual,Presente,Não,737.0832507
2024,4307450,Esperança do Sul,43097812,2° ano do Ensino Fundamental,Municipal,Presente,Sim,780.3820716
2024,3530300,Mirassol,35098244,2° ano do Ensino Fundamental,Municipal,Presente,Sim,806.3990448
2024,3505609,Barrinha,35203606,2° ano do Ensino Fundamental,Municipal,Presente,Não,678.1851886
2024,3541406,Presidente Prudente,35149502,2° ano do Ensino Fundamental,Municipal,Presente,Sim,746.7483899
2024,4314100,Passo Fundo,43054693,2° ano do Ensino Fundamental,Municipal,Presente,Sim,773.1456867
2024,3556701,Vinhedo,35049218,2° ano do Ensino Fundamental,Municipal,Presente,Sim,786.1511403
2024,3550308,São Paulo,35348505,2° ano do Ensino Fundamental,Municipal,Presente,Não,715.9081269
2024,3556453,Vargem Grande Paulista,35195875,2° ano do Ensino Fundamental,Municipal,Presente,Não,740.3648964
2024,4321600,Tramandaí,43096599,2° ano do Ensino Fundamental,Municipal,Presente,Sim,805.5091194
2024,3537602,Peruíbe,35199302,2° ano do Ensino Fundamental,Municipal,Presente,Não,673.579449
2024,3520004,Igaraçu do Tietê,35095160,2° ano do Ensino Fundamental,Municipal,Presente,Sim,821.514298
2024,3531308,Monte Alto,35086806,2° ano do Ensino Fundamental,Municipal,Presente,Não,728.0430338
2024,4316907,Santa Maria,43076106,2° ano do Ensino Fundamental,Estadual,Presente,Sim,745.2569811
2024,3523107,Itaquaquecetuba,35284180,2° ano do Ensino Fundamental,Municipal,Presente,Sim,752.9954458
2024,3540606,Porto Feliz,35082961,2° ano do Ensino Fundamental,Municipal,Presente,Não,742.4145576
2024,4314902,Porto Alegre,43068915,2° ano do Ensino Fundamental,Municipal,Presente,Não,624.4067838
2024,4304606,Canoas,43106252,2° ano do Ensino Fundamental,Municipal,Presente,Não,726.088631
2024,3522307,Itapetininga,35072334,2° ano do Ensino Fundamental,Municipal,Presente,Sim,778.2353432
2024,4321600,Tramandaí,43096592,2° ano do Ensino Fundamental,Municipal,Presente,Não,705.1220411
2024,3507605,Bragança Paulista,35036043,2° ano do Ensino Fundamental,Municipal,Presente,Não,686.1453962
2024,3505708,Barueri,35237110,2° ano do Ensino Fundamental,Municipal,Presente,Não,702.4397667
2024,4321105,Tapes,43094270,2° ano do Ensino Fundamental,Estadual,Presente,Não,735.0345972
2024,3556701,Vinhedo,35049197,2° ano do Ensino Fundamental,Municipal,Presente,Sim,806.3990448
2024,3530607,Mogi das Cruzes,35296488,2° ano do Ensino Fundamental,Municipal,Presente,Não,728.3417765
2024,3545803,Santa Bárbara d'Oeste,35005084,2° ano do Ensino Fundamental,Municipal,Presente,Sim,786.1511403
2024,4314100,Passo Fundo,43055805,2° ano do Ensino Fundamental,Municipal,Presente,Sim,746.1791912
2024,3509205,Cajamar,35240577,2° ano do Ensino Fundamental,Municipal,Presente,Não,713.0059389
2024,4315354,Quinze de Novembro,43028850,2° ano do Ensino Fundamental,Municipal,Presente,Sim,779.7064894
2024,3520509,Indaiatuba,35051951,2° ano do Ensino Fundamental,Municipal,Presente,Não,692.5722953
2024,3520509,Indaiatuba,35051958,2° ano do Ensino Fundamental,Municipal,Presente,Sim,781.5392356
2024,3523107,Itaquaquecetuba,35288629,2° ano do Ensino Fundamental,Municipal,Presente,Sim,761.8130055
2024,3518800,Guarulhos,35267576,2° ano do Ensino Fundamental,Municipal,Presente,Sim,755.4936716
2024,3518800,Guarulhos,35267597,2° ano do Ensino Fundamental,Municipal,Presente,Não,715.0615621
2024,3504503,Avaré,35017765,2° ano do Ensino Fundamental,Municipal,Presente,Não,724.9573474
2024,3504503,Avaré,35017772,2° ano do Ensino Fundamental,Municipal,Presente,Sim,821.514298
2024,3548807,São Caetano do Sul,35315572,2° ano do Ensino Fundamental,Municipal,Presente,Não,730.4943391
2024,3552205,Sorocaba,35208274,2° ano do Ensino Fundamental,Municipal,Presente,Não,725.0962479
2024,4321501,Torres,43094780,2° ano do Ensino Fundamental,Municipal,Presente,Não,731.4752631
2024,4313409,Novo Hamburgo,43048610,2° ano do Ensino Fundamental,Municipal,Presente,Não,739.1740683
2024,3550308,São Paulo,35390561,2° ano do Ensino Fundamental,Estadual,Presente,Sim,770.7004369
2024,4320008,Sapucaia do Sul,43092162,2° ano do Ensino Fundamental,Municipal,Presente,Sim,763.1785518
2024,3529906,Miracatu,35121345,2° ano do Ensino Fundamental,Municipal,Presente,Não,742.3449452
2024,3506003,Bauru,35022919,2° ano do Ensino Fundamental,Estadual,Presente,Sim,781.8094351
2024,3525201,Jarinu,35102887,2° ano do Ensino Fundamental,Municipal,Presente,Sim,786.1511403
2024,3549102,São João da Boa Vista,35176212,2° ano do Ensino Fundamental,Municipal,Presente,Sim,806.3990448
2024,3513504,Cubatão,35162800,2° ano do Ensino Fundamental,Municipal,Presente,Sim,786.1511403
2024,3520400,Ilhabela,35056523,2° ano do Ensino Fundamental,Municipal,Presente,Não,737.3086275
2024,3522703,Itápolis,35222019,2° ano do Ensino Fundamental,Estadual,Presente,Sim,806.3990448
2024,3550308,São Paulo,35390568,2° ano do Ensino Fundamental,Estadual,Presente,Sim,806.3990448
2024,3543402,Ribeirão Preto,35158606,2° ano do Ensino Fundamental,Estadual,Presente,Sim,821.514298
2024,3523909,Itu,35082445,2° ano do Ensino Fundamental,Municipal,Presente,Sim,806.3990448
2024,3524105,Ituverava,35178420,2° ano do Ensino Fundamental,Municipal,Presente,Não,735.1306402
2024,4306106,Cruz Alta,43023304,2° ano do Ensino Fundamental,Estadual,Presente,Sim,778.195309
2024,3516408,Franco da Rocha,35245530,2° ano do Ensino Fundamental,Municipal,Presente,Não,718.7054061
2024,3534401,Osasco,35301659,2° ano do Ensino Fundamental,Municipal,Presente,Não,660.8221781
2024,3527306,Louveira,35103540,2° ano do Ensino Fundamental,Municipal,Presente,Sim,786.1511403
2024,3517505,Guapiaçu,35180761,2° ano do Ensino Fundamental,Municipal,Presente,Sim,771.6064137
2024,3515186,Espírito Santo do Pinhal,35175638,2° ano do Ensino Fundamental,Estadual,Presente,Sim,821.514298
2024,3515186,Espírito Santo do Pinhal,35175645,2° ano do Ensino Fundamental,Estadual,Presente,Sim,806.3990448
2024,3539806,Poá,35283708,2° ano do Ensino Fundamental,Municipal,Presente,Não,717.6627203
2024,4321204,Taquara,43053718,2° ano do Ensino Fundamental,Estadual,Presente,Não,722.7052112
2024,3513504,Cubatão,35162950,2° ano do Ensino Fundamental,Municipal,Presente,Sim,756.9987606
2024,3553708,Taquaritinga,35222698,2° ano do Ensino Fundamental,Municipal,Presente,Sim,773.5256568
2024,3505807,Bastos,35227116,2° ano do Ensino Fundamental,Municipal,Presente,Não,654.3952339
2024,3507506,Botucatu,35029888,2° ano do Ensino Fundamental,Municipal,Presente,Não,742.8364146
2024,3548708,São Bernardo do Campo,35322896,2° ano do Ensino Fundamental,Municipal,Presente,Não,652.0933453
2024,3547809,Santo André,35313602,2° ano do Ensino Fundamental,Municipal,Presente,Não,701.979132
2024,3531100,Mongaguá,35198345,2° ano do Ensino Fundamental,Municipal,Presente,Sim,766.7537873
2024,3545209,Salto,35083614,2° ano do Ensino Fundamental,Municipal,Presente,Não,733.9536613
2024,3531803,Monte Mor,35053592,2° ano do Ensino Fundamental,Municipal,Presente,Não,701.7923177
2024,3518800,Guarulhos,35269419,2° ano do Ensino Fundamental,Municipal,Presente,Não,683.472617
2024,3518800,Guarulhos,35270424,2° ano do Ensino Fundamental,Municipal,Presente,Não,657.3827976
2024,3531803,Monte Mor,35054301,2° ano do Ensino Fundamental,Municipal,Presente,Sim,748.0515104
2024,3538709,Piracicaba,35137179,2° ano do Ensino Fundamental,Municipal,Presente,Sim,778.2353432
2024,3504107,Atibaia,35033377,2° ano do Ensino Fundamental,Municipal,Presente,Sim,821.514298
2024,3523909,Itu,35081762,2° ano do Ensino Fundamental,Municipal,Presente,Sim,773.5256568
2024,1100122,Ji-Paraná,11021490,2° ano do Ensino Fundamental,Estadual,Presente,Sim,762.49
2024,1100205,Porto Velho,11011710,2° ano do Ensino Fundamental,Municipal,Presente,Sim,764.98
2024,3109709,Cachoeira de Minas,31171202,2° ano do Ensino Fundamental,Municipal,Presente,Sim,814.75
2024,3304557,Rio de Janeiro,33126383,2° ano do Ensino Fundamental,Municipal,Presente,Não,661.36
2024,4108403,Francisco Beltrão,41061619,2° ano do Ensino Fundamental,Municipal,Presente,Sim,796.24
2024,5005707,Naviraí,50028961,2° ano do Ensino Fundamental,Municipal,Presente,Não,654.5
2024,1502103,Cametá,15022235,2° ano do Ensino Fundamental,Municipal,Presente,Sim,752.58
2024,2101608,Barra do Corda,21049609,2° ano do Ensino Fundamental,Municipal,Presente,Sim,763.53
2024,3205069,Venda Nova do Imigrante,32044482,2° ano do Ensino Fundamental,Municipal,Presente,Não,735.43
2024,4108403,Francisco Beltrão,41023173,2° ano do Ensino Fundamental,Municipal,Presente,Não,688.77
2024,5218805,Rio Verde,52074937,2° ano do Ensino Fundamental,Municipal,Presente,Sim,780.09
2024,1708254,Fortaleza do Tabocão,17004147,2° ano do Ensino Fundamental,Municipal,Presente,Sim,747.81
2024,1720200,São Miguel do Tocantins,17015049,2° ano do Ensino Fundamental,Municipal,Presente,Não,737.95
2024,2109452,Raposa,21066454,2° ano do Ensino Fundamental,Municipal,Presente,Sim,782.49
2024,2600054,Abreu e Lima,26026365,2° ano do Ensino Fundamental,Municipal,Presente,Sim,794.96
2024,2700102,Água Branca,27001578,2° ano do Ensino Fundamental,Municipal,Presente,Não,687.43
2024,2807402,Tobias Barreto,28014983,2° ano do Ensino Fundamental,Municipal,Presente,Não,719.66
2024,3552205,Sorocaba,35207724,2° ano do Ensino Fundamental,Estadual,Presente,Sim,806.3990448
2024,3503208,Araraquara,35011462,2° ano do Ensino Fundamental,Municipal,Presente,Não,698.8774205
2024,3545803,Santa Bárbara d'Oeste,35004340,2° ano do Ensino Fundamental,Municipal,Presente,Sim,821.514298
2024,3104007,Araxá,31022618,2° ano do Ensino Fundamental,Municipal,Presente,Sim,766.81
2024,3203403,Mimoso do Sul,32039594,2° ano do Ensino Fundamental,Municipal,Presente,Sim,783.21
2024,3550209,São Miguel Arcanjo,35073608,2° ano do Ensino Fundamental,Municipal,Presente,Sim,821.514298
2024,3550308,São Paulo,35385885,2° ano do Ensino Fundamental,Estadual,Presente,Não,716.6566553
2024,4105805,Colombo,41058808,2° ano do Ensino Fundamental,Municipal,Presente,Sim,746.86
2024,4115804,Medianeira,41028362,2° ano do Ensino Fundamental,Municipal,Presente,Sim,794.01
2024,5214507,Nerópolis,52072729,2° ano do Ensino Fundamental,Municipal,Presente,Sim,762.02
2024,3304557,Rio de Janeiro,33142049,2° ano do Ensino Fundamental,Municipal,Presente,Sim,747.52
2024,3516408,Franco da Rocha,35244557,2° ano do Ensino Fundamental,Municipal,Presente,Sim,767.4745456
2024,4100400,Almirante Tamandaré,41118523,2° ano do Ensino Fundamental,Municipal,Presente,Não,699.8
2024,4317202,Santa Rosa,43079586,2° ano do Ensino Fundamental,Municipal,Presente,Sim,744.6474748
2024,5300108,Brasília,53004835,2° ano do Ensino Fundamental,Estadual,Presente,Sim,759.64
2024,2611606,Recife,26049087,2° ano do Ensino Fundamental,Municipal,Presente,Não,698.03
2024,2704302,Maceió,27013010,2° ano do Ensino Fundamental,Municipal,Presente,Não,723.88
2024,4100400,Almirante Tamandaré,41086300,2° ano do Ensino Fundamental,Municipal,Presente,Não,734.92
2024,1100502,Novo Horizonte do Oeste,11022037,2° ano do Ensino Fundamental,Municipal,Presente,Não,686.37
2024,1503101,Gurupá,15032784,2° ano do Ensino Fundamental,Municipal,Presente,Sim,789.1
2024,4104428,Candói,41102572,2° ano do Ensino Fundamental,Municipal,Presente,Sim,751.6
2024,4114609,Marechal Cândido Rondon,41098076,2° ano do Ensino Fundamental,Municipal,Presente,Sim,757.41
2024,4115200,Maringá,41135972,2° ano do Ensino Fundamental,Municipal,Presente,Não,710.71
2024,5102504,Cáceres,51005311,2° ano do Ensino Fundamental,Municipal,Presente,Não,719.37
2024,1300680,Boa Vista do Ramos,13004011,2° ano do Ensino Fundamental,Municipal,Presente,Não,697.87
2024,2515302,Sapé,25017220,2° ano do Ensino Fundamental,Municipal,Presente,Não,633.47
2024,3133758,Itaú de Minas,31158158,2° ano do Ensino Fundamental,Municipal,Presente,Não,683.48
2024,3541000,Praia Grande,35146506,2° ano do Ensino Fundamental,Municipal,Presente,Sim,752.5449151
2024,1304005,Silves,13023451,2° ano do Ensino Fundamental,Municipal,Presente,Não,705.6
2024,2105302,Imperatriz,21028323,2° ano do Ensino Fundamental,Municipal,Presente,Não,703.76
2024,2111508,São Mateus do Maranhão,21042577,2° ano do Ensino Fundamental,Municipal,Presente,Sim,766.75
2024,2112209,Timon,21063863,2° ano do Ensino Fundamental,Municipal,Presente,Sim,767.25
2024,2507309,Jacaraú,25034152,2° ano do Ensino Fundamental,Municipal,Presente,Sim,822.71
2024,2603454,Camaragibe,26035515,2° ano do Ensino Fundamental,Municipal,Presente,Não,654.07
2024,3201506,Colatina,32046574,2° ano do Ensino Fundamental,Municipal,Presente,Não,706.22
2024,4125456,São José das Palmeiras,41000890,2° ano do Ensino Fundamental,Municipal,Presente,Sim,775.31
2024,2600054,Abreu e Lima,26026372,2° ano do Ensino Fundamental,Municipal,Presente,Sim,748.77
2024,2611606,Recife,26052296,2° ano do Ensino Fundamental,Municipal,Presente,Não,709.15
2024,3201506,Colatina,32034722,2° ano do Ensino Fundamental,Municipal,Presente,Não,715.27
2024,3205036,Vargem Alta,32040268,2° ano do Ensino Fundamental,Municipal,Presente,Sim,786.04
2024,3302452,Macuco,33021450,2° ano do Ensino Fundamental,Municipal,Presente,Sim,749.06
2024,3121407,Desterro de Entre Rios,31093758,2° ano do Ensino Fundamental,Municipal,Presente,Sim,833.56
2024,3170206,Uberlândia,31115877,2° ano do Ensino Fundamental,Municipal,Presente,Não,618.44
2024,3538709,Piracicaba,35134643,2° ano do Ensino Fundamental,Estadual,Presente,Não,738.4683507
2024,2201150,Baixa Grande do Ribeiro,22021640,2° ano do Ensino Fundamental,Municipal,Presente,Não,662.38
2024,2302206,Beberibe,23069648,2° ano do Ensino Fundamental,Municipal,Presente,Sim,829.8
2024,2513158,Santa Cecília,25012977,2° ano do Ensino Fundamental,Municipal,Presente,Não,656.87
2024,2600054,Abreu e Lima,26025924,2° ano do Ensino Fundamental,Municipal,Presente,Sim,760.06
2024,3149804,Perdizes,31183556,2° ano do Ensino Fundamental,Municipal,Presente,Sim,751.54
2024,3511607,Cesário Lange,35030719,2° ano do Ensino Fundamental,Municipal,Presente,Sim,766.7537873
2024,3538204,Pinhalzinho,35036882,2° ano do Ensino Fundamental,Municipal,Presente,Sim,781.5392356
2024,4124103,Santo Antônio da Platina,41122779,2° ano do Ensino Fundamental,Municipal,Presente,Não,722.33
2024,1301209,Coari,13007108,2° ano do Ensino Fundamental,Municipal,Presente,Não,722.63
2024,3203056,Jaguaré,32028309,2° ano do Ensino Fundamental,Municipal,Presente,Sim,780.52
2024,3205002,Serra,32044629,2° ano do Ensino Fundamental,Estadual,Presente,Sim,781.15
2024,4308433,Forquetinha,43044149,2° ano do Ensino Fundamental,Municipal,Presente,Sim,766.6571057
2024,5203500,Bom Jesus de Goiás,52039023,2° ano do Ensino Fundamental,Municipal,Presente,Sim,773.99
2024,1302603,Manaus,13039303,2° ano do Ensino Fundamental,Municipal,Presente,Não,722.25
2024,2613008,São Bento do Una,26012961,2° ano do Ensino Fundamental,Municipal,Presente,Sim,757.06
2024,3525003,Jandira,35277980,2° ano do Ensino Fundamental,Municipal,Presente,Sim,806.3990448
2024,4313409,Novo Hamburgo,43049994,2° ano do Ensino Fundamental,Municipal,Presente,Sim,795.6025223
2024,2602803,Buíque,26064038,2° ano do Ensino Fundamental,Municipal,Presente,Não,712.62
2024,3170206,Uberlândia,31173464,2° ano do Ensino Fundamental,Municipal,Presente,Não,742.94
2024,3503901,Arujá,35088412,2° ano do Ensino Fundamental,Municipal,Presente,Não,691.9230852
2024,3551009,São Vicente,35201563,2° ano do Ensino Fundamental,Municipal,Presente,Não,685.1504645
2024,5103304,Comodoro,51015374,2° ano do Ensino Fundamental,Municipal,Presente,Não,703.53
2024,3164605,São Sebastião do Oeste,31170784,2° ano do Ensino Fundamental,Municipal,Presente,Sim,810.39
2024,3511607,Cesário Lange,35030712,2° ano do Ensino Fundamental,Municipal,Presente,Sim,821.514298
2024,2108603,Pinheiro,21035879,2° ano do Ensino Fundamental,Municipal,Presente,Sim,756.39
2024,2211209,Uruçuí,22022281,2° ano do Ensino Fundamental,Municipal,Presente,Não,706.63
2024,3108602,Brasília de Minas,31142978,2° ano do Ensino Fundamental,Municipal,Presente,Sim,763.24
2024,3118304,Conselheiro Lafaiete,31058622,2° ano do Ensino Fundamental,Municipal,Presente,Sim,767.1
2024,4115200,Maringá,41090117,2° ano do Ensino Fundamental,Estadual,Presente,Não,726.27
2024,5209903,Iaciara,52048150,2° ano do Ensino Fundamental,Municipal,Presente,Não,705.92
2024,2702009,Coité do Nóia,27007286,2° ano do Ensino Fundamental,Municipal,Presente,Não,721.23
2024,3301009,Campos dos Goytacazes,33018812,2° ano do Ensino Fundamental,Municipal,Presente,Não,687.67
2024,4100400,Almirante Tamandaré,41034242,2° ano do Ensino Fundamental,Municipal,Presente,Sim,750.36
2024,2602100,Bom Conselho,26008843,2° ano do Ensino Fundamental,Municipal,Presente,Não,611.82
2024,3304557,Rio de Janeiro,33136501,2° ano do Ensino Fundamental,Municipal,Presente,Sim,747.78
2024,1303700,Santo Antônio do Içá,13021601,2° ano do Ensino Fundamental,Municipal,Presente,Não,673.11
2024,3106705,Betim,31109875,2° ano do Ensino Fundamental,Municipal,Presente,Não,717.6
2024,3204906,São Mateus,32029670,2° ano do Ensino Fundamental,Municipal,Presente,Sim,786.47
2024,3536505,Paulínia,35214037,2° ano do Ensino Fundamental,Municipal,Presente,Sim,806.3990448
2024,4114807,Marialva,41033473,2° ano do Ensino Fundamental,Municipal,Presente,Sim,770.36
2024,5103056,Cláudia,51024418,2° ano do Ensino Fundamental,Municipal,Presente,Sim,818.28
2024,3202405,Guarapari,32012094,2° ano do Ensino Fundamental,Municipal,Presente,Sim,793.92
2024,3304557,Rio de Janeiro,33125010,2° ano do Ensino Fundamental,Municipal,Presente,Sim,786.72
2024,3523206,Itararé,35078187,2° ano do Ensino Fundamental,Municipal,Presente,Não,697.0177252
2024,4321204,Taquara,43053635,2° ano do Ensino Fundamental,Estadual,Presente,Sim,787.6649992
2024,1507706,São Sebastião da Boa Vista,15078478,2° ano do Ensino Fundamental,Municipal,Presente,Não,738.9
2024,3170206,Uberlândia,31028521,2° ano do Ensino Fundamental,Municipal,Presente,Não,735.99
2024,3524600,Jacupiranga,35151509,2° ano do Ensino Fundamental,Municipal,Presente,Não,697.1129032
2024,3545605,Santa Adélia,35061121,2° ano do Ensino Fundamental,Municipal,Presente,Não,703.6124474
2024,5105259,Lucas do Rio Verde,51026437,2° ano do Ensino Fundamental,Municipal,Presente,Não,706.9
2024,3509502,Campinas,35042492,2° ano do Ensino Fundamental,Estadual,Presente,Não,725.3491294
2024,3546306,Santa Cruz das Palmeiras,35143187,2° ano do Ensino Fundamental,Municipal,Presente,Sim,773.5256568
2024,4124400,Santo Antônio do Sudoeste,41038102,2° ano do Ensino Fundamental,Municipal,Presente,Sim,792.22
2024,1303700,Santo Antônio do Içá,13021587,2° ano do Ensino Fundamental,Municipal,Presente,Não,738.15
2024,2604007,Carpina,26018293,2° ano do Ensino Fundamental,Municipal,Presente,Não,730.44
2024,3526704,Leme,35141574,2° ano do Ensino Fundamental,Municipal,Presente,Não,646.7919497
2024,1508357,Vitória do Xingu,15086871,2° ano do Ensino Fundamental,Municipal,Presente,Sim,748.21
2024,3203403,Mimoso do Sul,32039608,2° ano do Ensino Fundamental,Municipal,Presente,Sim,752.14
2024,3536505,Paulínia,35214068,2° ano do Ensino Fundamental,Municipal,Presente,Sim,787.2131925
2024,4317202,Santa Rosa,43079593,2° ano do Ensino Fundamental,Municipal,Presente,Não,685.0746359
2024,5005152,Juti,50028304,2° ano do Ensino Fundamental,Municipal,Presente,Sim,764.0
2024,2407252,Major Sales,24013980,2° ano do Ensino Fundamental,Municipal,Presente,Sim,766.88
2024,3541000,Praia Grande,35143969,2° ano do Ensino Fundamental,Municipal,Presente,Sim,791.3318804
2024,3550308,São Paulo,35434878,2° ano do Ensino Fundamental,Estadual,Presente,Sim,787.2131925
2024,1600808,Vitória do Jari,16000558,2° ano do Ensino Fundamental,Municipal,Presente,Sim,782.05
2024,3159605,Santa Rita do Sapucaí,31183854,2° ano do Ensino Fundamental,Municipal,Presente,Sim,784.37
2024,3162948,São José da Barra,31150876,2° ano do Ensino Fundamental,Municipal,Presente,Sim,781.1
2024,3303203,Nilópolis,33051462,2° ano do Ensino Fundamental,Municipal,Presente,Não,736.36
2024,4104428,Candói,41063624,2° ano do Ensino Fundamental,Municipal,Presente,Não,648.19
2024,2201150,Baixa Grande do Ribeiro,22021634,2° ano do Ensino Fundamental,Municipal,Presente,Sim,753.72
2024,2704302,Maceió,27013901,2° ano do Ensino Fundamental,Municipal,Presente,Não,690.25
2024,3106200,Belo Horizonte,31184433,2° ano do Ensino Fundamental,Municipal,Presente,Sim,793.45
2024,4123824,Santa Lúcia,41100419,2° ano do Ensino Fundamental,Municipal,Presente,Sim,759.86
2024,2304400,Fortaleza,23043084,2° ano do Ensino Fundamental,Municipal,Presente,Sim,794.12
2024,2707701,Rio Largo,27026359,2° ano do Ensino Fundamental,Municipal,Presente,Não,707.33
2024,3304557,Rio de Janeiro,33107434,2° ano do Ensino Fundamental,Municipal,Presente,Sim,785.58
2024,4113502,Loanda,41010163,2° ano do Ensino Fundamental,Municipal,Presente,Sim,776.1
2024,1710904,Itapiratins,17013562,2° ano do Ensino Fundamental,Municipal,Presente,Não,661.67
2024,2408003,Mossoró,24010777,2° ano do Ensino Fundamental,Municipal,Presente,Sim,774.45
2024,2607901,Jaboatão dos Guararapes,26040405,2° ano do Ensino Fundamental,Municipal,Presente,Sim,755.44
2024,3550308,São Paulo,35391164,2° ano do Ensino Fundamental,Estadual,Presente,Sim,743.9792609
2024,5200258,Águas Lindas de Goiás,52069326,2° ano do Ensino Fundamental,Municipal,Presente,Não,690.05
2024,1302603,Manaus,13036790,2° ano do Ensino Fundamental,Municipal,Presente,Sim,749.93
2024,3118205,Conquista,31051133,2° ano do Ensino Fundamental,Municipal,Presente,Sim,788.61
2024,3154457,Riachinho,31010662,2° ano do Ensino Fundamental,Municipal,Presente,Sim,811.02
2024,3205036,Vargem Alta,32040275,2° ano do Ensino Fundamental,Municipal,Presente,Sim,755.55
2024,5201405,Aparecida de Goiânia,52016906,2° ano do Ensino Fundamental,Municipal,Presente,Sim,754.56
2024,2102754,Capinzal do Norte,21046233,2° ano do Ensino Fundamental,Municipal,Presente,Sim,761.27
2024,2503902,Camalaú,25026960,2° ano do Ensino Fundamental,Municipal,Presente,Sim,850.59
2024,3205101,Viana,32022863,2° ano do Ensino Fundamental,Municipal,Presente,Sim,767.56
2024,5003207,Corumbá,50015967,2° ano do Ensino Fundamental,Municipal,Presente,Não,653.0
2024,1502004,Cachoeira do Arari,15020761,2° ano do Ensino Fundamental,Municipal,Presente,Não,689.37
2024,2208809,Regeneração,22016851,2° ano do Ensino Fundamental,Municipal,Presente,Não,667.69
2024,2800308,Aracaju,28017570,2° ano do Ensino Fundamental,Municipal,Presente,Não,638.07
2024,3526209,Juquitiba,35277280,2° ano do Ensino Fundamental,Estadual,Presente,Sim,806.3990448
2024,3552205,Sorocaba,35207717,2° ano do Ensino Fundamental,Estadual,Presente,Não,737.8474292
2024,4210100,Mafra,42059436,2° ano do Ensino Fundamental,Municipal,Presente,Sim,804.42
2024,1200500,Sena Madureira,12005182,2° ano do Ensino Fundamental,Municipal,Presente,Sim,778.39
2024,2505238,Cuité de Mamanguape,25010126,2° ano do Ensino Fundamental,Municipal,Presente,Não,618.52
2024,3159357,Santa Rita de Minas,31120655,2° ano do Ensino Fundamental,Municipal,Presente,Não,697.7
2024,3303500,Nova Iguaçu,33057133,2° ano do Ensino Fundamental,Municipal,Presente,Não,624.84
2024,5300108,Brasília,53015917,2° ano do Ensino Fundamental,Estadual,Presente,Não,720.37
2024,5211503,Itumbiara,52040427,2° ano do Ensino Fundamental,Municipal,Presente,Sim,805.17
2024,1716307,Pau D'Arco,17013737,2° ano do Ensino Fundamental,Municipal,Presente,Sim,756.81
2024,2616407,Vitória de Santo Antão,26016831,2° ano do Ensino Fundamental,Municipal,Presente,Sim,800.5
2024,3542602,Registro,35151872,2° ano do Ensino Fundamental,Municipal,Presente,Não,686.6694766
2024,3556701,Vinhedo,35049121,2° ano do Ensino Fundamental,Municipal,Presente,Sim,766.5364605
2024,4108304,Foz do Iguaçu,41073520,2° ano do Ensino Fundamental,Municipal,Presente,Não,696.54
2024,4115200,Maringá,41126517,2° ano do Ensino Fundamental,Estadual,Presente,Não,697.28
2024,4115408,Marmeleiro,41112270,2° ano do Ensino Fundamental,Municipal,Presente,Sim,767.36
2024,4202206,Benedito Novo,42083490,2° ano do Ensino Fundamental,Estadual,Presente,Não,705.23
2024,4204152,Celso Ramos,42018618,2° ano do Ensino Fundamental,Municipal,Presente,Sim,773.61
2024,5201405,Aparecida de Goiânia,52017232,2° ano do Ensino Fundamental,Municipal,Presente,Não,689.69
2024,4122107,Rio Bom,41080964,2° ano do Ensino Fundamental,Municipal,Presente,Não,738.17
2024,5200258,Águas Lindas de Goiás,52068161,2° ano do Ensino Fundamental,Municipal,Presente,Não,731.52
2024,2700607,Barra de São Miguel,27004944,2° ano do Ensino Fundamental,Municipal,Presente,Sim,760.83
2024,3530508,Mococa,35175207,2° ano do Ensino Fundamental,Municipal,Presente,Sim,761.8130055
2024,4212908,Pinhalzinho,42060088,2° ano do Ensino Fundamental,Estadual,Presente,Não,644.53
2024,4110805,Iretama,41003257,2° ano do Ensino Fundamental,Municipal,Presente,Sim,844.89
2024,4320008,Sapucaia do Sul,43092789,2° ano do Ensino Fundamental,Municipal,Presente,Sim,764.9156111
2024,1302702,Manicoré,13015873,2° ano do Ensino Fundamental,Municipal,Presente,Não,729.88
2024,2101202,Bacabal,21043758,2° ano do Ensino Fundamental,Municipal,Presente,Sim,771.46
2024,2305407,Icó,23048435,2° ano do Ensino Fundamental,Municipal,Presente,Não,705.87
2024,2403103,Currais Novos,24027254,2° ano do Ensino Fundamental,Municipal,Presente,Sim,779.91
2024,3304300,Rio Bonito,33149761,2° ano do Ensino Fundamental,Municipal,Presente,Sim,745.96
2024,1100205,Porto Velho,11011985,2° ano do Ensino Fundamental,Municipal,Presente,Não,737.94
2024,1504208,Marabá,15042996,2° ano do Ensino Fundamental,Municipal,Presente,Não,687.02
2024,3518701,Guarujá,35165177,2° ano do Ensino Fundamental,Municipal,Presente,Não,726.9521429
2024,4211702,Orleans,42087225,2° ano do Ensino Fundamental,Municipal,Presente,Sim,802.42
2024,2104305,Godofredo Viana,21022722,2° ano do Ensino Fundamental,Municipal,Presente,Sim,773.45
2024,2109403,Primeira Cruz,21016419,2° ano do Ensino Fundamental,Municipal,Presente,Sim,818.9
2024,3170206,Uberlândia,31125762,2° ano do Ensino Fundamental,Municipal,Presente,Não,706.34
2024,3526803,Lençóis Paulista,35026147,2° ano do Ensino Fundamental,Municipal,Presente,Sim,821.514298
2024,3550308,São Paulo,35384592,2° ano do Ensino Fundamental,Estadual,Presente,Não,707.3094216
2024,4106902,Curitiba,41046476,2° ano do Ensino Fundamental,Municipal,Presente,Sim,776.59
2024,3116159,Chapada Gaúcha,31181038,2° ano do Ensino Fundamental,Municipal,Presente,Sim,778.28
2024,4111407,Ivaí,41082838,2° ano do Ensino Fundamental,Municipal,Presente,Sim,804.85
2024,4112009,Jaguariaíva,41138232,2° ano do Ensino Fundamental,Municipal,Presente,Sim,776.48
2024,1100189,Pimenta Bueno,11014888,2° ano do Ensino Fundamental,Municipal,Presente,Sim,746.08
2024,3121407,Desterro de Entre Rios,31177106,2° ano do Ensino Fundamental,Municipal,Presente,Sim,811.1
2024,3518701,Guarujá,35166011,2° ano do Ensino Fundamental,Municipal,Presente,Sim,806.3990448
2024,4211702,Orleans,42087303,2° ano do Ensino Fundamental,Estadual,Presente,Não,733.01
2024,4320859,Tabaí,43045286,2° ano do Ensino Fundamental,Municipal,Presente,Sim,746.3301818
2024,3162104,São Gotardo,31144032,2° ano do Ensino Fundamental,Municipal,Presente,Sim,782.14
2024,3205002,Serra,32000593,2° ano do Ensino Fundamental,Estadual,Presente,Sim,789.25
2024,4109302,Guaraniaçu,41001850,2° ano do Ensino Fundamental,Municipal,Presente,Não,723.16
2024,4216503,São Joaquim,42075020,2° ano do Ensino Fundamental,Municipal,Presente,Não,741.78
2024,3518800,Guarulhos,35269201,2° ano do Ensino Fundamental,Municipal,Presente,Não,669.4455512
2024,3550308,São Paulo,35386802,2° ano do Ensino Fundamental,Estadual,Presente,Não,684.7963197
2024,3550308,São Paulo,35336554,2° ano do Ensino Fundamental,Municipal,Presente,Sim,787.2131925
2024,3538709,Piracicaba,35135939,2° ano do Ensino Fundamental,Municipal,Presente,Não,677.4604997
2024,3538709,Piracicaba,35137757,2° ano do Ensino Fundamental,Municipal,Presente,Sim,773.5377676
2024,3505708,Barueri,35234312,2° ano do Ensino Fundamental,Municipal,Presente,Sim,806.3990448
2024,3550308,São Paulo,35440938,2° ano do Ensino Fundamental,Estadual,Presente,Não,633.2472876
2024,3510609,Carapicuíba,35249257,2° ano do Ensino Fundamental,Estadual,Presente,Não,712.8551668
2024,3550308,São Paulo,35356959,2° ano do Ensino Fundamental,Estadual,Presente,Não,670.8231964
2024,3518800,Guarulhos,35259099,2° ano do Ensino Fundamental,Municipal,Presente,Sim,791.3318804
2024,3538709,Piracicaba,35137764,2° ano do Ensino Fundamental,Municipal,Presente,Não,690.804169
2024,3550308,São Paulo,35426223,2° ano do Ensino Fundamental,Estadual,Presente,Sim,821.514298
2024,3513801,Diadema,35257246,2° ano do Ensino Fundamental,Municipal,Presente,Sim,772.9357392
2024,3550308,São Paulo,35356952,2° ano do Ensino Fundamental,Estadual,Presente,Sim,768.1458064
2024,3513801,Diadema,35257360,2° ano do Ensino Fundamental,Municipal,Presente,Não,739.0733778
2024,3505708,Barueri,35234291,2° ano do Ensino Fundamental,Municipal,Presente,Não,736.0171781
2024,3518800,Guarulhos,35259127,2° ano do Ensino Fundamental,Municipal,Presente,Sim,747.2919065
2024,3520004,Igaraçu do Tietê,35095030,2° ano do Ensino Fundamental,Municipal,Presente,Sim,750.3361496
2024,3550308,São Paulo,35435068,2° ano do Ensino Fundamental,Estadual,Presente,Sim,753.6446247
2024,3550308,São Paulo,35352853,2° ano do Ensino Fundamental,Estadual,Presente,Sim,773.5377676
2024,3501806,Américo de Campos,35232354,2° ano do Ensino Fundamental,Municipal,Presente,Sim,791.3318804
2024,3543402,Ribeirão Preto,35159324,2° ano do Ensino Fundamental,Estadual,Presente,Sim,806.3990448
2024,3502903,Araçoiaba da Serra,35228831,2° ano do Ensino Fundamental,Municipal,Presente,Não,669.5159399
2024,3548906,São Carlos,35172686,2° ano do Ensino Fundamental,Municipal,Presente,Não,724.0181939
2024,3522208,Itapecerica da Serra,35276284,2° ano do Ensino Fundamental,Municipal,Presente,Não,688.2172737
2024,3541406,Presidente Prudente,35149081,2° ano do Ensino Fundamental,Municipal,Presente,Não,689.877355
2024,3548708,São Bernardo do Campo,35323323,2° ano do Ensino Fundamental,Municipal,Presente,Não,717.6629595
2024,3552205,Sorocaba,35211741,2° ano do Ensino Fundamental,Municipal,Presente,Sim,781.5392356
2024,4309100,Gramado,43084594,2° ano do Ensino Fundamental,Municipal,Presente,Não,692.5592079
2024,4309308,Guaíba,43037033,2° ano do Ensino Fundamental,Municipal,Presente,Sim,756.70673
2024,4313953,Pantano Grande,43071974,2° ano do Ensino Fundamental,Municipal,Presente,Não,684.3023492
2024,3501806,Américo de Campos,35232361,2° ano do Ensino Fundamental,Municipal,Presente,Sim,761.8130055
2024,4305108,Caxias do Sul,43018364,2° ano do Ensino Fundamental,Estadual,Presente,Não,662.4933534
2024,3510609,Carapicuíba,35249668,2° ano do Ensino Fundamental,Municipal,Presente,Não,741.0402731
2024,3552205,Sorocaba,35213226,2° ano do Ensino Fundamental,Municipal,Presente,Sim,806.3990448
2024,3529005,Marília,35118148,2° ano do Ensino Fundamental,Municipal,Presente,Sim,806.3990448
2024,3550308,São Paulo,35341669,2° ano do Ensino Fundamental,Municipal,Presente,Não,664.6272076
2024,3550308,São Paulo,35359773,2° ano do Ensino Fundamental,Municipal,Presente,Não,729.0727287
2024,3523107,Itaquaquecetuba,35287742,2° ano do Ensino Fundamental,Municipal,Presente,Sim,796.360933
2024,3550308,São Paulo,35439764,2° ano do Ensino Fundamental,Estadual,Presente,Sim,806.3990448
2024,3509502,Campinas,35044023,2° ano do Ensino Fundamental,Municipal,Presente,Não,697.5223147
2024,3510609,Carapicuíba,35250329,2° ano do Ensino Fundamental,Municipal,Presente,Não,674.3504529
2024,3533403,Nova Odessa,35003950,2° ano do Ensino Fundamental,Municipal,Presente,Não,673.8291815
2024,3549904,São José dos Campos,35189407,2° ano do Ensino Fundamental,Municipal,Presente,Sim,778.2353432
2024,3550308,São Paulo,35440400,2° ano do Ensino Fundamental,Estadual,Presente,Sim,787.2131925
2024,3550308,São Paulo,35404754,2° ano do Ensino Fundamental,Estadual,Presente,Não,664.5928027
2024,3505708,Barueri,35234435,2° ano do Ensino Fundamental,Municipal,Presente,Não,696.9033574
2024,3550308,São Paulo,35352004,2° ano do Ensino Fundamental,Estadual,Presente,Sim,765.1643358
2024,3550308,São Paulo,35408406,2° ano do Ensino Fundamental,Municipal,Presente,Sim,796.360933
2024,3550308,São Paulo,35379207,2° ano do Ensino Fundamental,Estadual,Presente,Sim,806.3990448
2024,3503901,Arujá,35087958,2° ano do Ensino Fundamental,Municipal,Presente,Sim,745.3448003
2024,3550308,São Paulo,35372044,2° ano do Ensino Fundamental,Municipal,Presente,Sim,760.4968332
2024,3550308,São Paulo,35407146,2° ano do Ensino Fundamental,Municipal,Presente,Sim,806.3990448
2024,3550308,São Paulo,35423556,2° ano do Ensino Fundamental,Municipal,Presente,Não,742.7379977
2024,3550308,São Paulo,35404768,2° ano do Ensino Fundamental,Estadual,Presente,Sim,786.1511403
2024,3550308,São Paulo,35439757,2° ano do Ensino Fundamental,Estadual,Presente,Sim,821.514298
2024,3510500,Caraguatatuba,35055607,2° ano do Ensino Fundamental,Municipal,Presente,Não,740.8953794
2024,3550308,São Paulo,35366713,2° ano do Ensino Fundamental,Municipal,Presente,Não,715.1587795
2024,3552403,Sumaré,35217209,2° ano do Ensino Fundamental,Municipal,Presente,Sim,787.2131925
2024,3550308,São Paulo,35370754,2° ano do Ensino Fundamental,Municipal,Presente,Sim,806.3990448
2024,3505708,Barueri,35234421,2° ano do Ensino Fundamental,Municipal,Presente,Não,733.7825539
2024,3522208,Itapecerica da Serra,35275178,2° ano do Ensino Fundamental,Municipal,Presente,Não,703.213014
2024,3552403,Sumaré,35217846,2° ano do Ensino Fundamental,Estadual,Presente,Sim,821.514298
2024,2106904,Monção,21018679,2° ano do Ensino Fundamental,Municipal,Presente,Não,708.78
2024,2311009,Poranga,23005858,2° ano do Ensino Fundamental,Municipal,Presente,Sim,872.4
2024,3158953,Santana do Paraíso,31105341,2° ano do Ensino Fundamental,Municipal,Presente,Sim,801.72
2024,3300233,Armação dos Búzios,33011966,2° ano do Ensino Fundamental,Municipal,Presente,Sim,760.58
2024,5211909,Jataí,52041002,2° ano do Ensino Fundamental,Municipal,Presente,Sim,754.44
2024,3304557,Rio de Janeiro,33139970,2° ano do Ensino Fundamental,Municipal,Presente,Sim,758.41
2024,5219753,Santo Antônio do Descoberto,52076130,2° ano do Ensino Fundamental,Municipal,Presente,Sim,759.69
2024,1300060,Amaturá,13000316,2° ano do Ensino Fundamental,Municipal,Presente,Sim,765.82
2024,3154705,Ribeirão Vermelho,31040838,2° ano do Ensino Fundamental,Municipal,Presente,Sim,789.1
2024,3304557,Rio de Janeiro,33130431,2° ano do Ensino Fundamental,Municipal,Presente,Sim,743.22
2024,4125506,São José dos Pinhais,41126140,2° ano do Ensino Fundamental,Municipal,Presente,Sim,774.36
2024,1500107,Abaetetuba,15000780,2° ano do Ensino Fundamental,Municipal,Presente,Não,740.98
2024,2512788,Riacho de Santo Antônio,25012965,2° ano do Ensino Fundamental,Municipal,Presente,Sim,820.25
2024,3304557,Rio de Janeiro,33107091,2° ano do Ensino Fundamental,Municipal,Presente,Não,724.86
2024,5108402,Várzea Grande,51050728,2° ano do Ensino Fundamental,Municipal,Presente,Não,690.27
2024,1505205,Oeiras do Pará,15053078,2° ano do Ensino Fundamental,Municipal,Presente,Não,642.13
2024,2616407,Vitória de Santo Antão,26017268,2° ano do Ensino Fundamental,Municipal,Presente,Não,715.49
2024,1501402,Belém,15095068,2° ano do Ensino Fundamental,Estadual,Presente,Não,723.53
2024,1507706,São Sebastião da Boa Vista,15078322,2° ano do Ensino Fundamental,Municipal,Presente,Não,716.03
2024,2111532,São Pedro da Água Branca,21033463,2° ano do Ensino Fundamental,Municipal,Presente,Sim,775.84
2024,2405801,João Câmara,24015516,2° ano do Ensino Fundamental,Municipal,Presente,Não,717.53
2024,3170206,Uberlândia,31182760,2° ano do Ensino Fundamental,Municipal,Presente,Não,737.65
2024,3202405,Guarapari,32011061,2° ano do Ensino Fundamental,Municipal,Presente,Sim,765.32
2024,3304557,Rio de Janeiro,33136964,2° ano do Ensino Fundamental,Municipal,Presente,Não,689.09
2024,4125605,São Mateus do Sul,41001613,2° ano do Ensino Fundamental,Municipal,Presente,Não,717.58
2024,2100907,Araioses,21059848,2° ano do Ensino Fundamental,Municipal,Presente,Sim,759.7
2024,3134202,Ituiutaba,31157060,2° ano do Ensino Fundamental,Municipal,Presente,Não,695.0
2024,3303500,Nova Iguaçu,33062662,2° ano do Ensino Fundamental,Municipal,Presente,Não,646.25
2024,4108403,Francisco Beltrão,41019492,2° ano do Ensino Fundamental,Municipal,Presente,Não,699.32
2024,3169901,Ubá,31079894,2° ano do Ensino Fundamental,Municipal,Presente,Sim,831.07
2024,3304557,Rio de Janeiro,33126109,2° ano do Ensino Fundamental,Municipal,Presente,Sim,743.48
2024,4119905,Ponta Grossa,41046904,2° ano do Ensino Fundamental,Municipal,Presente,Sim,783.45
2024,5106505,Poconé,51043061,2° ano do Ensino Fundamental,Municipal,Presente,Sim,783.18
2024,3205200,Vila Velha,32014389,2° ano do Ensino Fundamental,Municipal,Presente,Sim,794.29
2024,3306305,Volta Redonda,33094742,2° ano do Ensino Fundamental,Municipal,Presente,Não,741.6
2024,1100114,Jaru,11005198,2° ano do Ensino Fundamental,Estadual,Presente,Sim,793.54
2024,2303931,Choró,23084793,2° ano do Ensino Fundamental,Municipal,Presente,Sim,834.94
2024,2604205,Catende,26022900,2° ano do Ensino Fundamental,Municipal,Presente,Sim,780.39
2024,3106200,Belo Horizonte,31148673,2° ano do Ensino Fundamental,Estadual,Presente,Não,741.87
2024,4106605,Cruzeiro do Oeste,41084776,2° ano do Ensino Fundamental,Municipal,Presente,Não,705.5
2024,1200203,Cruzeiro do Sul,12001259,2° ano do Ensino Fundamental,Estadual,Presente,Sim,771.29
2024,1300680,Boa Vista do Ramos,13003940,2° ano do Ensino Fundamental,Municipal,Presente,Não,727.12
2024,2210938,Sussuapara,22020277,2° ano do Ensino Fundamental,Municipal,Presente,Sim,772.65
2024,2211001,Teresina,22012583,2° ano do Ensino Fundamental,Municipal,Presente,Sim,751.63
2024,3304557,Rio de Janeiro,33113292,2° ano do Ensino Fundamental,Municipal,Presente,Sim,768.47
2024,4102109,Astorga,41113237,2° ano do Ensino Fundamental,Municipal,Presente,Sim,756.65
2024,4106902,Curitiba,41050639,2° ano do Ensino Fundamental,Municipal,Presente,Sim,809.97
2024,5103007,Chapada dos Guimarães,51035716,2° ano do Ensino Fundamental,Municipal,Presente,Não,677.35
2024,5201405,Aparecida de Goiânia,52015507,2° ano do Ensino Fundamental,Municipal,Presente,Sim,749.65
2024,1501402,Belém,15095054,2° ano do Ensino Fundamental,Estadual,Presente,Não,739.36
2024,2305407,Icó,23073159,2° ano do Ensino Fundamental,Municipal,Presente,Não,741.37
2024,2506301,Guarabira,25019509,2° ano do Ensino Fundamental,Municipal,Presente,Não,719.94
2024,2614709,Tacaimbó,26007149,2° ano do Ensino Fundamental,Municipal,Presente,Não,719.66
2024,3137601,Lagoa Santa,31102839,2° ano do Ensino Fundamental,Municipal,Presente,Não,675.33
2024,4108403,Francisco Beltrão,41134791,2° ano do Ensino Fundamental,Municipal,Presente,Não,713.05
2024,1504109,Magalhães Barata,15040156,2° ano do Ensino Fundamental,Municipal,Presente,Não,742.05
2024,3136207,João Monlevade,31058475,2° ano do Ensino Fundamental,Estadual,Presente,Sim,819.59
2024,3300100,Angra dos Reis,33000475,2° ano do Ensino Fundamental,Municipal,Presente,Não,732.67
2024,5001904,Bataguassu,50030344,2° ano do Ensino Fundamental,Municipal,Presente,Não,665.34
2024,1302603,Manaus,13052302,2° ano do Ensino Fundamental,Municipal,Presente,Não,736.75
2024,2507507,João Pessoa,25001833,2° ano do Ensino Fundamental,Municipal,Presente,Sim,802.31
2024,5200258,Águas Lindas de Goiás,52067439,2° ano do Ensino Fundamental,Municipal,Presente,Não,724.37
2024,3169802,Turvolândia,31044866,2° ano do Ensino Fundamental,Municipal,Presente,Sim,752.89
2024,2102325,Buriticupu,21032264,2° ano do Ensino Fundamental,Municipal,Presente,Sim,751.44
2024,3118304,Conselheiro Lafaiete,31075694,2° ano do Ensino Fundamental,Municipal,Presente,Sim,746.84
2024,3157807,Santa Luzia,31000155,2° ano do Ensino Fundamental,Estadual,Presente,Não,728.42
2024,5203302,Bela Vista de Goiás,52057848,2° ano do Ensino Fundamental,Municipal,Presente,Não,739.58
2024,4107538,Entre Rios do Oeste,41045644,2° ano do Ensino Fundamental,Municipal,Presente,Sim,808.7
2024,5104542,Itanhangá,51025164,2° ano do Ensino Fundamental,Municipal,Presente,Não,739.93
2024,2800308,Aracaju,28017444,2° ano do Ensino Fundamental,Municipal,Presente,Não,680.1
2024,3154705,Ribeirão Vermelho,31054194,2° ano do Ensino Fundamental,Municipal,Presente,Sim,767.34
2024,3201308,Cariacica,32045820,2° ano do Ensino Fundamental,Municipal,Presente,Sim,775.65
2024,3300704,Cabo Frio,33012727,2° ano do Ensino Fundamental,Municipal,Presente,Não,681.6
2024,2211100,União,22031359,2° ano do Ensino Fundamental,Municipal,Presente,Não,733.99
2024,3169802,Turvolândia,31026399,2° ano do Ensino Fundamental,Municipal,Presente,Sim,772.77
2024,3304557,Rio de Janeiro,33126897,2° ano do Ensino Fundamental,Municipal,Presente,Sim,780.87
2024,3144359,Naque,31055880,2° ano do Ensino Fundamental,Municipal,Presente,Não,730.93
2024,5107909,Sinop,51027583,2° ano do Ensino Fundamental,Municipal,Presente,Não,736.78
2024,1600600,Santana,16010285,2° ano do Ensino Fundamental,Municipal,Presente,Sim,789.09
2024,2611606,Recife,26044881,2° ano do Ensino Fundamental,Municipal,Presente,Sim,776.7
2024,2615508,Tracunhaém,26021709,2° ano do Ensino Fundamental,Municipal,Presente,Sim,789.73
2024,5003751,Eldorado,50027421,2° ano do Ensino Fundamental,Municipal,Presente,Sim,775.59
2024,5300108,Brasília,53006541,2° ano do Ensino Fundamental,Estadual,Presente,Não,741.4
2024,2102101,Brejo,21060019,2° ano do Ensino Fundamental,Municipal,Presente,Não,705.4
2024,3205101,Viana,32022144,2° ano do Ensino Fundamental,Municipal,Presente,Sim,762.1
2024,5107909,Sinop,51027579,2° ano do Ensino Fundamental,Municipal,Presente,Sim,767.43
2024,5108402,Várzea Grande,51045116,2° ano do Ensino Fundamental,Municipal,Presente,Não,740.36
2024,1505809,Portel,15062087,2° ano do Ensino Fundamental,Municipal,Presente,Sim,778.14
2024,2104552,Governador Edison Lobão,21026311,2° ano do Ensino Fundamental,Municipal,Presente,Sim,777.66
2024,3304557,Rio de Janeiro,33107077,2° ano do Ensino Fundamental,Municipal,Presente,Sim,767.52
2024,4117305,Ortigueira,41085467,2° ano do Ensino Fundamental,Municipal,Presente,Não,674.11
2024,5108956,Nova Monte Verde,51001470,2° ano do Ensino Fundamental,Municipal,Presente,Sim,775.59
2024,2109908,Santa Inês,21019395,2° ano do Ensino Fundamental,Municipal,Presente,Sim,745.93
2024,2411502,Santo Antônio,24021534,2° ano do Ensino Fundamental,Municipal,Presente,Não,715.89
2024,3304557,Rio de Janeiro,33110451,2° ano do Ensino Fundamental,Municipal,Presente,Não,656.44
2024,5220405,São Simão,52074853,2° ano do Ensino Fundamental,Municipal,Presente,Sim,750.88
2024,5300108,Brasília,53027254,2° ano do Ensino Fundamental,Estadual,Presente,Sim,745.16
2024,3169901,Ubá,31183159,2° ano do Ensino Fundamental,Municipal,Presente,Sim,777.56
2024,3304557,Rio de Janeiro,33138282,2° ano do Ensino Fundamental,Municipal,Presente,Não,735.99
2024,5107198,Ribeirãozinho,51004373,2° ano do Ensino Fundamental,Municipal,Presente,Sim,797.92
2024,5216403,Paraúna,52045815,2° ano do Ensino Fundamental,Municipal,Presente,Não,740.31
2024,1100320,São Miguel do Guaporé,11016596,2° ano do Ensino Fundamental,Municipal,Presente,Sim,747.99
2024,3301850,Guapimirim,33044254,2° ano do Ensino Fundamental,Municipal,Presente,Não,736.44
2024,1501402,Belém,15096782,2° ano do Ensino Fundamental,Estadual,Presente,Não,738.54
2024,2210904,Socorro do Piauí,22023424,2° ano do Ensino Fundamental,Municipal,Presente,Não,714.91
2024,3304557,Rio de Janeiro,33101307,2° ano do Ensino Fundamental,Municipal,Presente,Sim,747.08
2024,3304557,Rio de Janeiro,33113278,2° ano do Ensino Fundamental,Municipal,Presente,Sim,750.51
2024,3304557,Rio de Janeiro,33102464,2° ano do Ensino Fundamental,Municipal,Presente,Sim,788.85
2024,3170404,Unaí,31184738,2° ano do Ensino Fundamental,Municipal,Presente,Não,719.98
2024,5107958,Tangará da Serra,51035032,2° ano do Ensino Fundamental,Municipal,Presente,Não,635.62
2024,2707107,Piranhas,27024353,2° ano do Ensino Fundamental,Municipal,Presente,Não,737.58
2024,3205101,Viana,32022355,2° ano do Ensino Fundamental,Municipal,Presente,Sim,833.31
2024,1302603,Manaus,13048408,2° ano do Ensino Fundamental,Municipal,Presente,Não,688.58
2024,3204906,São Mateus,32029411,2° ano do Ensino Fundamental,Municipal,Presente,Sim,794.71
2024,3304151,Quissamã,33071966,2° ano do Ensino Fundamental,Municipal,Presente,Sim,796.91
2024,4125753,São Pedro do Iguaçu,41043799,2° ano do Ensino Fundamental,Municipal,Presente,Sim,776.97
2024,5101605,Barão de Melgaço,51035530,2° ano do Ensino Fundamental,Estadual,Presente,Não,707.64
2024,3116605,Cláudio,31150861,2° ano do Ensino Fundamental,Municipal,Presente,Sim,774.64
2024,3170206,Uberlândia,31182672,2° ano do Ensino Fundamental,Municipal,Presente,Não,689.35
2024,3301009,Campos dos Goytacazes,33017028,2° ano do Ensino Fundamental,Municipal,Presente,Não,637.74
2024,4124509,Santo Inácio,41048780,2° ano do Ensino Fundamental,Municipal,Presente,Sim,761.9
2024,3106200,Belo Horizonte,31192558,2° ano do Ensino Fundamental,Municipal,Presente,Não,644.94
2024,3122405,Divisa Nova,31161544,2° ano do Ensino Fundamental,Municipal,Presente,Não,684.67
2024,3170404,Unaí,31013617,2° ano do Ensino Fundamental,Municipal,Presente,Não,667.02
2024,4103354,Braganey,41132572,2° ano do Ensino Fundamental,Municipal,Presente,Sim,790.92
2024,3138609,Lima Duarte,31006239,2° ano do Ensino Fundamental,Municipal,Presente,Não,738.45
2024,3304557,Rio de Janeiro,33132472,2° ano do Ensino Fundamental,Municipal,Presente,Sim,766.38
2024,4207502,Indaial,42036316,2° ano do Ensino Fundamental,Municipal,Presente,Sim,818.48
2024,1504208,Marabá,15042796,2° ano do Ensino Fundamental,Municipal,Presente,Sim,768.11
2024,1506500,Santa Isabel do Pará,15067462,2° ano do Ensino Fundamental,Municipal,Presente,Não,738.62
2024,3136009,Joaíma,31061418,2° ano do Ensino Fundamental,Municipal,Presente,Sim,776.07
2024,3202009,Dores do Rio Preto,32046898,2° ano do Ensino Fundamental,Municipal,Presente,Sim,763.45
2024,3131307,Ipatinga,31130114,2° ano do Ensino Fundamental,Estadual,Presente,Sim,752.49
2024,4119905,Ponta Grossa,41063413,2° ano do Ensino Fundamental,Municipal,Presente,Não,732.71
2024,5203500,Bom Jesus de Goiás,52076627,2° ano do Ensino Fundamental,Municipal,Presente,Sim,798.98
2024,4127601,Tijucas do Sul,41094134,2° ano do Ensino Fundamental,Municipal,Presente,Sim,753.44
2024,5002704,Campo Grande,50004186,2° ano do Ensino Fundamental,Municipal,Presente,Não,735.45
2024,3144102,Muzambinho,31176304,2° ano do Ensino Fundamental,Municipal,Presente,Sim,773.11
2024,3200607,Aracruz,32023776,2° ano do Ensino Fundamental,Municipal,Presente,Sim,797.94
2024,3302403,Macaé,33041803,2° ano do Ensino Fundamental,Municipal,Presente,Sim,749.18
2024,5215231,Novo Gama,52064939,2° ano do Ensino Fundamental,Municipal,Presente,Sim,763.03
2024,3304557,Rio de Janeiro,33100064,2° ano do Ensino Fundamental,Municipal,Presente,Sim,760.18
2024,5102504,Cáceres,51004938,2° ano do Ensino Fundamental,Municipal,Presente,Sim,787.86
2024,5300108,Brasília,53022977,2° ano do Ensino Fundamental,Estadual,Presente,Não,693.31
2024,1501402,Belém,15093286,2° ano do Ensino Fundamental,Estadual,Presente,Sim,803.42
2024,2611606,Recife,26044277,2° ano do Ensino Fundamental,Municipal,Presente,Sim,776.87
2024,3132909,Itamogi,31150562,2° ano do Ensino Fundamental,Municipal,Presente,Sim,790.97
2024,3156700,Sabará,31085236,2° ano do Ensino Fundamental,Municipal,Presente,Sim,748.25
2024,3156700,Sabará,31118267,2° ano do Ensino Fundamental,Municipal,Presente,Sim,800.43
2024,2614303,Moreilândia,26061794,2° ano do Ensino Fundamental,Municipal,Presente,Sim,778.92
2024,3302502,Magé,33046262,2° ano do Ensino Fundamental,Municipal,Presente,Não,738.8
2024,5107040,Primavera do Leste,51019144,2° ano do Ensino Fundamental,Municipal,Presente,Não,676.07
2024,5107909,Sinop,51028891,2° ano do Ensino Fundamental,Municipal,Presente,Não,696.76
2024,5211909,Jataí,52074367,2° ano do Ensino Fundamental,Municipal,Presente,Sim,804.06
2024,5211909,Jataí,52040995,2° ano do Ensino Fundamental,Municipal,Presente,Sim,763.2
2024,3302858,Mesquita,33049043,2° ano do Ensino Fundamental,Municipal,Presente,Sim,748.18
2024,3304151,Quissamã,33071952,2° ano do Ensino Fundamental,Municipal,Presente,Sim,743.33
2024,4125753,São Pedro do Iguaçu,41013430,2° ano do Ensino Fundamental,Municipal,Presente,Sim,762.21
2024,1505809,Portel,15062073,2° ano do Ensino Fundamental,Municipal,Presente,Sim,748.22
2024,3144359,Naque,31055793,2° ano do Ensino Fundamental,Municipal,Presente,Não,740.71
2024,1302702,Manicoré,13015697,2° ano do Ensino Fundamental,Estadual,Presente,Sim,763.28
2024,2100907,Araioses,21068665,2° ano do Ensino Fundamental,Municipal,Presente,Sim,745.12
2024,4119905,Ponta Grossa,41079909,2° ano do Ensino Fundamental,Municipal,Presente,Sim,790.02
2024,3140704,Mateus Leme,31128057,2° ano do Ensino Fundamental,Municipal,Presente,Não,721.08
2024,3204054,Pedro Canário,32028714,2° ano do Ensino Fundamental,Municipal,Presente,Sim,764.81
2024,2303709,Caucaia,23061628,2° ano do Ensino Fundamental,Municipal,Presente,Não,647.42
2024,2311801,Russas,23070713,2° ano do Ensino Fundamental,Municipal,Presente,Sim,830.98
2024,3135902,Jesuânia,31175818,2° ano do Ensino Fundamental,Municipal,Presente,Sim,782.29
2024,1100148,Nova Brasilândia D'Oeste,11015641,2° ano do Ensino Fundamental,Municipal,Presente,Sim,815.54
2024,3106200,Belo Horizonte,31109171,2° ano do Ensino Fundamental,Estadual,Presente,Não,714.79
2024,3134202,Ituiutaba,31052153,2° ano do Ensino Fundamental,Municipal,Presente,Sim,743.42
2024,3171808,Virginópolis,31149166,2° ano do Ensino Fundamental,Municipal,Presente,Sim,805.47
2024,5107958,Tangará da Serra,51035040,2° ano do Ensino Fundamental,Municipal,Presente,Sim,756.33
2024,3515004,Embu das Artes,35330323,2° ano do Ensino Fundamental,Estadual,Presente,Não,735.9253383
2024,3549805,São José do Rio Preto,35183264,2° ano do Ensino Fundamental,Municipal,Presente,Não,711.0196514
2024,3525102,Jardinópolis,35203894,2° ano do Ensino Fundamental,Municipal,Presente,Não,631.1992596
2024,3550308,São Paulo,35338920,2° ano do Ensino Fundamental,Municipal,Presente,Não,677.5077411
2024,3506359,Bertioga,35169594,2° ano do Ensino Fundamental,Municipal,Presente,Não,707.3318715
2024,4317202,Santa Rosa,43078878,2° ano do Ensino Fundamental,Estadual,Presente,Sim,795.6025223
2024,3506003,Bauru,35025239,2° ano do Ensino Fundamental,Municipal,Presente,Não,686.7229006
2024,4317103,Sant'Ana do Livramento,43080700,2° ano do Ensino Fundamental,Estadual,Presente,Não,702.6350303
2024,3550308,São Paulo,35415749,2° ano do Ensino Fundamental,Municipal,Presente,Sim,760.9565601
2024,3550308,São Paulo,35367007,2° ano do Ensino Fundamental,Municipal,Presente,Sim,806.3990448
2024,4314902,Porto Alegre,43065782,2° ano do Ensino Fundamental,Estadual,Presente,Não,740.4456291
2024,3542602,Registro,35151987,2° ano do Ensino Fundamental,Municipal,Presente,Sim,821.514298
2024,3550308,São Paulo,35349848,2° ano do Ensino Fundamental,Estadual,Presente,Não,681.927405
2024,3543907,Rio Claro,35114457,2° ano do Ensino Fundamental,Municipal,Presente,Sim,806.3990448
2024,3534401,Osasco,35302884,2° ano do Ensino Fundamental,Municipal,Presente,Não,730.4973219
2024,3550308,São Paulo,35340143,2° ano do Ensino Fundamental,Municipal,Presente,Sim,745.9339263
2024,3550308,São Paulo,35437629,2° ano do Ensino Fundamental,Estadual,Presente,Não,713.7419763
2024,3543402,Ribeirão Preto,35155074,2° ano do Ensino Fundamental,Estadual,Presente,Sim,779.5963167
2024,3534401,Osasco,35301368,2° ano do Ensino Fundamental,Municipal,Presente,Sim,786.1511403
2024,3550308,São Paulo,35368560,2° ano do Ensino Fundamental,Municipal,Presente,Não,657.9617586
2024,3556503,Várzea Paulista,35104219,2° ano do Ensino Fundamental,Municipal,Presente,Não,736.540004
2024,3550308,São Paulo,35338906,2° ano do Ensino Fundamental,Municipal,Presente,Não,742.1902699
2024,3550308,São Paulo,35407778,2° ano do Ensino Fundamental,Municipal,Presente,Não,643.1174947
2024,3550308,São Paulo,35339829,2° ano do Ensino Fundamental,Municipal,Presente,Não,738.0601181
2024,3518800,Guarulhos,35260391,2° ano do Ensino Fundamental,Municipal,Presente,Não,688.5625173
2024,3527207,Lorena,35069873,2° ano do Ensino Fundamental,Municipal,Presente,Sim,761.284204
2024,3516408,Franco da Rocha,35245143,2° ano do Ensino Fundamental,Municipal,Presente,Sim,786.1511403
2024,3548005,Santo Antônio de Posse,35127262,2° ano do Ensino Fundamental,Municipal,Presente,Não,701.9090305
2024,3548906,São Carlos,35173594,2° ano do Ensino Fundamental,Estadual,Presente,Não,726.1839152
2024,3513801,Diadema,35258414,2° ano do Ensino Fundamental,Estadual,Presente,Sim,821.514298
2024,3517208,Guaiçara,35116145,2° ano do Ensino Fundamental,Municipal,Presente,Não,656.0686543
2024,3543907,Rio Claro,35114442,2° ano do Ensino Fundamental,Municipal,Presente,Sim,773.5256568
2024,3538006,Pindamonhangaba,35132793,2° ano do Ensino Fundamental,Municipal,Presente,Sim,773.5377676
2024,3550308,São Paulo,35344011,2° ano do Ensino Fundamental,Municipal,Presente,Sim,776.4217409
2024,3550308,São Paulo,35419229,2° ano do Ensino Fundamental,Municipal,Presente,Não,612.9670895
2024,3550308,São Paulo,35396194,2° ano do Ensino Fundamental,Estadual,Presente,Não,682.8893831
2024,3505500,Barretos,35020044,2° ano do Ensino Fundamental,Municipal,Presente,Não,713.4431404
2024,3526902,Limeira,35113459,2° ano do Ensino Fundamental,Estadual,Presente,Não,734.2469907
2024,3543402,Ribeirão Preto,35155138,2° ano do Ensino Fundamental,Estadual,Presente,Não,717.6627203
2024,3550308,São Paulo,35421408,2° ano do Ensino Fundamental,Municipal,Presente,Sim,806.3990448
2024,3552205,Sorocaba,35209973,2° ano do Ensino Fundamental,Municipal,Presente,Sim,743.6597765
2024,3552908,Taciba,35151066,2° ano do Ensino Fundamental,Municipal,Presente,Sim,773.5256568
2024,3534401,Osasco,35304415,2° ano do Ensino Fundamental,Municipal,Presente,Não,715.533703
2024,3525706,José Bonifácio,35097859,2° ano do Ensino Fundamental,Estadual,Presente,Sim,751.0467363
2024,3531100,Mongaguá,35198971,2° ano do Ensino Fundamental,Municipal,Presente,Sim,821.514298
2024,3507100,Bom Jesus dos Perdões,35034397,2° ano do Ensino Fundamental,Municipal,Presente,Sim,806.3990448
2024,3518800,Guarulhos,35262826,2° ano do Ensino Fundamental,Municipal,Presente,Não,736.0171781
2024,3550308,São Paulo,35401776,2° ano do Ensino Fundamental,Estadual,Presente,Não,683.3998787
2024,3503901,Arujá,35088150,2° ano do Ensino Fundamental,Municipal,Presente,Sim,772.9357392
2024,3507506,Botucatu,35030056,2° ano do Ensino Fundamental,Municipal,Presente,Sim,761.8130055
2024,3504008,Assis,35015512,2° ano do Ensino Fundamental,Municipal,Presente,Sim,746.7885959
2024,3550308,São Paulo,35344018,2° ano do Ensino Fundamental,Municipal,Presente,Sim,746.7885959
2024,3550308,São Paulo,35338618,2° ano do Ensino Fundamental,Municipal,Presente,Não,692.729334
2024,3534401,Osasco,35301455,2° ano do Ensino Fundamental,Municipal,Presente,Sim,786.1511403
2024,4316907,Santa Maria,43077602,2° ano do Ensino Fundamental,Municipal,Presente,Não,725.0092652
2024,3538600,Piracaia,35036946,2° ano do Ensino Fundamental,Municipal,Presente,Não,726.0027904
2024,3550308,São Paulo,35421401,2° ano do Ensino Fundamental,Municipal,Presente,Não,669.6521913
2024,4315602,Rio Grande,43070519,2° ano do Ensino Fundamental,Estadual,Presente,Não,673.2945195
2024,3550308,São Paulo,35339836,2° ano do Ensino Fundamental,Municipal,Presente,Sim,756.9987606
2024,3552502,Suzano,35327347,2° ano do Ensino Fundamental,Municipal,Presente,Sim,821.514298
2024,4313300,Nova Prata,43048470,2° ano do Ensino Fundamental,Municipal,Presente,Sim,746.1791912
2024,3531902,Morro Agudo,35179200,2° ano do Ensino Fundamental,Municipal,Presente,Não,687.6793354
2024,3515509,Fernandópolis,35062026,2° ano do Ensino Fundamental,Municipal,Presente,Não,697.4389883
2024,4318804,São Lourenço do Sul,43089915,2° ano do Ensino Fundamental,Municipal,Presente,Não,655.1923321
2024,3506706,Boa Esperança do Sul,35013468,2° ano do Ensino Fundamental,Municipal,Presente,Não,654.2599766
2024,3548500,Santos,35168487,2° ano do Ensino Fundamental,Municipal,Presente,Sim,762.9895447
2024,3550308,São Paulo,35382223,2° ano do Ensino Fundamental,Estadual,Presente,Não,725.0146506
2024,3550308,São Paulo,35338216,2° ano do Ensino Fundamental,Municipal,Presente,Sim,806.3990448
2024,3550308,São Paulo,35396187,2° ano do Ensino Fundamental,Estadual,Presente,Não,703.6124474
2024,3550308,São Paulo,35437141,2° ano do Ensino Fundamental,Estadual,Presente,Não,742.8134938
2024,3550308,São Paulo,35365453,2° ano do Ensino Fundamental,Municipal,Presente,Sim,760.5073604
2024,3513801,Diadema,35255363,2° ano do Ensino Fundamental,Estadual,Presente,Sim,781.8094351
2024,3532009,Morungaba,35036408,2° ano do Ensino Fundamental,Municipal,Presente,Sim,786.1511403
2024,3552908,Taciba,35151052,2° ano do Ensino Fundamental,Municipal,Presente,Sim,806.3990448
2024,3555406,Ubatuba,35058870,2° ano do Ensino Fundamental,Municipal,Presente,Não,725.2636635
2024,3552403,Sumaré,35216442,2° ano do Ensino Fundamental,Municipal,Presente,Sim,821.514298
2024,3549904,São José dos Campos,35192732,2° ano do Ensino Fundamental,Municipal,Presente,Sim,821.514298
2024,3552502,Suzano,35328875,2° ano do Ensino Fundamental,Municipal,Presente,Sim,796.360933
2024,3550308,São Paulo,35442921,2° ano do Ensino Fundamental,Estadual,Presente,Sim,806.3990448
2024,3550308,São Paulo,35383315,2° ano do Ensino Fundamental,Estadual,Presente,Sim,786.1511403
2024,3522505,Itapevi,35279312,2° ano do Ensino Fundamental,Municipal,Presente,Sim,821.514298
2024,3550308,São Paulo,35349334,2° ano do Ensino Fundamental,Estadual,Presente,Não,700.5054116
2024,3550308,São Paulo,35383336,2° ano do Ensino Fundamental,Estadual,Presente,Sim,762.8928436
2024,3523107,Itaquaquecetuba,35286349,2° ano do Ensino Fundamental,Municipal,Presente,Sim,751.4911754
2024,3510609,Carapicuíba,35246730,2° ano do Ensino Fundamental,Estadual,Presente,Não,681.9473822
2024,3550308,São Paulo,35361737,2° ano do Ensino Fundamental,Municipal,Presente,Não,734.3967753
2024,3509502,Campinas,35038318,2° ano do Ensino Fundamental,Estadual,Presente,Sim,766.7537873
2024,3510609,Carapicuíba,35248783,2° ano do Ensino Fundamental,Estadual,Presente,Não,730.8940447
2024,3552502,Suzano,35327677,2° ano do Ensino Fundamental,Municipal,Presente,Sim,786.1511403
2024,3550308,São Paulo,35395589,2° ano do Ensino Fundamental,Estadual,Presente,Sim,786.1511403
2024,3501608,Americana,35003302,2° ano do Ensino Fundamental,Municipal,Presente,Não,680.2510386
2024,3516309,Francisco Morato,35243495,2° ano do Ensino Fundamental,Municipal,Presente,Sim,761.8596371
2024,3550308,São Paulo,35349320,2° ano do Ensino Fundamental,Estadual,Presente,Sim,774.4156938
2024,3522505,Itapevi,35280681,2° ano do Ensino Fundamental,Municipal,Presente,Sim,772.9357392
2024,4313409,Novo Hamburgo,43049062,2° ano do Ensino Fundamental,Municipal,Presente,Não,662.0598082
2024,3537107,Pedreira,35126978,2° ano do Ensino Fundamental,Municipal,Presente,Sim,821.514298
2024,3550308,São Paulo,35433067,2° ano do Ensino Fundamental,Estadual,Presente,Sim,821.514298
2024,3521002,Iperó,35080477,2° ano do Ensino Fundamental,Municipal,Presente,Sim,806.3990448
2024,4314902,Porto Alegre,43063067,2° ano do Ensino Fundamental,Estadual,Presente,Sim,775.3555138
2024,3525904,Jundiaí,35105312,2° ano do Ensino Fundamental,Municipal,Presente,Sim,806.3990448
2024,3523909,Itu,35081083,2° ano do Ensino Fundamental,Municipal,Presente,Sim,806.3990448
2024,3520301,Iguape,35120695,2° ano do Ensino Fundamental,Municipal,Presente,Não,672.6528368
2024,3526407,Laranjal Paulista,35031383,2° ano do Ensino Fundamental,Municipal,Presente,Não,687.7182123
2024,4301602,Bagé,43004753,2° ano do Ensino Fundamental,Municipal,Presente,Sim,763.6775439
2024,4309209,Gravataí,43035818,2° ano do Ensino Fundamental,Municipal,Presente,Não,726.0961263
2024,3542602,Registro,35152238,2° ano do Ensino Fundamental,Municipal,Presente,Sim,760.5073604
2024,3508702,Caconde,35174356,2° ano do Ensino Fundamental,Municipal,Presente,Sim,743.3827414
2024,3557105,Votuporanga,35233255,2° ano do Ensino Fundamental,Municipal,Presente,Sim,765.1643358
2024,3502101,Andradina,35006323,2° ano do Ensino Fundamental,Municipal,Presente,Sim,821.514298
2024,4314902,Porto Alegre,43063074,2° ano do Ensino Fundamental,Estadual,Presente,Não,675.1453054
2024,3542602,Registro,35152252,2° ano do Ensino Fundamental,Municipal,Presente,Sim,780.5060082
2024,3552551,Suzanápolis,35093767,2° ano do Ensino Fundamental,Municipal,Presente,Sim,806.3990448
2024,3506508,Birigui,35028289,2° ano do Ensino Fundamental,Municipal,Presente,Sim,806.3990448
2024,3513603,Cunha,35068322,2° ano do Ensino Fundamental,Municipal,Presente,Não,721.2579578
2024,3549805,São José do Rio Preto,35185058,2° ano do Ensino Fundamental,Municipal,Presente,Não,733.1587174
2024,3542909,Ribeirão Bonito,35171461,2° ano do Ensino Fundamental,Municipal,Presente,Sim,787.2131925
2024,3513702,Descalvado,35170459,2° ano do Ensino Fundamental,Municipal,Presente,Não,671.0757629
2024,1600303,Macapá,16002975,2° ano do Ensino Fundamental,Municipal,Presente,Sim,789.09
2024,3200607,Aracruz,32045992,2° ano do Ensino Fundamental,Municipal,Presente,Sim,774.94
2024,3114550,Carneirinho,31182325,2° ano do Ensino Fundamental,Municipal,Presente,Sim,774.72
2024,4104808,Cascavel,41133006,2° ano do Ensino Fundamental,Municipal,Presente,Não,714.88
2024,5002704,Campo Grande,50004120,2° ano do Ensino Fundamental,Municipal,Presente,Sim,782.18
2024,5108402,Várzea Grande,51046630,2° ano do Ensino Fundamental,Municipal,Presente,Sim,772.49
2024,2310308,Parambu,23045737,2° ano do Ensino Fundamental,Municipal,Presente,Sim,763.27
2024,3170701,Varginha,31057274,2° ano do Ensino Fundamental,Municipal,Presente,Não,688.4
2024,4109609,Guaratuba,41017507,2° ano do Ensino Fundamental,Municipal,Presente,Sim,774.87
2024,5208707,Goiânia,52072190,2° ano do Ensino Fundamental,Municipal,Presente,Sim,747.92
2024,3170206,Uberlândia,31129745,2° ano do Ensino Fundamental,Municipal,Presente,Sim,788.57
2024,4104907,Castro,41115772,2° ano do Ensino Fundamental,Municipal,Presente,Sim,753.21
2024,1501402,Belém,15089521,2° ano do Ensino Fundamental,Municipal,Presente,Sim,760.52
2024,1506351,Santa Bárbara do Pará,15066884,2° ano do Ensino Fundamental,Municipal,Presente,Não,736.88
2024,2211001,Teresina,22014547,2° ano do Ensino Fundamental,Municipal,Presente,Sim,800.7
2024,3302700,Maricá,33046979,2° ano do Ensino Fundamental,Municipal,Presente,Sim,750.39
2024,3550308,São Paulo,35403550,2° ano do Ensino Fundamental,Estadual,Presente,Sim,750.8108874
2024,1506351,Santa Bárbara do Pará,15066877,2° ano do Ensino Fundamental,Municipal,Presente,Não,694.56
2024,3550308,São Paulo,35390443,2° ano do Ensino Fundamental,Estadual,Presente,Não,659.9303151
2024,4102604,Barracão,41034063,2° ano do Ensino Fundamental,Municipal,Presente,Sim,768.65
2024,3133006,Itamonte,31135773,2° ano do Ensino Fundamental,Municipal,Presente,Sim,773.12
2024,5104104,Guarantã do Norte,51013651,2° ano do Ensino Fundamental,Municipal,Presente,Não,665.46
2024,1301902,Itacoatiara,13011669,2° ano do Ensino Fundamental,Municipal,Presente,Não,692.79
2024,3131307,Ipatinga,31066445,2° ano do Ensino Fundamental,Municipal,Presente,Sim,746.16
2024,3154002,Raul Soares,31077543,2° ano do Ensino Fundamental,Municipal,Presente,Sim,788.24
2024,5107040,Primavera do Leste,51019080,2° ano do Ensino Fundamental,Municipal,Presente,Sim,790.97
2024,4205704,Garopaba,42056758,2° ano do Ensino Fundamental,Municipal,Presente,Sim,785.85
2024,4218301,Três Barras,42019728,2° ano do Ensino Fundamental,Estadual,Presente,Não,730.92
2024,5106224,Nova Mutum,51010074,2° ano do Ensino Fundamental,Municipal,Presente,Sim,815.13
2024,5108402,Várzea Grande,51044685,2° ano do Ensino Fundamental,Municipal,Presente,Não,635.57
2024,1302603,Manaus,13039116,2° ano do Ensino Fundamental,Municipal,Presente,Não,695.97
2024,1302603,Manaus,13051094,2° ano do Ensino Fundamental,Municipal,Presente,Não,685.67
2024,2111300,São Luís,21010495,2° ano do Ensino Fundamental,Municipal,Presente,Sim,747.41
2024,4119509,Piraquara,41079762,2° ano do Ensino Fundamental,Municipal,Presente,Sim,775.04
2024,5208707,Goiânia,52002925,2° ano do Ensino Fundamental,Municipal,Presente,Sim,748.81
2024,2103604,Coroatá,21041746,2° ano do Ensino Fundamental,Municipal,Presente,Não,719.79
2024,3154606,Ribeirão das Neves,31167994,2° ano do Ensino Fundamental,Estadual,Presente,Não,683.59
2024,3304557,Rio de Janeiro,33110748,2° ano do Ensino Fundamental,Municipal,Presente,Sim,762.3
2024,3522505,Itapevi,35281799,2° ano do Ensino Fundamental,Municipal,Presente,Sim,780.5060082
2024,5003702,Dourados,50021355,2° ano do Ensino Fundamental,Municipal,Presente,Sim,768.17
2024,5208707,Goiânia,52005537,2° ano do Ensino Fundamental,Municipal,Presente,Sim,751.68
2024,1501782,Breu Branco,15018938,2° ano do Ensino Fundamental,Municipal,Presente,Não,698.77
2024,1502707,Conceição do Araguaia,15028258,2° ano do Ensino Fundamental,Municipal,Presente,Sim,743.14
2024,4108304,Foz do Iguaçu,41105916,2° ano do Ensino Fundamental,Municipal,Presente,Sim,777.22
2024,5002704,Campo Grande,50004059,2° ano do Ensino Fundamental,Municipal,Presente,Sim,747.69
2024,1702109,Araguaína,17009478,2° ano do Ensino Fundamental,Municipal,Presente,Não,709.1
2024,3305554,Seropédica,33088741,2° ano do Ensino Fundamental,Municipal,Presente,Sim,783.51
2024,4105805,Colombo,41063699,2° ano do Ensino Fundamental,Municipal,Presente,Não,662.87
2024,3205101,Viana,32022492,2° ano do Ensino Fundamental,Municipal,Presente,Sim,764.98
2024,2605004,Cupira,26004948,2° ano do Ensino Fundamental,Municipal,Presente,Não,660.37
2024,2608750,Lagoa Grande,26069163,2° ano do Ensino Fundamental,Municipal,Presente,Não,734.83
2024,3304557,Rio de Janeiro,33140040,2° ano do Ensino Fundamental,Municipal,Presente,Sim,791.21
2024,3171204,Vespasiano,31194842,2° ano do Ensino Fundamental,Municipal,Presente,Sim,754.99
2024,5300108,Brasília,53025088,2° ano do Ensino Fundamental,Estadual,Presente,Não,676.29
2024,3148103,Patrocínio,31176031,2° ano do Ensino Fundamental,Municipal,Presente,Sim,755.52
2024,3550308,São Paulo,35376191,2° ano do Ensino Fundamental,Estadual,Presente,Sim,761.8130055
2024,5212808,Mara Rosa,52053989,2° ano do Ensino Fundamental,Municipal,Presente,Sim,775.46
2024,3516309,Francisco Morato,35241585,2° ano do Ensino Fundamental,Municipal,Presente,Não,626.3676059
2024,3550308,São Paulo,35387735,2° ano do Ensino Fundamental,Estadual,Presente,Não,694.3156189
2024,5108402,Várzea Grande,51046609,2° ano do Ensino Fundamental,Municipal,Presente,Não,710.28
2024,5213087,Minaçu,52060286,2° ano do Ensino Fundamental,Municipal,Presente,Sim,818.77
2024,1505486,Pacajá,15054851,2° ano do Ensino Fundamental,Municipal,Presente,Não,725.65
2024,3137403,Lagoa Dourada,31106278,2° ano do Ensino Fundamental,Municipal,Presente,Sim,775.32
2024,4206702,Herval d'Oeste,42045465,2° ano do Ensino Fundamental,Municipal,Presente,Não,726.46
2024,5220454,Senador Canedo,52022266,2° ano do Ensino Fundamental,Municipal,Presente,Não,721.32
2024,1721000,Palmas,17001531,2° ano do Ensino Fundamental,Municipal,Presente,Sim,854.53
2024,3304557,Rio de Janeiro,33122177,2° ano do Ensino Fundamental,Municipal,Presente,Sim,766.76
2024,3304557,Rio de Janeiro,33132191,2° ano do Ensino Fundamental,Municipal,Presente,Sim,761.93
2024,4121901,Ribeirão do Pinhal,41071444,2° ano do Ensino Fundamental,Municipal,Presente,Sim,800.22
2024,2608750,Lagoa Grande,26069140,2° ano do Ensino Fundamental,Municipal,Presente,Sim,770.15
2024,3550308,São Paulo,35376198,2° ano do Ensino Fundamental,Estadual,Presente,Não,734.4551449
2024,5221858,Valparaíso de Goiás,52066654,2° ano do Ensino Fundamental,Municipal,Presente,Não,692.33
2024,3200136,Águia Branca,32030468,2° ano do Ensino Fundamental,Municipal,Presente,Sim,768.08
2024,3300407,Barra Mansa,33099327,2° ano do Ensino Fundamental,Municipal,Presente,Sim,765.6
2024,5000708,Anastácio,50010814,2° ano do Ensino Fundamental,Municipal,Presente,Não,628.62
2024,3205002,Serra,32006521,2° ano do Ensino Fundamental,Municipal,Presente,Não,652.32
2024,3303500,Nova Iguaçu,33062009,2° ano do Ensino Fundamental,Municipal,Presente,Não,720.66
2024,2306405,Itapipoca,23059332,2° ano do Ensino Fundamental,Municipal,Presente,Sim,832.34
2024,2609402,Moreno,26042702,2° ano do Ensino Fundamental,Municipal,Presente,Sim,801.44
2024,3109501,Cabo Verde,31188609,2° ano do Ensino Fundamental,Municipal,Presente,Sim,788.72
2024,3304557,Rio de Janeiro,33130616,2° ano do Ensino Fundamental,Municipal,Presente,Sim,808.3
2024,4204152,Celso Ramos,42018607,2° ano do Ensino Fundamental,Municipal,Presente,Sim,745.74
2024,5201405,Aparecida de Goiânia,52016815,2° ano do Ensino Fundamental,Municipal,Presente,Sim,775.26
2024,3304557,Rio de Janeiro,33132177,2° ano do Ensino Fundamental,Municipal,Presente,Sim,743.94
2024,4108403,Francisco Beltrão,41120866,2° ano do Ensino Fundamental,Municipal,Presente,Sim,762.06
2024,5300108,Brasília,53021594,2° ano do Ensino Fundamental,Estadual,Presente,Não,703.24
2024,1302603,Manaus,13051087,2° ano do Ensino Fundamental,Municipal,Presente,Não,735.05
2024,5211909,Jataí,52041197,2° ano do Ensino Fundamental,Municipal,Presente,Sim,806.68
2024,2412005,São Gonçalo do Amarante,24007365,2° ano do Ensino Fundamental,Municipal,Presente,Não,707.6
2024,2702306,Coruripe,27007861,2° ano do Ensino Fundamental,Municipal,Presente,Sim,803.54
2024,3145208,Nova Serrana,31124087,2° ano do Ensino Fundamental,Municipal,Presente,Não,693.46
2024,3536208,Pariquera-Açu,35151625,2° ano do Ensino Fundamental,Municipal,Presente,Sim,786.1511403
2024,3548708,São Bernardo do Campo,35323709,2° ano do Ensino Fundamental,Municipal,Presente,Sim,743.537517
2024,4119905,Ponta Grossa,41100290,2° ano do Ensino Fundamental,Municipal,Presente,Sim,743.14
2024,1200401,Rio Branco,12007503,2° ano do Ensino Fundamental,Municipal,Presente,Não,634.03
2024,1505031,Novo Progresso,15051044,2° ano do Ensino Fundamental,Municipal,Presente,Sim,758.2
2024,4103305,Borrazópolis,41084438,2° ano do Ensino Fundamental,Municipal,Presente,Sim,781.72
2024,1200401,Rio Branco,12009426,2° ano do Ensino Fundamental,Estadual,Presente,Sim,760.08
2024,3104205,Arcos,31151961,2° ano do Ensino Fundamental,Municipal,Presente,Sim,748.32
2024,3519071,Hortolândia,35218822,2° ano do Ensino Fundamental,Municipal,Presente,Sim,763.1131975
2024,4118402,Paranavaí,41023559,2° ano do Ensino Fundamental,Municipal,Presente,Sim,770.79
2024,4208906,Jaraguá do Sul,42042535,2° ano do Ensino Fundamental,Estadual,Presente,Não,730.14
2024,5104104,Guarantã do Norte,51013672,2° ano do Ensino Fundamental,Municipal,Presente,Não,670.38
2024,3148004,Patos de Minas,31158830,2° ano do Ensino Fundamental,Municipal,Presente,Sim,772.85
2024,3205002,Serra,32005691,2° ano do Ensino Fundamental,Municipal,Presente,Sim,752.8
2024,4204194,Chapadão do Lageado,42041796,2° ano do Ensino Fundamental,Municipal,Presente,Sim,766.55
2024,4204608,Criciúma,42026485,2° ano do Ensino Fundamental,Municipal,Presente,Sim,779.67
2024,3522505,Itapevi,35281778,2° ano do Ensino Fundamental,Municipal,Presente,Sim,806.3990448
2024,2509107,Mari,25015650,2° ano do Ensino Fundamental,Municipal,Presente,Sim,749.73
2024,3202405,Guarapari,32047317,2° ano do Ensino Fundamental,Municipal,Presente,Sim,768.35
2024,3550308,São Paulo,35345445,2° ano do Ensino Fundamental,Municipal,Presente,Sim,765.8537247
2024,5213509,Monte Alegre de Goiás,52055231,2° ano do Ensino Fundamental,Municipal,Presente,Sim,803.62
2024,3158102,Santa Maria do Salto,31156038,2° ano do Ensino Fundamental,Municipal,Presente,Não,709.49
2024,3200607,Aracruz,32024344,2° ano do Ensino Fundamental,Municipal,Presente,Sim,783.18
2024,2402204,Canguaretama,24016125,2° ano do Ensino Fundamental,Municipal,Presente,Sim,753.63
2024,4119509,Piraquara,41059806,2° ano do Ensino Fundamental,Municipal,Presente,Sim,762.07
2024,5213087,Minaçu,52076791,2° ano do Ensino Fundamental,Municipal,Presente,Sim,764.19
2024,2111201,São José de Ribamar,21003771,2° ano do Ensino Fundamental,Municipal,Presente,Não,698.96
2024,2414209,Tibau do Sul,24019947,2° ano do Ensino Fundamental,Municipal,Presente,Não,740.98
2024,3301702,Duque de Caxias,33025910,2° ano do Ensino Fundamental,Municipal,Presente,Sim,790.66
2024,3523107,Itaquaquecetuba,35286835,2° ano do Ensino Fundamental,Municipal,Presente,Não,656.3628835
2024,3541000,Praia Grande,35146624,2° ano do Ensino Fundamental,Municipal,Presente,Sim,747.7260995
2024,4125506,São José dos Pinhais,41098198,2° ano do Ensino Fundamental,Municipal,Presente,Sim,743.54
2024,5103403,Cuiabá,51036248,2° ano do Ensino Fundamental,Municipal,Presente,Não,694.15
2024,5205513,Cocalzinho de Goiás,52014048,2° ano do Ensino Fundamental,Municipal,Presente,Sim,817.7
2024,1714880,Nova Olinda,17010491,2° ano do Ensino Fundamental,Municipal,Presente,Sim,811.11
2024,3303302,Niterói,33052357,2° ano do Ensino Fundamental,Municipal,Presente,Não,736.21
2024,4109609,Guaratuba,41032839,2° ano do Ensino Fundamental,Municipal,Presente,Sim,783.49
2024,1600303,Macapá,16006911,2° ano do Ensino Fundamental,Estadual,Presente,Não,720.12
2024,2512705,Remígio,25025587,2° ano do Ensino Fundamental,Municipal,Presente,Sim,781.44
2024,1501576,Bom Jesus do Tocantins,15016643,2° ano do Ensino Fundamental,Municipal,Presente,Sim,751.02
2024,2405108,Jandaíra,24015077,2° ano do Ensino Fundamental,Estadual,Presente,Não,674.61
2024,3304557,Rio de Janeiro,33123751,2° ano do Ensino Fundamental,Municipal,Presente,Sim,785.93
2024,3518701,Guarujá,35163685,2° ano do Ensino Fundamental,Estadual,Presente,Não,694.5423997
2024,4125506,São José dos Pinhais,41031431,2° ano do Ensino Fundamental,Municipal,Presente,Sim,780.39
2024,4215505,Santa Cecília,42031460,2° ano do Ensino Fundamental,Municipal,Presente,Sim,779.42
2024,5201108,Anápolis,52010692,2° ano do Ensino Fundamental,Municipal,Presente,Não,689.62
2024,5221858,Valparaíso de Goiás,52066661,2° ano do Ensino Fundamental,Municipal,Presente,Sim,753.16
2024,3306008,Três Rios,33093008,2° ano do Ensino Fundamental,Municipal,Presente,Sim,757.22
2024,3513009,Cotia,35252459,2° ano do Ensino Fundamental,Municipal,Presente,Sim,778.2353432
2024,4112751,Jesuítas,41040543,2° ano do Ensino Fundamental,Municipal,Presente,Sim,784.06
2024,4125506,São José dos Pinhais,41132349,2° ano do Ensino Fundamental,Municipal,Presente,Não,736.55
2024,5212501,Luziânia,52030200,2° ano do Ensino Fundamental,Municipal,Presente,Sim,806.33
2024,2800308,Aracaju,28016318,2° ano do Ensino Fundamental,Municipal,Presente,Sim,757.53
2024,3205002,Serra,32044965,2° ano do Ensino Fundamental,Municipal,Presente,Não,710.07
2024,3548708,São Bernardo do Campo,35323723,2° ano do Ensino Fundamental,Municipal,Presente,Sim,778.2353432
2024,3550308,São Paulo,35392185,2° ano do Ensino Fundamental,Estadual,Presente,Sim,786.1511403
2024,5105200,Juscimeira,51020665,2° ano do Ensino Fundamental,Municipal,Presente,Não,733.77
2024,3548708,São Bernardo do Campo,35318271,2° ano do Ensino Fundamental,Municipal,Presente,Não,696.1591896
2024,3550308,São Paulo,35389280,2° ano do Ensino Fundamental,Estadual,Presente,Não,695.8595394
2024,3509502,Campinas,35047405,2° ano do Ensino Fundamental,Estadual,Presente,Sim,787.2131925
2024,3550308,São Paulo,35381071,2° ano do Ensino Fundamental,Estadual,Presente,Sim,821.514298
2024,3522505,Itapevi,35280499,2° ano do Ensino Fundamental,Municipal,Presente,Sim,821.514298
2024,4309407,Guaporé,43037987,2° ano do Ensino Fundamental,Estadual,Presente,Sim,779.7064894
2024,3515103,Embu-Guaçu,35274788,2° ano do Ensino Fundamental,Estadual,Presente,Sim,787.2131925
2024,3548500,Santos,35167727,2° ano do Ensino Fundamental,Municipal,Presente,Sim,787.2131925
2024,3503703,Ariranha,35059181,2° ano do Ensino Fundamental,Municipal,Presente,Sim,755.4481246
2024,3515194,Espírito Santo do Turvo,35130060,2° ano do Ensino Fundamental,Municipal,Presente,Não,725.8670641
2024,3547304,Santana de Parnaíba,35307777,2° ano do Ensino Fundamental,Municipal,Presente,Não,728.2905851
2024,3550308,São Paulo,35415270,2° ano do Ensino Fundamental,Municipal,Presente,Não,727.3809256
2024,3509205,Cajamar,35240137,2° ano do Ensino Fundamental,Municipal,Presente,Não,723.8541519
2024,4303509,Camaquã,43009931,2° ano do Ensino Fundamental,Estadual,Presente,Sim,763.0209221
2024,3524600,Jacupiranga,35151376,2° ano do Ensino Fundamental,Municipal,Presente,Não,727.1555242
2024,4314902,Porto Alegre,43067993,2° ano do Ensino Fundamental,Municipal,Presente,Não,705.2386459
2024,3513801,Diadema,35256023,2° ano do Ensino Fundamental,Municipal,Presente,Não,722.4152109
2024,3540705,Porto Ferreira,35142466,2° ano do Ensino Fundamental,Municipal,Presente,Não,733.3423238
2024,3515103,Embu-Guaçu,35274781,2° ano do Ensino Fundamental,Estadual,Presente,Sim,770.7004369
2024,3522109,Itanhaém,35197587,2° ano do Ensino Fundamental,Municipal,Presente,Sim,821.514298
2024,3530607,Mogi das Cruzes,35298980,2° ano do Ensino Fundamental,Municipal,Presente,Sim,766.7537873
2024,4303103,Cachoeirinha,43009781,2° ano do Ensino Fundamental,Municipal,Presente,Sim,762.6974346
2024,3517604,Guapiara,35008106,2° ano do Ensino Fundamental,Municipal,Presente,Sim,806.3990448
2024,3505708,Barueri,35236771,2° ano do Ensino Fundamental,Municipal,Presente,Sim,785.2776896
2024,3510609,Carapicuíba,35249896,2° ano do Ensino Fundamental,Municipal,Presente,Sim,787.2131925
2024,3555604,Uchoa,35181768,2° ano do Ensino Fundamental,Municipal,Presente,Sim,806.3990448
2024,4309407,Guaporé,43037994,2° ano do Ensino Fundamental,Estadual,Presente,Não,712.4393101
2024,3548807,São Caetano do Sul,35315655,2° ano do Ensino Fundamental,Municipal,Presente,Sim,766.7537873
2024,3550308,São Paulo,35390063,2° ano do Ensino Fundamental,Estadual,Presente,Sim,778.2353432
2024,3522406,Itapeva,35076958,2° ano do Ensino Fundamental,Municipal,Presente,Sim,751.0467363
2024,4306205,Cruzeiro do Sul,43043735,2° ano do Ensino Fundamental,Municipal,Presente,Não,718.7346958
2024,3509502,Campinas,35047406,2° ano do Ensino Fundamental,Estadual,Presente,Sim,750.1414702
2024,3544004,Rio das Pedras,35054523,2° ano do Ensino Fundamental,Municipal,Presente,Não,693.205092
2024,4319109,São Martinho,43097446,2° ano do Ensino Fundamental,Municipal,Presente,Sim,805.5091194
2024,3526704,Leme,35140763,2° ano do Ensino Fundamental,Municipal,Presente,Não,654.6568518
2024,3526902,Limeira,35111941,2° ano do Ensino Fundamental,Municipal,Presente,Sim,778.2353432
2024,3548708,São Bernardo do Campo,35319109,2° ano do Ensino Fundamental,Municipal,Presente,Sim,791.3318804
2024,4304705,Carazinho,43015939,2° ano do Ensino Fundamental,Estadual,Presente,Sim,758.6754894
2024,3515202,Estrela d'Oeste,35061490,2° ano do Ensino Fundamental,Municipal,Presente,Não,740.0191034
2024,3550308,São Paulo,35373044,2° ano do Ensino Fundamental,Estadual,Presente,Sim,821.514298
2024,3550308,São Paulo,35400069,2° ano do Ensino Fundamental,Estadual,Presente,Não,671.0344388
2024,3510500,Caraguatatuba,35054755,2° ano do Ensino Fundamental,Municipal,Presente,Não,701.8321743
2024,3518800,Guarulhos,35260799,2° ano do Ensino Fundamental,Municipal,Presente,Não,730.8940447
2024,2407906,Monte das Gameleiras,24020975,2° ano do Ensino Fundamental,Municipal,Presente,Sim,796.72
2024,2601706,Belo Jardim,26000778,2° ano do Ensino Fundamental,Municipal,Presente,Não,735.21
2024,3101508,Além Paraíba,31163110,2° ano do Ensino Fundamental,Municipal,Presente,Não,683.59
2024,3304557,Rio de Janeiro,33102143,2° ano do Ensino Fundamental,Municipal,Presente,Não,662.19
2024,5300108,Brasília,53013743,2° ano do Ensino Fundamental,Estadual,Presente,Não,726.79
2024,1302603,Manaus,13056886,2° ano do Ensino Fundamental,Municipal,Presente,Sim,769.75
2024,2111300,São Luís,21006832,2° ano do Ensino Fundamental,Municipal,Presente,Não,699.75
2024,3115102,Cássia,31046253,2° ano do Ensino Fundamental,Municipal,Presente,Sim,826.11
2024,3154150,Reduto,31148522,2° ano do Ensino Fundamental,Municipal,Presente,Sim,761.62
2024,3301900,Itaboraí,33033952,2° ano do Ensino Fundamental,Municipal,Presente,Sim,766.21
2024,4104451,Cantagalo,41066562,2° ano do Ensino Fundamental,Municipal,Presente,Sim,774.27
2024,5003207,Corumbá,50015719,2° ano do Ensino Fundamental,Municipal,Presente,Não,742.76
2024,5002951,Chapadão do Sul,50032603,2° ano do Ensino Fundamental,Municipal,Presente,Não,632.47
2024,5003702,Dourados,50039651,2° ano do Ensino Fundamental,Estadual,Presente,Não,690.75
2024,1300839,Caapiranga,13004989,2° ano do Ensino Fundamental,Municipal,Presente,Sim,757.48
2024,1506807,Santarém,15073535,2° ano do Ensino Fundamental,Municipal,Presente,Sim,765.34
2024,3113404,Caratinga,31169511,2° ano do Ensino Fundamental,Municipal,Presente,Não,742.25
2024,3133105,Itanhandu,31033595,2° ano do Ensino Fundamental,Estadual,Presente,Sim,783.4
2024,3167202,Sete Lagoas,31182103,2° ano do Ensino Fundamental,Municipal,Presente,Sim,772.07
2024,3200201,Alegre,32040548,2° ano do Ensino Fundamental,Municipal,Presente,Não,737.96
2024,5002704,Campo Grande,50040826,2° ano do Ensino Fundamental,Municipal,Presente,Não,738.74
2024,5201108,Anápolis,52010201,2° ano do Ensino Fundamental,Municipal,Presente,Sim,788.7
2024,5300108,Brasília,53025884,2° ano do Ensino Fundamental,Estadual,Presente,Sim,749.86
2024,2302206,Beberibe,23022230,2° ano do Ensino Fundamental,Municipal,Presente,Sim,772.94
2024,2704302,Maceió,27016790,2° ano do Ensino Fundamental,Municipal,Presente,Não,732.94
2024,4104303,Campo Mourão,41004539,2° ano do Ensino Fundamental,Municipal,Presente,Sim,764.1
2024,4106902,Curitiba,41095364,2° ano do Ensino Fundamental,Municipal,Presente,Não,701.47
2024,5007109,Ribas do Rio Pardo,50013579,2° ano do Ensino Fundamental,Municipal,Presente,Não,672.45
2024,3202454,Ibatiba,32041362,2° ano do Ensino Fundamental,Municipal,Presente,Sim,781.34
2024,3205002,Serra,32001977,2° ano do Ensino Fundamental,Municipal,Presente,Sim,777.02
2024,1721000,Palmas,17003416,2° ano do Ensino Fundamental,Municipal,Presente,Não,723.62
2024,3305505,Saquarema,33088214,2° ano do Ensino Fundamental,Municipal,Presente,Não,672.0
2024,4116901,Nova Esperança,41075762,2° ano do Ensino Fundamental,Municipal,Presente,Sim,801.75
2024,4217808,Taió,42081874,2° ano do Ensino Fundamental,Municipal,Presente,Sim,751.27
2024,5201108,Anápolis,52010208,2° ano do Ensino Fundamental,Municipal,Presente,Sim,793.18
2024,3148004,Patos de Minas,31007146,2° ano do Ensino Fundamental,Estadual,Presente,Sim,774.75
2024,3300100,Angra dos Reis,33065375,2° ano do Ensino Fundamental,Municipal,Presente,Sim,758.47
2024,4100400,Almirante Tamandaré,41131019,2° ano do Ensino Fundamental,Municipal,Presente,Sim,748.62
2024,5201108,Anápolis,52011249,2° ano do Ensino Fundamental,Municipal,Presente,Sim,757.31
2024,2209872,São João da Fronteira,22007451,2° ano do Ensino Fundamental,Municipal,Presente,Não,698.01
2024,2211001,Teresina,22013467,2° ano do Ensino Fundamental,Municipal,Presente,Sim,747.34
2024,3106705,Betim,31194325,2° ano do Ensino Fundamental,Municipal,Presente,Sim,782.37
2024,3107802,Bom Jesus do Galho,31052561,2° ano do Ensino Fundamental,Estadual,Presente,Sim,759.16
2024,4113700,Londrina,41099567,2° ano do Ensino Fundamental,Municipal,Presente,Sim,763.57
2024,5002704,Campo Grande,50006482,2° ano do Ensino Fundamental,Municipal,Presente,Não,735.18
2024,2802106,Estância,28001025,2° ano do Ensino Fundamental,Municipal,Presente,Não,666.16
2024,4108320,Francisco Alves,41092265,2° ano do Ensino Fundamental,Municipal,Presente,Não,679.66
2024,4209300,Lages,42055737,2° ano do Ensino Fundamental,Municipal,Presente,Não,722.75
2024,1100023,Ariquemes,11000776,2° ano do Ensino Fundamental,Municipal,Presente,Sim,771.86
2024,2111300,São Luís,21066734,2° ano do Ensino Fundamental,Municipal,Presente,Não,683.79
2024,2205458,Joca Marques,22004679,2° ano do Ensino Fundamental,Municipal,Presente,Sim,753.47
2024,2504009,Campina Grande,25022778,2° ano do Ensino Fundamental,Municipal,Presente,Não,708.02
2024,2601706,Belo Jardim,26000554,2° ano do Ensino Fundamental,Municipal,Presente,Não,656.67
2024,2610509,Passira,26076353,2° ano do Ensino Fundamental,Municipal,Presente,Sim,767.65
2024,4117503,Paiçandu,41016059,2° ano do Ensino Fundamental,Municipal,Presente,Não,709.18
2024,5221858,Valparaíso de Goiás,52065839,2° ano do Ensino Fundamental,Municipal,Presente,Sim,776.27
2024,4113700,Londrina,41118217,2° ano do Ensino Fundamental,Municipal,Presente,Sim,757.3
2024,5002704,Campo Grande,50007865,2° ano do Ensino Fundamental,Municipal,Presente,Não,690.29
2024,2702306,Coruripe,27008163,2° ano do Ensino Fundamental,Municipal,Presente,Sim,802.9
2024,2704302,Maceió,27000566,2° ano do Ensino Fundamental,Estadual,Presente,Sim,759.39
2024,2704302,Maceió,27013100,2° ano do Ensino Fundamental,Municipal,Presente,Sim,768.13
2024,3162104,São Gotardo,31112250,2° ano do Ensino Fundamental,Municipal,Presente,Sim,768.42
2024,4107603,Faxinal,41013562,2° ano do Ensino Fundamental,Municipal,Presente,Sim,786.65
2024,4109807,Ibiporã,41029237,2° ano do Ensino Fundamental,Municipal,Presente,Sim,793.71
2024,1709500,Gurupi,17005499,2° ano do Ensino Fundamental,Municipal,Presente,Não,705.69
2024,2503506,Cacimba de Dentro,25018698,2° ano do Ensino Fundamental,Municipal,Presente,Não,704.38
2024,2706703,Penedo,27000682,2° ano do Ensino Fundamental,Estadual,Presente,Sim,779.29
2024,2103703,Cururupu,21034410,2° ano do Ensino Fundamental,Municipal,Presente,Não,732.99
2024,2208007,Picos,22019493,2° ano do Ensino Fundamental,Municipal,Presente,Sim,804.26
2024,4117503,Paiçandu,41136397,2° ano do Ensino Fundamental,Municipal,Presente,Não,665.68
2024,2803203,Itaporanga d'Ajuda,28005519,2° ano do Ensino Fundamental,Municipal,Presente,Sim,795.8
2024,3122306,Divinópolis,31020237,2° ano do Ensino Fundamental,Municipal,Presente,Sim,841.09
2024,3128402,Guarani,31024500,2° ano do Ensino Fundamental,Municipal,Presente,Sim,777.16
2024,3305208,São Pedro da Aldeia,33014144,2° ano do Ensino Fundamental,Municipal,Presente,Sim,744.8
2024,4125506,São José dos Pinhais,41073299,2° ano do Ensino Fundamental,Municipal,Presente,Sim,786.14
2024,5003702,Dourados,50019846,2° ano do Ensino Fundamental,Municipal,Presente,Sim,799.73
2024,1504208,Marabá,15040522,2° ano do Ensino Fundamental,Municipal,Presente,Sim,756.98
2024,2611606,Recife,26046772,2° ano do Ensino Fundamental,Municipal,Presente,Não,706.83
2024,5002704,Campo Grande,50005404,2° ano do Ensino Fundamental,Municipal,Presente,Sim,744.61
2024,5107925,Sorriso,51030830,2° ano do Ensino Fundamental,Municipal,Presente,Sim,818.28
2024,5208004,Formosa,52026348,2° ano do Ensino Fundamental,Municipal,Presente,Sim,747.74
2024,1302603,Manaus,13049922,2° ano do Ensino Fundamental,Estadual,Presente,Sim,759.25
2024,2104800,Grajaú,21050069,2° ano do Ensino Fundamental,Municipal,Presente,Sim,770.25
2024,2602605,Brejo da Madre de Deus,26001362,2° ano do Ensino Fundamental,Municipal,Presente,Não,694.34
2024,2606002,Garanhuns,26010059,2° ano do Ensino Fundamental,Municipal,Presente,Sim,792.55
2024,3129905,Ibitiúra de Minas,31181828,2° ano do Ensino Fundamental,Municipal,Presente,Sim,788.5
2024,5106505,Poconé,51043117,2° ano do Ensino Fundamental,Municipal,Presente,Não,729.5
2024,2705705,Olho d'Água das Flores,27020904,2° ano do Ensino Fundamental,Municipal,Presente,Sim,759.45
2024,5103254,Colniza,51011748,2° ano do Ensino Fundamental,Municipal,Presente,Não,742.96
2024,2209872,São João da Fronteira,22007458,2° ano do Ensino Fundamental,Municipal,Presente,Sim,778.51
2024,5106505,Poconé,51043131,2° ano do Ensino Fundamental,Municipal,Presente,Não,704.29
2024,1304062,Tabatinga,13024175,2° ano do Ensino Fundamental,Municipal,Presente,Não,691.98
2024,2105302,Imperatriz,21027645,2° ano do Ensino Fundamental,Municipal,Presente,Sim,810.28
2024,3105400,Barão de Cocais,31131755,2° ano do Ensino Fundamental,Municipal,Presente,Sim,752.64
2024,1303809,São Gabriel da Cachoeira,13022314,2° ano do Ensino Fundamental,Estadual,Presente,Não,626.34
2024,2407906,Monte das Gameleiras,24020982,2° ano do Ensino Fundamental,Municipal,Presente,Não,653.15
2024,3128402,Guarani,31101252,2° ano do Ensino Fundamental,Municipal,Presente,Não,697.2
2024,3139300,Manga,31049467,2° ano do Ensino Fundamental,Estadual,Presente,Sim,770.62
2024,1302603,Manaus,13049915,2° ano do Ensino Fundamental,Estadual,Presente,Não,670.15
2024,4113700,Londrina,41075146,2° ano do Ensino Fundamental,Municipal,Presente,Sim,747.62
2024,2111300,São Luís,21009889,2° ano do Ensino Fundamental,Municipal,Presente,Não,739.07
2024,2608057,Jatobá,26067831,2° ano do Ensino Fundamental,Municipal,Presente,Sim,777.56
2024,3303856,Paty do Alferes,33066754,2° ano do Ensino Fundamental,Municipal,Presente,Não,719.26
2024,5002951,Chapadão do Sul,50032596,2° ano do Ensino Fundamental,Municipal,Presente,Sim,780.01
2024,1304062,Tabatinga,13024092,2° ano do Ensino Fundamental,Municipal,Presente,Não,734.46
2024,1709500,Gurupi,17018719,2° ano do Ensino Fundamental,Municipal,Presente,Não,716.62
2024,2104800,Grajaú,21049919,2° ano do Ensino Fundamental,Municipal,Presente,Não,724.89
2024,3304557,Rio de Janeiro,33136686,2° ano do Ensino Fundamental,Municipal,Presente,Não,666.26
2024,2101301,Bacuri,21033954,2° ano do Ensino Fundamental,Municipal,Presente,Não,614.64
2024,3304557,Rio de Janeiro,33143568,2° ano do Ensino Fundamental,Municipal,Presente,Sim,760.11
2024,4128104,Umuarama,41072028,2° ano do Ensino Fundamental,Municipal,Presente,Sim,770.01
2024,4215505,Santa Cecília,42031263,2° ano do Ensino Fundamental,Municipal,Presente,Sim,757.66
2024,4218608,Trombudo Central,42071423,2° ano do Ensino Fundamental,Municipal,Presente,Sim,743.34
2024,5100250,Alta Floresta,51000622,2° ano do Ensino Fundamental,Municipal,Presente,Sim,755.84
2024,1300839,Caapiranga,13004982,2° ano do Ensino Fundamental,Municipal,Presente,Não,719.68
2024,1508100,Tucuruí,15084175,2° ano do Ensino Fundamental,Municipal,Presente,Não,669.47
2024,3131307,Ipatinga,31068401,2° ano do Ensino Fundamental,Estadual,Presente,Sim,784.8
2024,4119400,Piraí do Sul,41006115,2° ano do Ensino Fundamental,Municipal,Presente,Sim,821.25
2024,5107602,Rondonópolis,51022716,2° ano do Ensino Fundamental,Municipal,Presente,Não,635.57
2024,2611606,Recife,26045093,2° ano do Ensino Fundamental,Municipal,Presente,Não,716.5
2024,3157005,Salinas,31019990,2° ano do Ensino Fundamental,Municipal,Presente,Sim,768.68
2024,1718501,Recursolândia,17017234,2° ano do Ensino Fundamental,Municipal,Presente,Sim,782.39
2024,3304557,Rio de Janeiro,33104795,2° ano do Ensino Fundamental,Municipal,Presente,Sim,819.27
2024,5102504,Cáceres,51004665,2° ano do Ensino Fundamental,Municipal,Presente,Sim,760.6
2024,1501808,Breves,15019170,2° ano do Ensino Fundamental,Municipal,Presente,Sim,746.42
2024,3118403,Conselheiro Pena,31192406,2° ano do Ensino Fundamental,Municipal,Presente,Não,703.96
2024,3304557,Rio de Janeiro,33123940,2° ano do Ensino Fundamental,Municipal,Presente,Não,729.29
2024,4127106,Telêmaco Borba,41054392,2° ano do Ensino Fundamental,Municipal,Presente,Sim,749.9
2024,3162500,São João del Rei,31154599,2° ano do Ensino Fundamental,Municipal,Presente,Sim,818.15
2024,5107040,Primavera do Leste,51018239,2° ano do Ensino Fundamental,Municipal,Presente,Sim,787.86
2024,1302900,Maués,13016344,2° ano do Ensino Fundamental,Municipal,Presente,Sim,756.74
2024,1501725,Brasil Novo,15018362,2° ano do Ensino Fundamental,Municipal,Presente,Sim,828.82
2024,2106805,Mirinzal,21034948,2° ano do Ensino Fundamental,Municipal,Presente,Não,717.37
2024,2507705,Juazeirinho,25028338,2° ano do Ensino Fundamental,Municipal,Presente,Sim,850.59
2024,3141702,Mesquita,31137029,2° ano do Ensino Fundamental,Municipal,Presente,Não,736.48
2024,4108304,Foz do Iguaçu,41134408,2° ano do Ensino Fundamental,Municipal,Presente,Sim,818.12
2024,4115002,Marilena,41004897,2° ano do Ensino Fundamental,Municipal,Presente,Sim,759.32
2024,2107506,Paço do Lumiar,21001024,2° ano do Ensino Fundamental,Municipal,Presente,Não,730.83
2024,2412005,São Gonçalo do Amarante,24006697,2° ano do Ensino Fundamental,Municipal,Presente,Sim,755.72
2024,3168606,Teófilo Otoni,31157303,2° ano do Ensino Fundamental,Estadual,Presente,Sim,759.83
2024,4125506,São José dos Pinhais,41132200,2° ano do Ensino Fundamental,Municipal,Presente,Não,699.42
2024,5100250,Alta Floresta,51000615,2° ano do Ensino Fundamental,Municipal,Presente,Não,660.19
2024,5200258,Águas Lindas de Goiás,52068877,2° ano do Ensino Fundamental,Municipal,Presente,Não,723.04
2024,5300108,Brasília,53004853,2° ano do Ensino Fundamental,Estadual,Presente,Não,732.09
2024,5300108,Brasília,53016793,2° ano do Ensino Fundamental,Estadual,Presente,Sim,761.4
2024,1100122,Ji-Paraná,11006510,2° ano do Ensino Fundamental,Estadual,Presente,Não,651.78
2024,1200401,Rio Branco,12010802,2° ano do Ensino Fundamental,Municipal,Presente,Sim,766.57
2024,4120853,Quatro Pontes,41075343,2° ano do Ensino Fundamental,Municipal,Presente,Sim,744.06
2024,5007109,Ribas do Rio Pardo,50013593,2° ano do Ensino Fundamental,Municipal,Presente,Não,675.32
2024,2601706,Belo Jardim,26000774,2° ano do Ensino Fundamental,Municipal,Presente,Não,727.5
2024,2704302,Maceió,27001438,2° ano do Ensino Fundamental,Estadual,Presente,Não,729.14
2024,3106705,Betim,31091112,2° ano do Ensino Fundamental,Municipal,Presente,Sim,760.49
2024,4208500,Ituporanga,42042129,2° ano do Ensino Fundamental,Estadual,Presente,Sim,812.2
2024,5201108,Anápolis,52011256,2° ano do Ensino Fundamental,Municipal,Presente,Sim,772.51
2024,1504802,Monte Alegre,15048775,2° ano do Ensino Fundamental,Municipal,Presente,Não,726.01
2024,3205200,Vila Velha,32016446,2° ano do Ensino Fundamental,Municipal,Presente,Sim,781.59
2024,3303500,Nova Iguaçu,33063634,2° ano do Ensino Fundamental,Municipal,Presente,Não,658.65
2024,1600600,Santana,16009589,2° ano do Ensino Fundamental,Estadual,Presente,Não,713.1
2024,2109452,Raposa,21002098,2° ano do Ensino Fundamental,Municipal,Presente,Sim,783.66
2024,2517001,Umbuzeiro,25013160,2° ano do Ensino Fundamental,Municipal,Presente,Sim,786.69
2024,3110509,Camanducaia,31101673,2° ano do Ensino Fundamental,Municipal,Presente,Não,645.16
2024,3148004,Patos de Minas,31060307,2° ano do Ensino Fundamental,Estadual,Presente,Sim,782.4
2024,4106902,Curitiba,41130043,2° ano do Ensino Fundamental,Municipal,Presente,Não,688.01
2024,4115804,Medianeira,41078466,2° ano do Ensino Fundamental,Municipal,Presente,Sim,771.15
2024,4119301,Pinhão,41114663,2° ano do Ensino Fundamental,Municipal,Presente,Sim,765.91
2024,4128500,Wenceslau Braz,41008794,2° ano do Ensino Fundamental,Municipal,Presente,Sim,783.57
2024,5208400,Goianápolis,52014343,2° ano do Ensino Fundamental,Municipal,Presente,Sim,785.93
2024,1503606,Itaituba,15036173,2° ano do Ensino Fundamental,Municipal,Presente,Não,693.82
2024,1504208,Marabá,15040230,2° ano do Ensino Fundamental,Municipal,Presente,Não,735.24
2024,2205458,Joca Marques,22004665,2° ano do Ensino Fundamental,Municipal,Presente,Sim,749.82
2024,3107802,Bom Jesus do Galho,31095836,2° ano do Ensino Fundamental,Estadual,Presente,Sim,799.57
2024,3121605,Diamantina,31105580,2° ano do Ensino Fundamental,Municipal,Presente,Sim,795.98
2024,4204301,Concórdia,42025463,2° ano do Ensino Fundamental,Municipal,Presente,Sim,781.08
2024,2111300,São Luís,21005629,2° ano do Ensino Fundamental,Municipal,Presente,Sim,750.04
2024,1302504,Manacapuru,13013819,2° ano do Ensino Fundamental,Municipal,Presente,Não,722.23
2024,1500909,Augusto Corrêa,15012017,2° ano do Ensino Fundamental,Municipal,Presente,Sim,757.07
2024,2611606,Recife,26052857,2° ano do Ensino Fundamental,Municipal,Presente,Não,697.4
2024,3162104,São Gotardo,31109923,2° ano do Ensino Fundamental,Municipal,Presente,Sim,779.72
2024,4121208,Quitandinha,41082752,2° ano do Ensino Fundamental,Municipal,Presente,Sim,757.6
2024,4127700,Toledo,41022137,2° ano do Ensino Fundamental,Municipal,Presente,Sim,774.42
2024,5208806,Goianira,52036232,2° ano do Ensino Fundamental,Municipal,Presente,Sim,770.93
2024,1508308,Viseu,15086444,2° ano do Ensino Fundamental,Municipal,Presente,Não,657.03
2024,2103406,Coelho Neto,21039218,2° ano do Ensino Fundamental,Municipal,Presente,Sim,778.62
2024,3107802,Bom Jesus do Galho,31137437,2° ano do Ensino Fundamental,Estadual,Presente,Sim,765.62
2024,3136702,Juiz de Fora,31196521,2° ano do Ensino Fundamental,Estadual,Presente,Sim,815.61
2024,3204203,Piúma,32012259,2° ano do Ensino Fundamental,Municipal,Presente,Sim,775.07
2024,4108304,Foz do Iguaçu,41050989,2° ano do Ensino Fundamental,Municipal,Presente,Não,722.72
2024,2510501,Olivedos,25024989,2° ano do Ensino Fundamental,Municipal,Presente,Sim,820.25
2024,4106902,Curitiba,41133844,2° ano do Ensino Fundamental,Municipal,Presente,Não,694.51
2024,4118501,Pato Branco,41009174,2° ano do Ensino Fundamental,Municipal,Presente,Sim,773.47
2024,3170057,Ubaporanga,31008274,2° ano do Ensino Fundamental,Estadual,Presente,Não,705.64
2024,3303500,Nova Iguaçu,33063969,2° ano do Ensino Fundamental,Municipal,Presente,Não,683.58
2024,1504208,Marabá,15040455,2° ano do Ensino Fundamental,Municipal,Presente,Sim,766.27
2024,2311801,Russas,23004858,2° ano do Ensino Fundamental,Municipal,Presente,Sim,796.02
2024,3304557,Rio de Janeiro,33109264,2° ano do Ensino Fundamental,Municipal,Presente,Não,722.55
2024,3170206,Uberlândia,31172978,2° ano do Ensino Fundamental,Municipal,Presente,Não,670.63
2024,5003157,Coronel Sapucaia,50034201,2° ano do Ensino Fundamental,Municipal,Presente,Sim,783.02
2024,1304203,Tefé,13025517,2° ano do Ensino Fundamental,Estadual,Presente,Não,685.86
2024,2105351,Itaipava do Grajaú,21050901,2° ano do Ensino Fundamental,Municipal,Presente,Sim,754.55
2024,4109302,Guaraniaçu,41012022,2° ano do Ensino Fundamental,Municipal,Presente,Não,714.85
2024,5205497,Cidade Ocidental,52063463,2° ano do Ensino Fundamental,Municipal,Presente,Sim,787.73
2024,3303500,Nova Iguaçu,33063325,2° ano do Ensino Fundamental,Municipal,Presente,Sim,783.5
2024,4107603,Faxinal,41113272,2° ano do Ensino Fundamental,Municipal,Presente,Não,718.12
2024,3304300,Rio Bonito,33074415,2° ano do Ensino Fundamental,Municipal,Presente,Sim,797.57
2024,4108320,Francisco Alves,41128287,2° ano do Ensino Fundamental,Municipal,Presente,Sim,750.36
2024,3548807,São Caetano do Sul,35314622,2° ano do Ensino Fundamental,Municipal,Presente,Sim,787.2131925
2024,3508504,Caçapava,35223130,2° ano do Ensino Fundamental,Municipal,Presente,Não,683.9027329
2024,3509502,Campinas,35042704,2° ano do Ensino Fundamental,Estadual,Presente,Sim,806.3990448
2024,4314100,Passo Fundo,43054120,2° ano do Ensino Fundamental,Estadual,Presente,Não,740.1599745
2024,3551702,Sertãozinho,35205085,2° ano do Ensino Fundamental,Municipal,Presente,Sim,786.1511403
2024,3550308,São Paulo,35351499,2° ano do Ensino Fundamental,Estadual,Presente,Sim,806.3990448
2024,3512803,Cosmópolis,35110288,2° ano do Ensino Fundamental,Municipal,Presente,Sim,765.1643358
2024,3550308,São Paulo,35379426,2° ano do Ensino Fundamental,Estadual,Presente,Sim,806.3990448
2024,3541000,Praia Grande,35147242,2° ano do Ensino Fundamental,Municipal,Presente,Não,736.1680777
2024,3550308,São Paulo,35363917,2° ano do Ensino Fundamental,Municipal,Presente,Sim,780.5060082
2024,3551702,Sertãozinho,35205099,2° ano do Ensino Fundamental,Municipal,Presente,Não,728.0761411
2024,3522109,Itanhaém,35196641,2° ano do Ensino Fundamental,Municipal,Presente,Sim,776.4217409
2024,3556404,Vargem Grande do Sul,35177658,2° ano do Ensino Fundamental,Municipal,Presente,Sim,796.360933
2024,4307005,Erechim,43027244,2° ano do Ensino Fundamental,Estadual,Presente,Não,728.3060927
2024,3516309,Francisco Morato,35241308,2° ano do Ensino Fundamental,Municipal,Presente,Sim,821.514298
2024,3541000,Praia Grande,35147235,2° ano do Ensino Fundamental,Municipal,Presente,Não,662.9310505
2024,4305108,Caxias do Sul,43020575,2° ano do Ensino Fundamental,Municipal,Presente,Não,723.4840856
2024,3525300,Jaú,35095893,2° ano do Ensino Fundamental,Municipal,Presente,Sim,821.514298
2024,3507506,Botucatu,35030389,2° ano do Ensino Fundamental,Municipal,Presente,Não,680.1906374
2024,3550308,São Paulo,35364781,2° ano do Ensino Fundamental,Municipal,Presente,Sim,821.514298
2024,3556404,Vargem Grande do Sul,35177644,2° ano do Ensino Fundamental,Municipal,Presente,Não,727.0060749
2024,3512803,Cosmópolis,35110302,2° ano do Ensino Fundamental,Municipal,Presente,Não,661.3438308
2024,4303103,Cachoeirinha,43008502,2° ano do Ensino Fundamental,Municipal,Presente,Não,677.0141974
2024,3525904,Jundiaí,35108497,2° ano do Ensino Fundamental,Municipal,Presente,Não,685.6753812
2024,3556404,Vargem Grande do Sul,35177665,2° ano do Ensino Fundamental,Municipal,Presente,Sim,753.38961
2024,3550308,São Paulo,35381351,2° ano do Ensino Fundamental,Estadual,Presente,Sim,786.1511403
2024,3550308,São Paulo,35379412,2° ano do Ensino Fundamental,Estadual,Presente,Não,678.7187431
2024,3552403,Sumaré,35216726,2° ano do Ensino Fundamental,Municipal,Presente,Sim,773.5377676
2024,4305108,Caxias do Sul,43020596,2° ano do Ensino Fundamental,Municipal,Presente,Não,660.8531589
2024,3504909,Bananal,35067497,2° ano do Ensino Fundamental,Municipal,Presente,Sim,806.3990448
2024,3522208,Itapecerica da Serra,35275378,2° ano do Ensino Fundamental,Municipal,Presente,Não,686.0836776
2024,4304408,Canela,43084266,2° ano do Ensino Fundamental,Municipal,Presente,Sim,787.647102
2024,3548906,São Carlos,35172887,2° ano do Ensino Fundamental,Municipal,Presente,Sim,806.3990448
2024,3528007,Macatuba,35096511,2° ano do Ensino Fundamental,Municipal,Presente,Sim,791.3318804
2024,3504909,Bananal,35067490,2° ano do Ensino Fundamental,Municipal,Presente,Sim,786.1511403
2024,3521705,Itaberá,35077581,2° ano do Ensino Fundamental,Estadual,Presente,Sim,790.0404485
2024,3528601,Manduri,35138894,2° ano do Ensino Fundamental,Municipal,Presente,Sim,785.2776896
2024,3522208,Itapecerica da Serra,35275392,2° ano do Ensino Fundamental,Municipal,Presente,Sim,821.514298
2024,3550308,São Paulo,35439545,2° ano do Ensino Fundamental,Estadual,Presente,Sim,786.1511403
2024,3518800,Guarulhos,35262445,2° ano do Ensino Fundamental,Municipal,Presente,Sim,755.4481246
2024,3535606,Paraibuna,35224071,2° ano do Ensino Fundamental,Municipal,Presente,Sim,786.1511403
2024,4310108,Igrejinha,43039065,2° ano do Ensino Fundamental,Municipal,Presente,Não,654.5860461
2024,3518800,Guarulhos,35267954,2° ano do Ensino Fundamental,Municipal,Presente,Sim,790.0404485
2024,3548906,São Carlos,35172894,2° ano do Ensino Fundamental,Municipal,Presente,Sim,796.360933
2024,4307807,Estrela,43044636,2° ano do Ensino Fundamental,Municipal,Presente,Sim,765.275335
2024,4301800,Barracão,43073139,2° ano do Ensino Fundamental,Municipal,Presente,Sim,746.1466898
2024,3509601,Campo Limpo Paulista,35100298,2° ano do Ensino Fundamental,Municipal,Presente,Não,619.5572241
2024,4322806,Veranópolis,43048263,2° ano do Ensino Fundamental,Municipal,Presente,Não,727.7042579
2024,3541000,Praia Grande,35146852,2° ano do Ensino Fundamental,Municipal,Presente,Não,725.0130373
2024,3518701,Guarujá,35165272,2° ano do Ensino Fundamental,Municipal,Presente,Não,682.5816376
2024,3550308,São Paulo,35436026,2° ano do Ensino Fundamental,Estadual,Presente,Não,629.6093105
2024,4304002,Campo Novo,43098226,2° ano do Ensino Fundamental,Municipal,Presente,Sim,763.6775439
2024,4313060,Nova Hartz,43039639,2° ano do Ensino Fundamental,Municipal,Presente,Não,706.1010117
2024,3546603,Santa Fé do Sul,35093218,2° ano do Ensino Fundamental,Municipal,Presente,Sim,806.3990448
2024,3501707,Américo Brasiliense,35011306,2° ano do Ensino Fundamental,Municipal,Presente,Sim,821.514298
2024,3550308,São Paulo,35395388,2° ano do Ensino Fundamental,Estadual,Presente,Não,727.3809256
2024,3506003,Bauru,35025814,2° ano do Ensino Fundamental,Estadual,Presente,Sim,773.5256568
2024,3550704,São Sebastião,35057503,2° ano do Ensino Fundamental,Municipal,Presente,Sim,773.5256568
2024,4304606,Canoas,43105351,2° ano do Ensino Fundamental,Municipal,Presente,Sim,795.6025223
2024,3550308,São Paulo,35430796,2° ano do Ensino Fundamental,Estadual,Presente,Sim,806.3990448
2024,3507100,Bom Jesus dos Perdões,35034505,2° ano do Ensino Fundamental,Municipal,Presente,Sim,821.514298
2024,3550308,São Paulo,35351275,2° ano do Ensino Fundamental,Estadual,Presente,Não,700.3696229
2024,3509502,Campinas,35043642,2° ano do Ensino Fundamental,Municipal,Presente,Sim,751.4911754
2024,3506003,Bauru,35024142,2° ano do Ensino Fundamental,Municipal,Presente,Não,707.5659756
2024,3552205,Sorocaba,35211383,2° ano do Ensino Fundamental,Municipal,Presente,Sim,787.2131925
2024,3552809,Taboão da Serra,35335951,2° ano do Ensino Fundamental,Municipal,Presente,Sim,806.3990448
2024,3546801,Santa Isabel,35092044,2° ano do Ensino Fundamental,Municipal,Presente,Não,720.539111
2024,3550308,São Paulo,35369324,2° ano do Ensino Fundamental,Municipal,Presente,Não,699.9659576
2024,3509205,Cajamar,35240916,2° ano do Ensino Fundamental,Municipal,Presente,Não,708.4661047
2024,4313409,Novo Hamburgo,43049755,2° ano do Ensino Fundamental,Municipal,Presente,Não,701.1172854
2024,4314902,Porto Alegre,43066805,2° ano do Ensino Fundamental,Municipal,Presente,Não,629.8932751
2024,3548906,São Carlos,35173339,2° ano do Ensino Fundamental,Municipal,Presente,Sim,766.5458153
2024,4304408,Canela,43084278,2° ano do Ensino Fundamental,Estadual,Presente,Sim,795.6025223
2024,3550308,São Paulo,35361822,2° ano do Ensino Fundamental,Municipal,Presente,Não,646.2238082
2024,3509502,Campinas,35039731,2° ano do Ensino Fundamental,Municipal,Presente,Sim,767.4745456
2024,3509502,Campinas,35039724,2° ano do Ensino Fundamental,Municipal,Presente,Sim,781.5392356
2024,3523107,Itaquaquecetuba,35285675,2° ano do Ensino Fundamental,Municipal,Presente,Não,725.1786262
2024,4313409,Novo Hamburgo,43049762,2° ano do Ensino Fundamental,Municipal,Presente,Não,668.1811316
2024,3548708,São Bernardo do Campo,35323147,2° ano do Ensino Fundamental,Municipal,Presente,Sim,756.2300511
2024,3549805,São José do Rio Preto,35184226,2° ano do Ensino Fundamental,Municipal,Presente,Não,729.004177
2024,3525508,Joanópolis,35036283,2° ano do Ensino Fundamental,Municipal,Presente,Não,742.535949
2024,3552205,Sorocaba,35207524,2° ano do Ensino Fundamental,Estadual,Presente,Não,698.1626806
2024,3550308,São Paulo,35427593,2° ano do Ensino Fundamental,Estadual,Presente,Não,736.9366217
2024,3550308,São Paulo,35341479,2° ano do Ensino Fundamental,Municipal,Presente,Não,733.3423238
2024,3550308,São Paulo,35371497,2° ano do Ensino Fundamental,Municipal,Presente,Não,613.3514328
2024,3550308,São Paulo,35430880,2° ano do Ensino Fundamental,Estadual,Presente,Não,635.796135
2024,3550308,São Paulo,35371476,2° ano do Ensino Fundamental,Municipal,Presente,Não,732.026294
2024,3518800,Guarulhos,35268870,2° ano do Ensino Fundamental,Municipal,Presente,Não,707.671182
2024,3552809,Taboão da Serra,35335327,2° ano do Ensino Fundamental,Municipal,Presente,Sim,796.360933
2024,1101492,São Francisco do Guaporé,11016978,2° ano do Ensino Fundamental,Municipal,Presente,Não,698.64
2024,3131307,Ipatinga,31049521,2° ano do Ensino Fundamental,Municipal,Presente,Sim,785.19
2024,3148103,Patrocínio,31074523,2° ano do Ensino Fundamental,Municipal,Presente,Não,659.73
2024,4119806,Planalto,41015809,2° ano do Ensino Fundamental,Municipal,Presente,Sim,802.49
2024,3111150,Campo Azul,31110830,2° ano do Ensino Fundamental,Municipal,Presente,Sim,826.28
2024,3304904,São Gonçalo,33081031,2° ano do Ensino Fundamental,Municipal,Presente,Não,615.51
2024,1302900,Maués,13016434,2° ano do Ensino Fundamental,Municipal,Presente,Não,739.84
2024,2610707,Paulista,26032061,2° ano do Ensino Fundamental,Municipal,Presente,Sim,760.74
2024,3106200,Belo Horizonte,31061680,2° ano do Ensino Fundamental,Estadual,Presente,Não,666.36
2024,3301504,Cordeiro,33021192,2° ano do Ensino Fundamental,Municipal,Presente,Não,725.47
2024,2105906,Lago Verde,21068057,2° ano do Ensino Fundamental,Municipal,Presente,Sim,768.35
2024,3103504,Araguari,31065665,2° ano do Ensino Fundamental,Municipal,Presente,Sim,751.97
2024,5005202,Ladário,50041012,2° ano do Ensino Fundamental,Municipal,Presente,Não,642.73
2024,5201108,Anápolis,52010153,2° ano do Ensino Fundamental,Municipal,Presente,Não,678.64
2024,1100205,Porto Velho,11021784,2° ano do Ensino Fundamental,Municipal,Presente,Sim,749.56
2024,3135050,Jaíba,31185852,2° ano do Ensino Fundamental,Municipal,Presente,Sim,771.61
2024,4101804,Araucária,41024451,2° ano do Ensino Fundamental,Municipal,Presente,Sim,831.09
2024,3106200,Belo Horizonte,31073135,2° ano do Ensino Fundamental,Municipal,Presente,Sim,790.74
2024,3106705,Betim,31194950,2° ano do Ensino Fundamental,Municipal,Presente,Sim,797.87
2024,3122306,Divinópolis,31049731,2° ano do Ensino Fundamental,Estadual,Presente,Sim,810.24
2024,3301702,Duque de Caxias,33027787,2° ano do Ensino Fundamental,Municipal,Presente,Sim,757.29
2024,3302403,Macaé,33040178,2° ano do Ensino Fundamental,Municipal,Presente,Não,729.99
2024,4119954,Pontal do Paraná,41068250,2° ano do Ensino Fundamental,Municipal,Presente,Sim,745.73
2024,5103403,Cuiabá,51036712,2° ano do Ensino Fundamental,Municipal,Presente,Não,718.87
2024,1101435,Nova União,11022523,2° ano do Ensino Fundamental,Municipal,Presente,Sim,773.48
2024,2207702,Parnaíba,22001647,2° ano do Ensino Fundamental,Municipal,Presente,Não,724.59
2024,3136702,Juiz de Fora,31131752,2° ano do Ensino Fundamental,Municipal,Presente,Sim,825.76
2024,3170404,Unaí,31056831,2° ano do Ensino Fundamental,Estadual,Presente,Sim,795.31
2024,3304904,São Gonçalo,33079262,2° ano do Ensino Fundamental,Municipal,Presente,Não,735.18
2024,5300108,Brasília,53004354,2° ano do Ensino Fundamental,Estadual,Presente,Não,664.06
2024,1200203,Cruzeiro do Sul,12002253,2° ano do Ensino Fundamental,Estadual,Presente,Não,703.47
2024,1304062,Tabatinga,13023856,2° ano do Ensino Fundamental,Municipal,Presente,Sim,768.93
2024,2516201,Sousa,25006621,2° ano do Ensino Fundamental,Estadual,Presente,Sim,779.33
2024,3118601,Contagem,31195600,2° ano do Ensino Fundamental,Municipal,Presente,Sim,776.25
2024,4101408,Apucarana,41102058,2° ano do Ensino Fundamental,Municipal,Presente,Sim,809.97
2024,4119905,Ponta Grossa,41062117,2° ano do Ensino Fundamental,Municipal,Presente,Sim,776.1
2024,5005400,Maracaju,50041124,2° ano do Ensino Fundamental,Municipal,Presente,Não,737.12
2024,1702109,Araguaína,17009031,2° ano do Ensino Fundamental,Municipal,Presente,Não,640.71
2024,2607901,Jaboatão dos Guararapes,26042580,2° ano do Ensino Fundamental,Municipal,Presente,Não,733.56
2024,4109609,Guaratuba,41070872,2° ano do Ensino Fundamental,Municipal,Presente,Não,717.38
2024,1302603,Manaus,13035220,2° ano do Ensino Fundamental,Municipal,Presente,Sim,774.56
2024,1700707,Alvorada,17004793,2° ano do Ensino Fundamental,Municipal,Presente,Sim,769.11
2024,3305703,Sumidouro,33010106,2° ano do Ensino Fundamental,Municipal,Presente,Sim,819.95
2024,5107958,Tangará da Serra,51049538,2° ano do Ensino Fundamental,Municipal,Presente,Não,735.69
2024,1302504,Manacapuru,13014781,2° ano do Ensino Fundamental,Municipal,Presente,Não,694.35
2024,1304062,Tabatinga,13023849,2° ano do Ensino Fundamental,Municipal,Presente,Sim,749.27
2024,2606804,Igarassu,26027451,2° ano do Ensino Fundamental,Municipal,Presente,Não,699.39
2024,3122603,Dom Joaquim,31064440,2° ano do Ensino Fundamental,Estadual,Presente,Sim,782.76
2024,3127206,Funilândia,31114951,2° ano do Ensino Fundamental,Municipal,Presente,Sim,773.13
2024,4106902,Curitiba,41029534,2° ano do Ensino Fundamental,Municipal,Presente,Não,741.66
2024,4119905,Ponta Grossa,41100857,2° ano do Ensino Fundamental,Municipal,Presente,Não,655.29
2024,5300108,Brasília,53004554,2° ano do Ensino Fundamental,Estadual,Presente,Sim,777.84
2024,2604106,Caruaru,26004366,2° ano do Ensino Fundamental,Municipal,Presente,Não,693.85
2024,3118007,Congonhas,31183395,2° ano do Ensino Fundamental,Municipal,Presente,Sim,815.26
2024,3205002,Serra,32000659,2° ano do Ensino Fundamental,Estadual,Presente,Sim,816.01
2024,3205002,Serra,32006478,2° ano do Ensino Fundamental,Municipal,Presente,Não,689.97
2024,3304557,Rio de Janeiro,33128335,2° ano do Ensino Fundamental,Municipal,Presente,Sim,759.69
2024,3304557,Rio de Janeiro,33108923,2° ano do Ensino Fundamental,Municipal,Presente,Não,692.85
2024,2111805,Sítio Novo,21030333,2° ano do Ensino Fundamental,Municipal,Presente,Sim,811.0
2024,4107207,Dois Vizinhos,41086367,2° ano do Ensino Fundamental,Municipal,Presente,Sim,770.03
2024,1200138,Bujari,12000911,2° ano do Ensino Fundamental,Municipal,Presente,Sim,765.98
2024,3304557,Rio de Janeiro,33143166,2° ano do Ensino Fundamental,Municipal,Presente,Não,644.06
2024,1300607,Benjamin Constant,13003197,2° ano do Ensino Fundamental,Municipal,Presente,Não,733.44
2024,1302504,Manacapuru,13014015,2° ano do Ensino Fundamental,Municipal,Presente,Não,716.55
2024,3302700,Maricá,33047312,2° ano do Ensino Fundamental,Municipal,Presente,Sim,773.3
2024,4205704,Garopaba,42056680,2° ano do Ensino Fundamental,Municipal,Presente,Sim,817.78
2024,1600238,Ferreira Gomes,16011203,2° ano do Ensino Fundamental,Municipal,Presente,Sim,811.77
2024,2504009,Campina Grande,25022628,2° ano do Ensino Fundamental,Municipal,Presente,Sim,802.31
2024,3205002,Serra,32000206,2° ano do Ensino Fundamental,Estadual,Presente,Sim,785.32
2024,1100304,Vilhena,11018728,2° ano do Ensino Fundamental,Municipal,Presente,Sim,756.27
2024,1503606,Itaituba,15037134,2° ano do Ensino Fundamental,Municipal,Presente,Sim,769.25
2024,2211001,Teresina,22012276,2° ano do Ensino Fundamental,Municipal,Presente,Não,728.91
2024,3300704,Cabo Frio,33010938,2° ano do Ensino Fundamental,Municipal,Presente,Não,679.12
2024,3304557,Rio de Janeiro,33137921,2° ano do Ensino Fundamental,Municipal,Presente,Sim,762.87
2024,4104808,Cascavel,41042635,2° ano do Ensino Fundamental,Municipal,Presente,Sim,756.71
2024,4105805,Colombo,41097937,2° ano do Ensino Fundamental,Municipal,Presente,Não,668.15
2024,2504009,Campina Grande,25022607,2° ano do Ensino Fundamental,Municipal,Presente,Sim,820.25
2024,4128807,Xambrê,41020037,2° ano do Ensino Fundamental,Municipal,Presente,Sim,785.37
2024,5005400,Maracaju,50039886,2° ano do Ensino Fundamental,Municipal,Presente,Sim,783.35
2024,2311306,Quixadá,23017437,2° ano do Ensino Fundamental,Municipal,Presente,Sim,838.6
2024,2610707,Paulista,26032737,2° ano do Ensino Fundamental,Municipal,Presente,Sim,753.29
2024,5200258,Águas Lindas de Goiás,52067696,2° ano do Ensino Fundamental,Municipal,Presente,Sim,795.42
2024,5201801,Aragoiânia,52021002,2° ano do Ensino Fundamental,Municipal,Presente,Sim,753.73
2024,2301208,Aracoiaba,23012457,2° ano do Ensino Fundamental,Municipal,Presente,Sim,802.87
2024,3202207,Fundão,32044663,2° ano do Ensino Fundamental,Municipal,Presente,Não,668.49
2024,4107652,Fazenda Rio Grande,41014773,2° ano do Ensino Fundamental,Municipal,Presente,Sim,777.84
2024,4212106,Palmitos,42066671,2° ano do Ensino Fundamental,Municipal,Presente,Não,645.11
2024,5208707,Goiânia,52004759,2° ano do Ensino Fundamental,Municipal,Presente,Sim,753.06
2024,5221858,Valparaíso de Goiás,52065617,2° ano do Ensino Fundamental,Municipal,Presente,Sim,778.23
2024,5108402,Várzea Grande,51046902,2° ano do Ensino Fundamental,Municipal,Presente,Sim,772.75
2024,3149705,Perdigão,31113688,2° ano do Ensino Fundamental,Municipal,Presente,Sim,746.62
2024,3302007,Itaguaí,33034986,2° ano do Ensino Fundamental,Municipal,Presente,Sim,773.97
2024,2105302,Imperatriz,21027149,2° ano do Ensino Fundamental,Municipal,Presente,Sim,780.27
2024,4101804,Araucária,41072736,2° ano do Ensino Fundamental,Municipal,Presente,Sim,770.85
2024,4108304,Foz do Iguaçu,41134421,2° ano do Ensino Fundamental,Municipal,Presente,Não,661.16
2024,4219507,Xanxerê,42089415,2° ano do Ensino Fundamental,Municipal,Presente,Não,736.86
2024,1504208,Marabá,15042726,2° ano do Ensino Fundamental,Municipal,Presente,Sim,788.26
2024,3151800,Poços de Caldas,31044079,2° ano do Ensino Fundamental,Municipal,Presente,Sim,785.53
2024,3304557,Rio de Janeiro,33141192,2° ano do Ensino Fundamental,Municipal,Presente,Não,734.2
2024,2607901,Jaboatão dos Guararapes,26041476,2° ano do Ensino Fundamental,Municipal,Presente,Sim,748.15
2024,3106200,Belo Horizonte,31184389,2° ano do Ensino Fundamental,Municipal,Presente,Sim,755.85
2024,1100304,Vilhena,11018714,2° ano do Ensino Fundamental,Municipal,Presente,Sim,752.48
2024,2111052,São João do Paraíso,21030008,2° ano do Ensino Fundamental,Municipal,Presente,Não,704.56
2024,3147006,Paracatu,31057555,2° ano do Ensino Fundamental,Estadual,Presente,Sim,793.32
2024,4104808,Cascavel,41025490,2° ano do Ensino Fundamental,Municipal,Presente,Sim,764.99
2024,1501501,Benevides,15015511,2° ano do Ensino Fundamental,Municipal,Presente,Sim,783.4
2024,2610707,Paulista,26031824,2° ano do Ensino Fundamental,Municipal,Presente,Não,731.61
2024,5221858,Valparaíso de Goiás,52065997,2° ano do Ensino Fundamental,Municipal,Presente,Sim,795.97
2024,1303403,Parintins,13019159,2° ano do Ensino Fundamental,Municipal,Presente,Sim,750.5
2024,1304062,Tabatinga,13023842,2° ano do Ensino Fundamental,Municipal,Presente,Não,715.67
2024,2105302,Imperatriz,21027142,2° ano do Ensino Fundamental,Municipal,Presente,Não,704.71
2024,2610707,Paulista,26031842,2° ano do Ensino Fundamental,Municipal,Presente,Não,683.26
2024,3202405,Guarapari,32045269,2° ano do Ensino Fundamental,Municipal,Presente,Sim,768.67
2024,3205002,Serra,32000673,2° ano do Ensino Fundamental,Estadual,Presente,Sim,772.62
2024,5106174,Nova Nazaré,51003381,2° ano do Ensino Fundamental,Municipal,Presente,Sim,750.39
2024,1301100,Careiro,13005805,2° ano do Ensino Fundamental,Estadual,Presente,Sim,756.34
2024,1505809,Portel,15062352,2° ano do Ensino Fundamental,Municipal,Presente,Não,675.14
2024,4125407,São José da Boa Vista,41046482,2° ano do Ensino Fundamental,Municipal,Presente,Sim,780.04
2024,5221858,Valparaíso de Goiás,52067110,2° ano do Ensino Fundamental,Municipal,Presente,Sim,754.21
2024,2204352,Geminiano,22018956,2° ano do Ensino Fundamental,Municipal,Presente,Sim,765.99
2024,4101804,Araucária,41073229,2° ano do Ensino Fundamental,Municipal,Presente,Sim,764.5
2024,4106209,Contenda,41000371,2° ano do Ensino Fundamental,Municipal,Presente,Não,699.88
2024,4128401,Uraí,41082405,2° ano do Ensino Fundamental,Municipal,Presente,Não,730.1
2024,2504009,Campina Grande,25022695,2° ano do Ensino Fundamental,Municipal,Presente,Sim,763.75
2024,4214706,Rio dos Cedros,42083617,2° ano do Ensino Fundamental,Municipal,Presente,Não,723.22
2024,1505502,Paragominas,15056091,2° ano do Ensino Fundamental,Municipal,Presente,Não,729.53
2024,1505536,Parauapebas,15057632,2° ano do Ensino Fundamental,Municipal,Presente,Não,715.67
2024,3106200,Belo Horizonte,31065185,2° ano do Ensino Fundamental,Municipal,Presente,Sim,757.75
2024,3132503,Itamarandiba,31049506,2° ano do Ensino Fundamental,Municipal,Presente,Não,720.92
2024,3167905,Tabuleiro,31183148,2° ano do Ensino Fundamental,Municipal,Presente,Sim,761.53
2024,3304128,Quatis,33099925,2° ano do Ensino Fundamental,Municipal,Presente,Sim,749.95
2024,4124020,Santa Tereza do Oeste,41005961,2° ano do Ensino Fundamental,Municipal,Presente,Sim,781.34
2024,3106200,Belo Horizonte,31029434,2° ano do Ensino Fundamental,Municipal,Presente,Não,737.56
2024,3145208,Nova Serrana,31108975,2° ano do Ensino Fundamental,Municipal,Presente,Sim,765.4
2024,3302270,Japeri,33038301,2° ano do Ensino Fundamental,Municipal,Presente,Não,741.75
2024,4215703,Santo Amaro da Imperatriz,42072693,2° ano do Ensino Fundamental,Municipal,Presente,Sim,760.92
2024,5208004,Formosa,52025956,2° ano do Ensino Fundamental,Municipal,Presente,Não,641.31
2024,1300706,Boca do Acre,13004263,2° ano do Ensino Fundamental,Municipal,Presente,Não,739.01
2024,3135050,Jaíba,31056350,2° ano do Ensino Fundamental,Municipal,Presente,Sim,746.48
2024,5208707,Goiânia,52004026,2° ano do Ensino Fundamental,Municipal,Presente,Sim,774.4
2024,1303205,Novo Airão,13017639,2° ano do Ensino Fundamental,Municipal,Presente,Não,703.99
2024,2611101,Petrolina,26079710,2° ano do Ensino Fundamental,Municipal,Presente,Sim,775.23
2024,5300108,Brasília,53012076,2° ano do Ensino Fundamental,Estadual,Presente,Sim,743.45
2024,1302603,Manaus,13035309,2° ano do Ensino Fundamental,Municipal,Presente,Sim,768.28
2024,1505536,Parauapebas,15057625,2° ano do Ensino Fundamental,Municipal,Presente,Sim,782.09
2024,3104007,Araxá,31000900,2° ano do Ensino Fundamental,Municipal,Presente,Não,716.04
2024,5300108,Brasília,53020895,2° ano do Ensino Fundamental,Estadual,Presente,Não,696.04
2024,3304557,Rio de Janeiro,33122026,2° ano do Ensino Fundamental,Municipal,Presente,Não,739.9
2024,1100205,Porto Velho,11009778,2° ano do Ensino Fundamental,Municipal,Presente,Não,685.7
2024,1100205,Porto Velho,11009173,2° ano do Ensino Fundamental,Municipal,Presente,Sim,776.16
2024,2307650,Maracanaú,23030770,2° ano do Ensino Fundamental,Municipal,Presente,Sim,768.0
2024,2700706,Batalha,27005110,2° ano do Ensino Fundamental,Municipal,Presente,Não,683.94
2024,3145901,Ouro Branco,31017068,2° ano do Ensino Fundamental,Municipal,Presente,Não,725.85
2024,3158508,Santana de Pirapama,31143192,2° ano do Ensino Fundamental,Municipal,Presente,Não,739.07
2024,3303500,Nova Iguaçu,33064234,2° ano do Ensino Fundamental,Municipal,Presente,Sim,788.4
2024,1718840,Sandolândia,17006376,2° ano do Ensino Fundamental,Municipal,Presente,Sim,761.75
2024,3300704,Cabo Frio,33010931,2° ano do Ensino Fundamental,Municipal,Presente,Sim,772.62
2024,2708501,São Luís do Quitunde,27033383,2° ano do Ensino Fundamental,Municipal,Presente,Não,631.51
2024,1100288,Rolim de Moura,11016145,2° ano do Ensino Fundamental,Municipal,Presente,Sim,752.82
2024,1302603,Manaus,13053983,2° ano do Ensino Fundamental,Municipal,Presente,Não,706.12
2024,5108006,Tapurah,51031866,2° ano do Ensino Fundamental,Municipal,Presente,Sim,783.78
2024,2600054,Abreu e Lima,26026336,2° ano do Ensino Fundamental,Municipal,Presente,Sim,802.13
2024,3300407,Barra Mansa,33098738,2° ano do Ensino Fundamental,Municipal,Presente,Não,729.52
2024,3301504,Cordeiro,33021185,2° ano do Ensino Fundamental,Municipal,Presente,Não,682.43
2024,3205002,Serra,32003452,2° ano do Ensino Fundamental,Municipal,Presente,Sim,817.59
2024,4105805,Colombo,41124435,2° ano do Ensino Fundamental,Municipal,Presente,Não,676.57
2024,5003702,Dourados,50022696,2° ano do Ensino Fundamental,Municipal,Presente,Sim,786.13
2024,1100205,Porto Velho,11011571,2° ano do Ensino Fundamental,Municipal,Presente,Não,664.93
2024,2610707,Paulista,26032780,2° ano do Ensino Fundamental,Municipal,Presente,Sim,765.31
2024,3300407,Barra Mansa,33099547,2° ano do Ensino Fundamental,Municipal,Presente,Sim,773.51
2024,4109401,Guarapuava,41113763,2° ano do Ensino Fundamental,Municipal,Presente,Não,704.72
2024,4211207,Morro da Fumaça,42030356,2° ano do Ensino Fundamental,Municipal,Presente,Sim,749.96
2024,2610707,Paulista,26032054,2° ano do Ensino Fundamental,Municipal,Presente,Sim,763.26
2024,4109609,Guaratuba,41119611,2° ano do Ensino Fundamental,Municipal,Presente,Sim,803.82
2024,4213203,Pomerode,42008354,2° ano do Ensino Fundamental,Municipal,Presente,Sim,769.79
2024,3526209,Juquitiba,35277217,2° ano do Ensino Fundamental,Estadual,Presente,Sim,806.3990448
2024,3501152,Alumínio,35196327,2° ano do Ensino Fundamental,Municipal,Presente,Não,736.2496566
2024,3524006,Itupeva,35102479,2° ano do Ensino Fundamental,Municipal,Presente,Sim,786.1511403
2024,3518800,Guarulhos,35263948,2° ano do Ensino Fundamental,Municipal,Presente,Sim,786.1511403
2024,3503208,Araraquara,35013315,2° ano do Ensino Fundamental,Estadual,Presente,Sim,752.619175
2024,4301636,Balneário Pinhal,43095616,2° ano do Ensino Fundamental,Municipal,Presente,Não,688.804757
2024,3550308,São Paulo,35337656,2° ano do Ensino Fundamental,Municipal,Presente,Sim,751.4911754
2024,3550308,São Paulo,35425740,2° ano do Ensino Fundamental,Estadual,Presente,Sim,791.3318804
2024,3549904,São José dos Campos,35186913,2° ano do Ensino Fundamental,Estadual,Presente,Não,633.5417812
2024,3550308,São Paulo,35386023,2° ano do Ensino Fundamental,Estadual,Presente,Não,703.5048954
2024,4313409,Novo Hamburgo,43050831,2° ano do Ensino Fundamental,Municipal,Presente,Não,723.3385142
2024,3547809,Santo André,35313109,2° ano do Ensino Fundamental,Municipal,Presente,Não,736.7050612
2024,3505500,Barretos,35020333,2° ano do Ensino Fundamental,Municipal,Presente,Sim,752.5449151
2024,3523909,Itu,35082504,2° ano do Ensino Fundamental,Municipal,Presente,Não,676.3568979
2024,3502754,Araçariguama,35196537,2° ano do Ensino Fundamental,Municipal,Presente,Sim,748.1272816
2024,3531902,Morro Agudo,35179076,2° ano do Ensino Fundamental,Municipal,Presente,Sim,786.1511403
2024,3542206,Rancharia,35227916,2° ano do Ensino Fundamental,Municipal,Presente,Sim,778.2353432
2024,3544103,Rio Grande da Serra,35294245,2° ano do Ensino Fundamental,Estadual,Presente,Sim,806.3990448
2024,3534401,Osasco,35306009,2° ano do Ensino Fundamental,Municipal,Presente,Sim,779.5874602
2024,3545209,Salto,35083985,2° ano do Ensino Fundamental,Municipal,Presente,Sim,748.3778486
2024,3506508,Birigui,35028252,2° ano do Ensino Fundamental,Municipal,Presente,Sim,821.514298
2024,3501152,Alumínio,35196313,2° ano do Ensino Fundamental,Municipal,Presente,Não,700.3313978
2024,4301636,Balneário Pinhal,43095623,2° ano do Ensino Fundamental,Municipal,Presente,Sim,775.503697
2024,3550308,São Paulo,35397597,2° ano do Ensino Fundamental,Estadual,Presente,Não,694.5423997
2024,4316006,Rolante,43083067,2° ano do Ensino Fundamental,Municipal,Presente,Sim,805.5091194
2024,3524402,Jacareí,35090848,2° ano do Ensino Fundamental,Municipal,Presente,Não,669.5291683
2024,3543402,Ribeirão Preto,35158073,2° ano do Ensino Fundamental,Municipal,Presente,Não,631.4132655
2024,4313060,Nova Hartz,43039742,2° ano do Ensino Fundamental,Municipal,Presente,Sim,761.0755765
2024,3548302,Santo Expedito,35150984,2° ano do Ensino Fundamental,Municipal,Presente,Sim,821.514298
2024,3550308,São Paulo,35433346,2° ano do Ensino Fundamental,Estadual,Presente,Sim,821.514298
2024,3518701,Guarujá,35164674,2° ano do Ensino Fundamental,Municipal,Presente,Sim,796.360933
2024,3529005,Marília,35119436,2° ano do Ensino Fundamental,Municipal,Presente,Sim,806.3990448
2024,3501608,Americana,35002996,2° ano do Ensino Fundamental,Municipal,Presente,Não,706.3784678
2024,3522208,Itapecerica da Serra,35276398,2° ano do Ensino Fundamental,Municipal,Presente,Sim,796.360933
2024,3556107,Valentim Gentil,35233088,2° ano do Ensino Fundamental,Municipal,Presente,Sim,781.8094351
2024,3525201,Jarinu,35102806,2° ano do Ensino Fundamental,Municipal,Presente,Não,700.3491641
2024,3529005,Marília,35119152,2° ano do Ensino Fundamental,Municipal,Presente,Sim,743.1492444
2024,4309209,Gravataí,43033601,2° ano do Ensino Fundamental,Municipal,Presente,Sim,773.1456867
2024,3550308,São Paulo,35380976,2° ano do Ensino Fundamental,Estadual,Presente,Não,726.5056386
2024,3553302,Tambaú,35177059,2° ano do Ensino Fundamental,Municipal,Presente,Sim,761.8130055
2024,3518800,Guarulhos,35268300,2° ano do Ensino Fundamental,Municipal,Presente,Sim,786.1511403
2024,3551702,Sertãozinho,35206006,2° ano do Ensino Fundamental,Municipal,Presente,Sim,821.514298
2024,3531902,Morro Agudo,35179083,2° ano do Ensino Fundamental,Municipal,Presente,Não,741.2813706
2024,4302378,Bom Progresso,43098167,2° ano do Ensino Fundamental,Municipal,Presente,Não,738.4645117
2024,4318705,São Leopoldo,43088512,2° ano do Ensino Fundamental,Municipal,Presente,Não,699.2602338
2024,3507001,Boituva,35078519,2° ano do Ensino Fundamental,Municipal,Presente,Sim,790.0404485
2024,3518800,Guarulhos,35268321,2° ano do Ensino Fundamental,Municipal,Presente,Não,694.6421084
2024,3513801,Diadema,35257698,2° ano do Ensino Fundamental,Municipal,Presente,Não,738.971039
2024,3550308,São Paulo,35440382,2° ano do Ensino Fundamental,Estadual,Presente,Sim,781.5392356
2024,3545803,Santa Bárbara d'Oeste,35005599,2° ano do Ensino Fundamental,Municipal,Presente,Não,734.1843629
2024,3534401,Osasco,35303331,2° ano do Ensino Fundamental,Municipal,Presente,Sim,821.514298
2024,3552403,Sumaré,35217160,2° ano do Ensino Fundamental,Municipal,Presente,Sim,791.3318804
2024,3550308,São Paulo,35440513,2° ano do Ensino Fundamental,Estadual,Presente,Não,734.6584261
2024,3550308,São Paulo,35421951,2° ano do Ensino Fundamental,Municipal,Presente,Não,717.6627203
2024,3550308,São Paulo,35380386,2° ano do Ensino Fundamental,Estadual,Presente,Não,698.7312687
2024,3522208,Itapecerica da Serra,35276846,2° ano do Ensino Fundamental,Municipal,Presente,Não,731.5421141
2024,3550308,São Paulo,35432776,2° ano do Ensino Fundamental,Estadual,Presente,Sim,806.3990448
2024,3550308,São Paulo,35421944,2° ano do Ensino Fundamental,Municipal,Presente,Não,704.763574
2024,3550308,São Paulo,35423356,2° ano do Ensino Fundamental,Municipal,Presente,Não,693.3229448
2024,3534401,Osasco,35303338,2° ano do Ensino Fundamental,Municipal,Presente,Não,726.6641865
2024,3550308,São Paulo,35386366,2° ano do Ensino Fundamental,Estadual,Presente,Não,655.4183245
2024,3550308,São Paulo,35365191,2° ano do Ensino Fundamental,Municipal,Presente,Sim,747.1980119
2024,3545803,Santa Bárbara d'Oeste,35005578,2° ano do Ensino Fundamental,Municipal,Presente,Não,673.9979205
2024,3550308,São Paulo,35384395,2° ano do Ensino Fundamental,Estadual,Presente,Não,740.8953794
2024,3530607,Mogi das Cruzes,35299304,2° ano do Ensino Fundamental,Municipal,Presente,Sim,806.3990448
2024,3520509,Indaiatuba,35051577,2° ano do Ensino Fundamental,Municipal,Presente,Não,739.0733778
2024,3545803,Santa Bárbara d'Oeste,35005029,2° ano do Ensino Fundamental,Municipal,Presente,Não,693.0523801
2024,3552502,Suzano,35329078,2° ano do Ensino Fundamental,Municipal,Presente,Sim,796.360933
2024,3550308,São Paulo,35412462,2° ano do Ensino Fundamental,Municipal,Presente,Sim,765.1643358
2024,2616407,Vitória de Santo Antão,26016995,2° ano do Ensino Fundamental,Municipal,Presente,Sim,758.09
2024,3131703,Itabira,31171694,2° ano do Ensino Fundamental,Municipal,Presente,Não,729.97
2024,3304557,Rio de Janeiro,33101016,2° ano do Ensino Fundamental,Municipal,Presente,Não,736.91
2024,3518800,Guarulhos,35273072,2° ano do Ensino Fundamental,Estadual,Presente,Sim,763.8662289
2024,3525300,Jaú,35095497,2° ano do Ensino Fundamental,Municipal,Presente,Não,672.3129977
2024,4106902,Curitiba,41033397,2° ano do Ensino Fundamental,Municipal,Presente,Sim,810.47
2024,3303906,Petrópolis,33068922,2° ano do Ensino Fundamental,Municipal,Presente,Não,695.4
2024,3306305,Volta Redonda,33097141,2° ano do Ensino Fundamental,Municipal,Presente,Sim,759.86
2024,4114906,Marilândia do Sul,41081130,2° ano do Ensino Fundamental,Municipal,Presente,Sim,797.85
2024,1302603,Manaus,13057816,2° ano do Ensino Fundamental,Estadual,Presente,Sim,758.27
2024,2504009,Campina Grande,25023807,2° ano do Ensino Fundamental,Municipal,Presente,Não,692.89
2024,2504603,Conde,25015142,2° ano do Ensino Fundamental,Municipal,Presente,Não,688.85
2024,3151206,Pirapora,31056708,2° ano do Ensino Fundamental,Municipal,Presente,Sim,815.66
2024,3550308,São Paulo,35432264,2° ano do Ensino Fundamental,Estadual,Presente,Sim,787.2131925
2024,1300508,Barreirinha,13002346,2° ano do Ensino Fundamental,Municipal,Presente,Não,682.2
2024,4106902,Curitiba,41058056,2° ano do Ensino Fundamental,Municipal,Presente,Não,696.19
2024,5108402,Várzea Grande,51050715,2° ano do Ensino Fundamental,Municipal,Presente,Sim,797.22
2024,1502400,Castanhal,15027427,2° ano do Ensino Fundamental,Municipal,Presente,Não,676.39
2024,3131703,Itabira,31185097,2° ano do Ensino Fundamental,Municipal,Presente,Não,696.59
2024,3304557,Rio de Janeiro,33121838,2° ano do Ensino Fundamental,Municipal,Presente,Sim,781.06
2024,1302603,Manaus,13031587,2° ano do Ensino Fundamental,Municipal,Presente,Sim,771.61
2024,1501402,Belém,15092459,2° ano do Ensino Fundamental,Municipal,Presente,Sim,745.88
2024,1302603,Manaus,13028707,2° ano do Ensino Fundamental,Municipal,Presente,Não,672.48
2024,3205002,Serra,32044793,2° ano do Ensino Fundamental,Municipal,Presente,Não,729.19
2024,3305208,São Pedro da Aldeia,33014028,2° ano do Ensino Fundamental,Municipal,Presente,Não,735.98
2024,3545803,Santa Bárbara d'Oeste,35004865,2° ano do Ensino Fundamental,Municipal,Presente,Sim,763.4763584
2024,1506708,Santana do Araguaia,15069371,2° ano do Ensino Fundamental,Municipal,Presente,Não,742.95
2024,3205002,Serra,32044622,2° ano do Ensino Fundamental,Estadual,Presente,Sim,793.77
2024,3306305,Volta Redonda,33097127,2° ano do Ensino Fundamental,Municipal,Presente,Sim,788.97
2024,4314050,Parobé,43052665,2° ano do Ensino Fundamental,Municipal,Presente,Não,678.4308219
2024,1302603,Manaus,13044269,2° ano do Ensino Fundamental,Municipal,Presente,Sim,745.72
2024,2303709,Caucaia,23074982,2° ano do Ensino Fundamental,Municipal,Presente,Não,630.71
2024,2516201,Sousa,25006730,2° ano do Ensino Fundamental,Municipal,Presente,Não,658.82
2024,2516201,Sousa,25006737,2° ano do Ensino Fundamental,Municipal,Presente,Sim,776.03
2024,3550704,São Sebastião,35057040,2° ano do Ensino Fundamental,Municipal,Presente,Não,700.1306029
2024,4316907,Santa Maria,43077763,2° ano do Ensino Fundamental,Municipal,Presente,Sim,779.7064894
2024,1302603,Manaus,13058441,2° ano do Ensino Fundamental,Municipal,Presente,Não,677.09
2024,3302858,Mesquita,33050231,2° ano do Ensino Fundamental,Municipal,Presente,Não,674.92
2024,1507474,São João de Pirabas,15077035,2° ano do Ensino Fundamental,Municipal,Presente,Não,740.39
2024,1302603,Manaus,13044276,2° ano do Ensino Fundamental,Municipal,Presente,Não,727.67
2024,2303709,Caucaia,23065789,2° ano do Ensino Fundamental,Municipal,Presente,Não,629.26
2024,3101904,Alpinópolis,31051332,2° ano do Ensino Fundamental,Municipal,Presente,Sim,758.02
2024,3522307,Itapetininga,35071802,2° ano do Ensino Fundamental,Municipal,Presente,Sim,806.3990448
2024,4106902,Curitiba,41133490,2° ano do Ensino Fundamental,Municipal,Presente,Não,696.86
2024,4124020,Santa Tereza do Oeste,41138505,2° ano do Ensino Fundamental,Municipal,Presente,Sim,766.11
2024,5200175,Água Fria de Goiás,52061076,2° ano do Ensino Fundamental,Municipal,Presente,Não,736.89
2024,4100103,Abatiá,41045220,2° ano do Ensino Fundamental,Municipal,Presente,Sim,761.09
2024,2103554,Conceição do Lago-Açu,21044381,2° ano do Ensino Fundamental,Municipal,Presente,Não,696.26
2024,2807600,Umbaúba,28005306,2° ano do Ensino Fundamental,Municipal,Presente,Não,735.22
2024,4105805,Colombo,41020513,2° ano do Ensino Fundamental,Municipal,Presente,Sim,744.45
2024,1506807,Santarém,15070035,2° ano do Ensino Fundamental,Municipal,Presente,Não,676.88
2024,4125506,São José dos Pinhais,41074695,2° ano do Ensino Fundamental,Municipal,Presente,Não,679.73
2024,3145307,Novo Cruzeiro,31035656,2° ano do Ensino Fundamental,Estadual,Presente,Sim,744.25
2024,3151206,Pirapora,31149187,2° ano do Ensino Fundamental,Municipal,Presente,Sim,779.77
2024,3136702,Juiz de Fora,31027964,2° ano do Ensino Fundamental,Municipal,Presente,Não,714.89
2024,3508603,Cachoeira Paulista,35067738,2° ano do Ensino Fundamental,Municipal,Presente,Não,679.1467476
2024,4126256,Sarandi,41044275,2° ano do Ensino Fundamental,Municipal,Presente,Sim,759.39
2024,5220405,São Simão,52049913,2° ano do Ensino Fundamental,Municipal,Presente,Sim,833.75
2024,3304557,Rio de Janeiro,33131692,2° ano do Ensino Fundamental,Municipal,Presente,Sim,771.14
2024,4106902,Curitiba,41125015,2° ano do Ensino Fundamental,Municipal,Presente,Não,742.81
2024,2304400,Fortaleza,23039104,2° ano do Ensino Fundamental,Municipal,Presente,Não,729.5
2024,2504603,Conde,25015149,2° ano do Ensino Fundamental,Municipal,Presente,Não,685.58
2024,3205309,Vitória,32008109,2° ano do Ensino Fundamental,Municipal,Presente,Não,724.73
2024,5108402,Várzea Grande,51045392,2° ano do Ensino Fundamental,Municipal,Presente,Sim,771.26
2024,3118304,Conselheiro Lafaiete,31160011,2° ano do Ensino Fundamental,Estadual,Presente,Sim,786.62
2024,3156700,Sabará,31122587,2° ano do Ensino Fundamental,Municipal,Presente,Sim,779.99
2024,3156700,Sabará,31180289,2° ano do Ensino Fundamental,Municipal,Presente,Sim,758.2
2024,4106902,Curitiba,41124665,2° ano do Ensino Fundamental,Municipal,Presente,Sim,744.55
2024,4307609,Estância Velha,43042530,2° ano do Ensino Fundamental,Municipal,Presente,Não,737.8242876
2024,5218508,Quirinópolis,52049699,2° ano do Ensino Fundamental,Municipal,Presente,Sim,804.84
2024,3513801,Diadema,35258502,2° ano do Ensino Fundamental,Estadual,Presente,Sim,806.3990448
2024,1100288,Rolim de Moura,11016216,2° ano do Ensino Fundamental,Municipal,Presente,Sim,754.73
2024,2101707,Barreirinhas,21015168,2° ano do Ensino Fundamental,Municipal,Presente,Sim,793.04
2024,3304201,Resende,33073627,2° ano do Ensino Fundamental,Municipal,Presente,Sim,746.17
2024,4300604,Alvorada,43002979,2° ano do Ensino Fundamental,Municipal,Presente,Não,734.7741539
2024,5208707,Goiânia,52000071,2° ano do Ensino Fundamental,Municipal,Presente,Não,728.09
2024,3154606,Ribeirão das Neves,31166735,2° ano do Ensino Fundamental,Estadual,Presente,Sim,757.18
2024,1503705,Itupiranga,15037251,2° ano do Ensino Fundamental,Municipal,Presente,Não,726.27
2024,5102504,Cáceres,51047681,2° ano do Ensino Fundamental,Municipal,Presente,Não,652.38
2024,1507300,São Félix do Xingu,15076184,2° ano do Ensino Fundamental,Municipal,Presente,Não,739.15
2024,5208707,Goiânia,52008205,2° ano do Ensino Fundamental,Municipal,Presente,Não,707.16
2024,5221403,Trindade,52034480,2° ano do Ensino Fundamental,Municipal,Presente,Não,720.55
2024,3305802,Teresópolis,33090356,2° ano do Ensino Fundamental,Municipal,Presente,Sim,767.13
2024,1200401,Rio Branco,12009363,2° ano do Ensino Fundamental,Estadual,Presente,Sim,755.46
2024,1501303,Barcarena,15015061,2° ano do Ensino Fundamental,Municipal,Presente,Não,675.92
2024,2105302,Imperatriz,21028666,2° ano do Ensino Fundamental,Municipal,Presente,Sim,751.25
2024,5300108,Brasília,53015257,2° ano do Ensino Fundamental,Estadual,Presente,Sim,753.86
2024,1501402,Belém,15090654,2° ano do Ensino Fundamental,Estadual,Presente,Não,669.43
2024,3148004,Patos de Minas,31181755,2° ano do Ensino Fundamental,Municipal,Presente,Sim,773.24
2024,3305208,São Pedro da Aldeia,33014007,2° ano do Ensino Fundamental,Municipal,Presente,Sim,745.37
2024,4323002,Viamão,43104955,2° ano do Ensino Fundamental,Municipal,Presente,Sim,762.6974346
2024,3145307,Novo Cruzeiro,31029834,2° ano do Ensino Fundamental,Estadual,Presente,Sim,781.47
2024,4100707,Alto Piquiri,41138021,2° ano do Ensino Fundamental,Municipal,Presente,Não,735.08
2024,4104600,Capitão Leônidas Marques,41033072,2° ano do Ensino Fundamental,Municipal,Presente,Sim,791.41
2024,5002704,Campo Grande,50004264,2° ano do Ensino Fundamental,Municipal,Presente,Não,738.85
2024,2404101,Galinhos,24024798,2° ano do Ensino Fundamental,Municipal,Presente,Não,730.49
2024,2803609,Laranjeiras,28006011,2° ano do Ensino Fundamental,Municipal,Presente,Não,653.4
2024,3127701,Governador Valadares,31200922,2° ano do Ensino Fundamental,Estadual,Presente,Não,689.06
2024,3300100,Angra dos Reis,33000069,2° ano do Ensino Fundamental,Municipal,Presente,Não,668.46
2024,4204608,Criciúma,42026620,2° ano do Ensino Fundamental,Municipal,Presente,Não,656.3
2024,2108504,Pindaré-Mirim,21019074,2° ano do Ensino Fundamental,Municipal,Presente,Não,701.62
2024,2500304,Alagoa Grande,25020694,2° ano do Ensino Fundamental,Municipal,Presente,Não,690.1
2024,3304201,Resende,33072344,2° ano do Ensino Fundamental,Municipal,Presente,Sim,766.99
2024,2101251,Bacabeira,21066853,2° ano do Ensino Fundamental,Municipal,Presente,Sim,772.16
2024,4106902,Curitiba,41032684,2° ano do Ensino Fundamental,Municipal,Presente,Sim,761.68
2024,1600600,Santana,16009397,2° ano do Ensino Fundamental,Estadual,Presente,Sim,743.11
2024,3118601,Contagem,31001501,2° ano do Ensino Fundamental,Municipal,Presente,Não,729.31
2024,3304557,Rio de Janeiro,33125296,2° ano do Ensino Fundamental,Municipal,Presente,Sim,759.5
2024,4305108,Caxias do Sul,43018198,2° ano do Ensino Fundamental,Estadual,Presente,Sim,755.081406
2024,5200258,Águas Lindas de Goiás,52069400,2° ano do Ensino Fundamental,Municipal,Presente,Não,631.11
2024,3519303,Ibaté,35170939,2° ano do Ensino Fundamental,Municipal,Presente,Sim,766.7537873
2024,3547809,Santo André,35311258,2° ano do Ensino Fundamental,Municipal,Presente,Não,721.4077709
2024,2307007,Jaguaruana,23044230,2° ano do Ensino Fundamental,Municipal,Presente,Sim,819.84
2024,4204202,Chapecó,42021172,2° ano do Ensino Fundamental,Municipal,Presente,Sim,746.76
2024,5218508,Quirinópolis,52049712,2° ano do Ensino Fundamental,Municipal,Presente,Sim,786.82
2024,3303500,Nova Iguaçu,33064590,2° ano do Ensino Fundamental,Municipal,Presente,Não,726.72
2024,4107702,Fênix,41132546,2° ano do Ensino Fundamental,Municipal,Presente,Não,637.6
2024,2413904,Taipu,24024273,2° ano do Ensino Fundamental,Municipal,Presente,Não,641.56
2024,3302858,Mesquita,33050238,2° ano do Ensino Fundamental,Municipal,Presente,Sim,749.03
2024,3539103,Pirapora do Bom Jesus,35278546,2° ano do Ensino Fundamental,Municipal,Presente,Não,720.1570531
2024,3304557,Rio de Janeiro,33123422,2° ano do Ensino Fundamental,Municipal,Presente,Não,741.83
2024,4120606,Prudentópolis,41053200,2° ano do Ensino Fundamental,Municipal,Presente,Sim,760.12
2024,2406007,José da Penha,24013855,2° ano do Ensino Fundamental,Municipal,Presente,Sim,825.71
2024,4106902,Curitiba,41051850,2° ano do Ensino Fundamental,Municipal,Presente,Sim,785.61
2024,4205902,Gaspar,42032130,2° ano do Ensino Fundamental,Municipal,Presente,Sim,779.7
2024,4316907,Santa Maria,43077756,2° ano do Ensino Fundamental,Municipal,Presente,Não,709.103972
2024,1711902,Lagoa da Confusão,17011363,2° ano do Ensino Fundamental,Municipal,Presente,Não,708.59
2024,3129004,Guiricema,31153616,2° ano do Ensino Fundamental,Municipal,Presente,Não,686.89
2024,3304557,Rio de Janeiro,33141030,2° ano do Ensino Fundamental,Municipal,Presente,Sim,804.13
2024,4113205,Lapa,41035874,2° ano do Ensino Fundamental,Municipal,Presente,Sim,759.6
2024,4122404,Rolândia,41057691,2° ano do Ensino Fundamental,Municipal,Presente,Sim,760.67
2024,5000609,Amambai,50033514,2° ano do Ensino Fundamental,Municipal,Presente,Não,679.53
2024,1504802,Monte Alegre,15049034,2° ano do Ensino Fundamental,Municipal,Presente,Não,707.7
2024,1506807,Santarém,15070042,2° ano do Ensino Fundamental,Municipal,Presente,Sim,745.43
2024,2110005,Santa Luzia,21020773,2° ano do Ensino Fundamental,Municipal,Presente,Sim,770.94
2024,2707701,Rio Largo,27025955,2° ano do Ensino Fundamental,Municipal,Presente,Sim,766.1
2024,3148004,Patos de Minas,31040787,2° ano do Ensino Fundamental,Municipal,Presente,Não,715.07
2024,3305000,São João da Barra,33083204,2° ano do Ensino Fundamental,Municipal,Presente,Sim,750.12
2024,4106209,Contenda,41013872,2° ano do Ensino Fundamental,Municipal,Presente,Não,685.19
2024,5208707,Goiânia,52002575,2° ano do Ensino Fundamental,Municipal,Presente,Não,692.71
2024,2107407,Olho d'Água das Cunhãs,21044518,2° ano do Ensino Fundamental,Municipal,Presente,Sim,745.05
2024,3304144,Queimados,33149731,2° ano do Ensino Fundamental,Municipal,Presente,Não,693.33
2024,4104709,Carlópolis,41121307,2° ano do Ensino Fundamental,Municipal,Presente,Sim,760.17
2024,5201405,Aparecida de Goiânia,52016068,2° ano do Ensino Fundamental,Municipal,Presente,Não,694.71
2024,5300108,Brasília,53013201,2° ano do Ensino Fundamental,Estadual,Presente,Não,707.18
2024,2602803,Buíque,26064106,2° ano do Ensino Fundamental,Municipal,Presente,Não,733.39
2024,3304557,Rio de Janeiro,33130240,2° ano do Ensino Fundamental,Municipal,Presente,Sim,752.02
2024,3304557,Rio de Janeiro,33102705,2° ano do Ensino Fundamental,Municipal,Presente,Sim,795.04
2024,3305802,Teresópolis,33089963,2° ano do Ensino Fundamental,Municipal,Presente,Sim,809.56
2024,2111300,São Luís,21009668,2° ano do Ensino Fundamental,Municipal,Presente,Sim,760.8
2024,2807600,Umbaúba,28005313,2° ano do Ensino Fundamental,Municipal,Presente,Não,659.78
2024,3301702,Duque de Caxias,33029156,2° ano do Ensino Fundamental,Municipal,Presente,Não,689.34
2024,3303500,Nova Iguaçu,33064597,2° ano do Ensino Fundamental,Municipal,Presente,Não,673.64
2024,3527306,Louveira,35103388,2° ano do Ensino Fundamental,Municipal,Presente,Sim,821.514298
2024,3540705,Porto Ferreira,35142613,2° ano do Ensino Fundamental,Municipal,Presente,Sim,751.9816197
2024,2506905,Itabaiana,25008252,2° ano do Ensino Fundamental,Municipal,Presente,Sim,804.75
2024,3505708,Barueri,35236130,2° ano do Ensino Fundamental,Municipal,Presente,Sim,756.4453429
2024,5300108,Brasília,53015548,2° ano do Ensino Fundamental,Estadual,Presente,Não,721.16
2024,1503705,Itupiranga,15037258,2° ano do Ensino Fundamental,Municipal,Presente,Sim,750.19
2024,1600303,Macapá,16003788,2° ano do Ensino Fundamental,Municipal,Presente,Sim,747.91
2024,3300704,Cabo Frio,33014605,2° ano do Ensino Fundamental,Municipal,Presente,Sim,816.25
2024,5205109,Catalão,52024118,2° ano do Ensino Fundamental,Municipal,Presente,Sim,833.75
2024,5300108,Brasília,53019402,2° ano do Ensino Fundamental,Estadual,Presente,Não,738.62
2024,1504901,Muaná,15049960,2° ano do Ensino Fundamental,Municipal,Presente,Sim,763.54
2024,2401107,Areia Branca,24009441,2° ano do Ensino Fundamental,Municipal,Presente,Sim,825.71
2024,3304557,Rio de Janeiro,33106343,2° ano do Ensino Fundamental,Municipal,Presente,Não,742.7
2024,4114906,Marilândia do Sul,41130844,2° ano do Ensino Fundamental,Municipal,Presente,Sim,791.84
2024,5300108,Brasília,53015835,2° ano do Ensino Fundamental,Estadual,Presente,Sim,754.67
2024,3534401,Osasco,35302036,2° ano do Ensino Fundamental,Municipal,Presente,Sim,761.8130055
2024,3550308,São Paulo,35410797,2° ano do Ensino Fundamental,Municipal,Presente,Não,731.4716309
2024,3550308,São Paulo,35367483,2° ano do Ensino Fundamental,Municipal,Presente,Não,698.3643423
2024,4301602,Bagé,43004492,2° ano do Ensino Fundamental,Estadual,Presente,Sim,769.8070719
2024,3550308,São Paulo,35340959,2° ano do Ensino Fundamental,Municipal,Presente,Sim,746.8454974
2024,3505708,Barueri,35234206,2° ano do Ensino Fundamental,Municipal,Presente,Sim,778.2353432
2024,3550308,São Paulo,35405147,2° ano do Ensino Fundamental,Municipal,Presente,Não,708.0564691
2024,3550308,São Paulo,35416474,2° ano do Ensino Fundamental,Municipal,Presente,Não,726.3091067
2024,3507506,Botucatu,35030026,2° ano do Ensino Fundamental,Municipal,Presente,Não,698.1073749
2024,3550308,São Paulo,35350909,2° ano do Ensino Fundamental,Estadual,Presente,Sim,790.0404485
2024,3550308,São Paulo,35367277,2° ano do Ensino Fundamental,Municipal,Presente,Sim,750.1101142
2024,3550308,São Paulo,35362851,2° ano do Ensino Fundamental,Municipal,Presente,Não,733.7418442
2024,3550308,São Paulo,35371355,2° ano do Ensino Fundamental,Municipal,Presente,Sim,787.2131925
2024,3550308,São Paulo,35406537,2° ano do Ensino Fundamental,Municipal,Presente,Não,704.763574
2024,3550308,São Paulo,35443661,2° ano do Ensino Fundamental,Estadual,Presente,Sim,806.3990448
2024,4322806,Veranópolis,43048319,2° ano do Ensino Fundamental,Municipal,Presente,Sim,795.6025223
2024,3550308,São Paulo,35369663,2° ano do Ensino Fundamental,Municipal,Presente,Sim,796.360933
2024,3550308,São Paulo,35340973,2° ano do Ensino Fundamental,Municipal,Presente,Não,730.7347999
2024,4321857,Três Palmeiras,43021780,2° ano do Ensino Fundamental,Municipal,Presente,Sim,836.3773184
2024,3509502,Campinas,35047927,2° ano do Ensino Fundamental,Estadual,Presente,Não,721.4312588
2024,3550308,São Paulo,35363719,2° ano do Ensino Fundamental,Municipal,Presente,Sim,767.3489115
2024,3550308,São Paulo,35367587,2° ano do Ensino Fundamental,Municipal,Presente,Não,658.2992666
2024,3548708,São Bernardo do Campo,35318703,2° ano do Ensino Fundamental,Municipal,Presente,Sim,821.514298
2024,3550308,São Paulo,35415141,2° ano do Ensino Fundamental,Municipal,Presente,Não,728.357062
2024,4301602,Bagé,43004485,2° ano do Ensino Fundamental,Estadual,Presente,Não,741.253969
2024,3509502,Campinas,35042567,2° ano do Ensino Fundamental,Estadual,Presente,Não,742.8134938
2024,3550308,São Paulo,35337563,2° ano do Ensino Fundamental,Municipal,Presente,Não,683.2068841
2024,3534401,Osasco,35303890,2° ano do Ensino Fundamental,Municipal,Presente,Não,681.9746923
2024,3550308,São Paulo,35374974,2° ano do Ensino Fundamental,Estadual,Presente,Sim,821.514298
2024,3550308,São Paulo,35357166,2° ano do Ensino Fundamental,Municipal,Presente,Sim,806.3990448
2024,3551009,São Vicente,35202500,2° ano do Ensino Fundamental,Municipal,Presente,Sim,743.1492444
2024,3550308,São Paulo,35368349,2° ano do Ensino Fundamental,Municipal,Presente,Sim,748.412691
2024,3505708,Barueri,35234213,2° ano do Ensino Fundamental,Municipal,Presente,Sim,806.3990448
2024,3510609,Carapicuíba,35247095,2° ano do Ensino Fundamental,Estadual,Presente,Sim,821.514298
2024,3550308,São Paulo,35349426,2° ano do Ensino Fundamental,Estadual,Presente,Sim,806.3990448
2024,3513801,Diadema,35255563,2° ano do Ensino Fundamental,Estadual,Presente,Sim,755.6994778
2024,3550308,São Paulo,35386563,2° ano do Ensino Fundamental,Estadual,Presente,Não,726.9736333
2024,3550308,São Paulo,35409159,2° ano do Ensino Fundamental,Municipal,Presente,Não,722.2342459
2024,3550308,São Paulo,35394182,2° ano do Ensino Fundamental,Estadual,Presente,Não,723.8541519
2024,3550308,São Paulo,35359565,2° ano do Ensino Fundamental,Municipal,Presente,Não,691.8526232
2024,3543303,Ribeirão Pires,35293225,2° ano do Ensino Fundamental,Estadual,Presente,Não,720.1880086
2024,3552205,Sorocaba,35213893,2° ano do Ensino Fundamental,Municipal,Presente,Não,704.2030907
2024,3522901,Itapuí,35095312,2° ano do Ensino Fundamental,Municipal,Presente,Não,732.0305724
2024,3540606,Porto Feliz,35083031,2° ano do Ensino Fundamental,Municipal,Presente,Não,717.1475323
2024,3507605,Bragança Paulista,35035953,2° ano do Ensino Fundamental,Municipal,Presente,Não,669.3396937
2024,3508207,Buritizal,35177775,2° ano do Ensino Fundamental,Municipal,Presente,Não,717.1572787
2024,3525904,Jundiaí,35105170,2° ano do Ensino Fundamental,Municipal,Presente,Sim,821.514298
2024,4317103,Sant'Ana do Livramento,43080237,2° ano do Ensino Fundamental,Estadual,Presente,Sim,779.7064894
2024,4316808,Santa Cruz do Sul,43074396,2° ano do Ensino Fundamental,Estadual,Presente,Sim,769.8713761
2024,3526902,Limeira,35112759,2° ano do Ensino Fundamental,Municipal,Presente,Sim,756.9987606
2024,4322400,Uruguaiana,43099420,2° ano do Ensino Fundamental,Estadual,Presente,Não,704.0169434
2024,3501905,Amparo,35123248,2° ano do Ensino Fundamental,Municipal,Presente,Sim,778.2353432
2024,4314902,Porto Alegre,43066532,2° ano do Ensino Fundamental,Estadual,Presente,Não,722.0556417
2024,4306106,Cruz Alta,43022619,2° ano do Ensino Fundamental,Estadual,Presente,Sim,747.5346295
2024,3502754,Araçariguama,35196591,2° ano do Ensino Fundamental,Municipal,Presente,Sim,786.1511403
2024,3501707,Américo Brasiliense,35011137,2° ano do Ensino Fundamental,Municipal,Presente,Sim,752.5449151
2024,3528502,Mairiporã,35246247,2° ano do Ensino Fundamental,Municipal,Presente,Sim,781.5392356
2024,4313904,Panambi,43041234,2° ano do Ensino Fundamental,Estadual,Presente,Não,717.8599461
2024,4320008,Sapucaia do Sul,43093318,2° ano do Ensino Fundamental,Municipal,Presente,Não,742.873439
2024,3502754,Araçariguama,35196550,2° ano do Ensino Fundamental,Municipal,Presente,Não,712.9804744
2024,3552403,Sumaré,35216112,2° ano do Ensino Fundamental,Municipal,Presente,Não,634.0216846
2024,3127305,Galiléia,31101461,2° ano do Ensino Fundamental,Municipal,Presente,Sim,761.81
2024,3205309,Vitória,32009839,2° ano do Ensino Fundamental,Municipal,Presente,Sim,758.97
2024,3522505,Itapevi,35280102,2° ano do Ensino Fundamental,Municipal,Presente,Não,691.5233618
2024,3550308,São Paulo,35340882,2° ano do Ensino Fundamental,Municipal,Presente,Sim,760.4150154
2024,2510808,Patos,25029255,2° ano do Ensino Fundamental,Municipal,Presente,Não,714.58
2024,3106200,Belo Horizonte,31200737,2° ano do Ensino Fundamental,Estadual,Presente,Não,721.93
2024,3106200,Belo Horizonte,31020832,2° ano do Ensino Fundamental,Estadual,Presente,Sim,771.08
2024,3126703,Francisco Sá,31068520,2° ano do Ensino Fundamental,Estadual,Presente,Sim,799.39
2024,4102802,Bela Vista do Paraíso,41059204,2° ano do Ensino Fundamental,Municipal,Presente,Não,740.49
2024,4105508,Cianorte,41120471,2° ano do Ensino Fundamental,Municipal,Presente,Não,636.15
2024,1501402,Belém,15090851,2° ano do Ensino Fundamental,Estadual,Presente,Não,698.79
2024,3505708,Barueri,35235714,2° ano do Ensino Fundamental,Municipal,Presente,Sim,767.4745456
2024,5103403,Cuiabá,51042062,2° ano do Ensino Fundamental,Municipal,Presente,Não,709.67
2024,2611606,Recife,26048768,2° ano do Ensino Fundamental,Municipal,Presente,Não,721.11
2024,3550308,São Paulo,35419184,2° ano do Ensino Fundamental,Municipal,Presente,Não,712.4013057
2024,2707800,Roteiro,27033326,2° ano do Ensino Fundamental,Municipal,Presente,Sim,763.47
2024,3303500,Nova Iguaçu,33063808,2° ano do Ensino Fundamental,Municipal,Presente,Não,672.93
2024,3304557,Rio de Janeiro,33113210,2° ano do Ensino Fundamental,Municipal,Presente,Não,740.14
2024,4202156,Belmonte,42079593,2° ano do Ensino Fundamental,Municipal,Presente,Sim,803.85
2024,1100205,Porto Velho,11022531,2° ano do Ensino Fundamental,Municipal,Presente,Não,628.63
2024,3300456,Belford Roxo,33008250,2° ano do Ensino Fundamental,Municipal,Presente,Não,683.63
2024,3550308,São Paulo,35418220,2° ano do Ensino Fundamental,Municipal,Presente,Não,726.3924866
2024,1302603,Manaus,13048259,2° ano do Ensino Fundamental,Municipal,Presente,Não,741.17
2024,3106200,Belo Horizonte,31029572,2° ano do Ensino Fundamental,Municipal,Presente,Não,712.72
2024,3305109,São João de Meriti,33086742,2° ano do Ensino Fundamental,Municipal,Presente,Não,675.2
2024,3306107,Valença,33093898,2° ano do Ensino Fundamental,Municipal,Presente,Não,721.92
2024,3518701,Guarujá,35164477,2° ano do Ensino Fundamental,Municipal,Presente,Sim,767.4745456
2024,3523107,Itaquaquecetuba,35287037,2° ano do Ensino Fundamental,Municipal,Presente,Não,739.6813779
2024,3304557,Rio de Janeiro,33139261,2° ano do Ensino Fundamental,Municipal,Presente,Sim,760.74
2024,3536109,Pardinho,35031557,2° ano do Ensino Fundamental,Municipal,Presente,Não,734.7262141
2024,3106200,Belo Horizonte,31072358,2° ano do Ensino Fundamental,Estadual,Presente,Sim,756.22
2024,3300308,Barra do Piraí,33004378,2° ano do Ensino Fundamental,Municipal,Presente,Sim,758.99
2024,1302603,Manaus,13048254,2° ano do Ensino Fundamental,Municipal,Presente,Sim,750.16
2024,1500800,Ananindeua,15009929,2° ano do Ensino Fundamental,Estadual,Presente,Não,740.91
2024,3203700,Muniz Freire,32046974,2° ano do Ensino Fundamental,Estadual,Presente,Sim,777.57
2024,3304557,Rio de Janeiro,33147199,2° ano do Ensino Fundamental,Municipal,Presente,Sim,772.1
2024,5003702,Dourados,50021429,2° ano do Ensino Fundamental,Municipal,Presente,Sim,775.12
2024,1504802,Monte Alegre,15049113,2° ano do Ensino Fundamental,Municipal,Presente,Sim,782.95
2024,1709500,Gurupi,17005801,2° ano do Ensino Fundamental,Municipal,Presente,Não,686.95
2024,3304557,Rio de Janeiro,33113203,2° ano do Ensino Fundamental,Municipal,Presente,Sim,785.3
2024,2403608,Extremoz,24000067,2° ano do Ensino Fundamental,Estadual,Presente,Não,742.81
2024,2706703,Penedo,27023508,2° ano do Ensino Fundamental,Municipal,Presente,Sim,746.99
2024,4122305,Rio Negro,41132061,2° ano do Ensino Fundamental,Municipal,Presente,Sim,780.82
2024,4323002,Viamão,43104696,2° ano do Ensino Fundamental,Municipal,Presente,Não,678.6416347
2024,3525904,Jundiaí,35106022,2° ano do Ensino Fundamental,Municipal,Presente,Não,734.4055604
2024,4106902,Curitiba,41095698,2° ano do Ensino Fundamental,Municipal,Presente,Sim,762.66
2024,5108808,Nova Guarita,51015052,2° ano do Ensino Fundamental,Municipal,Presente,Sim,787.86
2024,1100403,Alto Paraíso,11001264,2° ano do Ensino Fundamental,Municipal,Presente,Sim,758.16
2024,1501808,Breves,15019926,2° ano do Ensino Fundamental,Municipal,Presente,Não,678.7
2024,2111300,São Luís,21011177,2° ano do Ensino Fundamental,Municipal,Presente,Não,674.54
2024,4101804,Araucária,41056807,2° ano do Ensino Fundamental,Municipal,Presente,Não,733.09
2024,5002704,Campo Grande,50006352,2° ano do Ensino Fundamental,Municipal,Presente,Não,705.04
2024,3157807,Santa Luzia,31200912,2° ano do Ensino Fundamental,Estadual,Presente,Não,692.29
2024,3303500,Nova Iguaçu,33061020,2° ano do Ensino Fundamental,Municipal,Presente,Sim,744.62
2024,3523909,Itu,35081251,2° ano do Ensino Fundamental,Municipal,Presente,Não,696.2151836
2024,4105904,Colorado,41085137,2° ano do Ensino Fundamental,Municipal,Presente,Sim,754.66
2024,4114104,Mandaguaçu,41136338,2° ano do Ensino Fundamental,Municipal,Presente,Sim,757.08
2024,3534401,Osasco,35306482,2° ano do Ensino Fundamental,Municipal,Presente,Sim,821.514298
2024,3129806,Ibirité,31193242,2° ano do Ensino Fundamental,Municipal,Presente,Sim,746.6
2024,3301009,Campos dos Goytacazes,33020010,2° ano do Ensino Fundamental,Municipal,Presente,Não,630.71
2024,4105805,Colombo,41068241,2° ano do Ensino Fundamental,Municipal,Presente,Sim,772.45
2024,4205100,Dona Emma,42034605,2° ano do Ensino Fundamental,Municipal,Presente,Sim,768.75
2024,5103403,Cuiabá,51040625,2° ano do Ensino Fundamental,Municipal,Presente,Não,698.11
2024,1506203,Salinópolis,15066563,2° ano do Ensino Fundamental,Municipal,Presente,Não,741.89
2024,1101302,Mirante da Serra,11021575,2° ano do Ensino Fundamental,Municipal,Presente,Sim,782.44
2024,3550308,São Paulo,35421517,2° ano do Ensino Fundamental,Municipal,Presente,Não,732.8081215
2024,4100806,Alvorada do Sul,41095285,2° ano do Ensino Fundamental,Municipal,Presente,Sim,744.61
2024,4127700,Toledo,41084989,2° ano do Ensino Fundamental,Municipal,Presente,Sim,816.46
2024,5201702,Aragarças,52046067,2° ano do Ensino Fundamental,Municipal,Presente,Não,728.8
2024,1200807,Porto Acre,12006934,2° ano do Ensino Fundamental,Municipal,Presente,Não,728.26
2024,2704302,Maceió,27000846,2° ano do Ensino Fundamental,Estadual,Presente,Não,680.28
2024,3129806,Ibirité,31193430,2° ano do Ensino Fundamental,Municipal,Presente,Sim,776.94
2024,4208807,Jaguaruna,42086157,2° ano do Ensino Fundamental,Estadual,Presente,Sim,775.99
2024,5211503,Itumbiara,52039960,2° ano do Ensino Fundamental,Municipal,Presente,Não,711.4
2024,2707701,Rio Largo,27026711,2° ano do Ensino Fundamental,Municipal,Presente,Não,690.49
2024,4202057,Balneário Barra do Sul,42073858,2° ano do Ensino Fundamental,Municipal,Presente,Sim,788.54
2024,5211909,Jataí,52074333,2° ano do Ensino Fundamental,Municipal,Presente,Sim,854.02
2024,3304557,Rio de Janeiro,33123330,2° ano do Ensino Fundamental,Municipal,Presente,Sim,747.15
2024,3515004,Embu das Artes,35331071,2° ano do Ensino Fundamental,Municipal,Presente,Não,724.7269049
2024,3552809,Taboão da Serra,35335769,2° ano do Ensino Fundamental,Municipal,Presente,Não,729.9245391
2024,5100250,Alta Floresta,51000358,2° ano do Ensino Fundamental,Municipal,Presente,Sim,799.24
2024,3301702,Duque de Caxias,33024255,2° ano do Ensino Fundamental,Municipal,Presente,Sim,750.21
2024,3550308,São Paulo,35441474,2° ano do Ensino Fundamental,Estadual,Presente,Sim,765.1643358
2024,4106902,Curitiba,41017307,2° ano do Ensino Fundamental,Municipal,Presente,Sim,809.97
2024,1504208,Marabá,15041758,2° ano do Ensino Fundamental,Municipal,Presente,Sim,783.41
2024,3304557,Rio de Janeiro,33139275,2° ano do Ensino Fundamental,Municipal,Presente,Não,730.54
2024,4201901,Aurora,42041738,2° ano do Ensino Fundamental,Estadual,Presente,Sim,809.03
2024,2109106,Presidente Dutra,21047695,2° ano do Ensino Fundamental,Municipal,Presente,Sim,768.67
2024,3550308,São Paulo,35375267,2° ano do Ensino Fundamental,Estadual,Presente,Não,727.6899258
2024,3111200,Campo Belo,31190052,2° ano do Ensino Fundamental,Municipal,Presente,Sim,771.96
2024,3170206,Uberlândia,31084539,2° ano do Ensino Fundamental,Municipal,Presente,Sim,774.36
2024,3550308,São Paulo,35405781,2° ano do Ensino Fundamental,Municipal,Presente,Sim,821.514298
2024,5107909,Sinop,51028116,2° ano do Ensino Fundamental,Municipal,Presente,Não,729.25
2024,3170206,Uberlândia,31126270,2° ano do Ensino Fundamental,Municipal,Presente,Não,631.45
2024,3523909,Itu,35081244,2° ano do Ensino Fundamental,Municipal,Presente,Não,634.2226187
2024,3300803,Cachoeiras de Macacu,33015880,2° ano do Ensino Fundamental,Municipal,Presente,Sim,764.56
2024,1100452,Buritis,11019906,2° ano do Ensino Fundamental,Municipal,Presente,Sim,792.59
2024,2611606,Recife,26050755,2° ano do Ensino Fundamental,Municipal,Presente,Não,720.08
2024,3205200,Vila Velha,32013296,2° ano do Ensino Fundamental,Municipal,Presente,Não,644.38
2024,3513504,Cubatão,35163158,2° ano do Ensino Fundamental,Estadual,Presente,Sim,744.9674902
2024,3550308,São Paulo,35353957,2° ano do Ensino Fundamental,Estadual,Presente,Não,703.5768959
2024,5300108,Brasília,53013630,2° ano do Ensino Fundamental,Estadual,Presente,Sim,769.87
2024,2111201,São José de Ribamar,21003227,2° ano do Ensino Fundamental,Municipal,Presente,Sim,791.82
2024,3550308,São Paulo,35419028,2° ano do Ensino Fundamental,Municipal,Presente,Não,699.2153106
2024,5107925,Sorriso,51029921,2° ano do Ensino Fundamental,Municipal,Presente,Sim,756.05
2024,2804805,Nossa Senhora do Socorro,28011075,2° ano do Ensino Fundamental,Municipal,Presente,Não,690.83
2024,5300108,Brasília,53014613,2° ano do Ensino Fundamental,Estadual,Presente,Sim,761.05
2024,1101302,Mirante da Serra,11008223,2° ano do Ensino Fundamental,Municipal,Presente,Sim,774.75
2024,3303401,Nova Friburgo,33055311,2° ano do Ensino Fundamental,Municipal,Presente,Sim,782.03
2024,3304557,Rio de Janeiro,33135297,2° ano do Ensino Fundamental,Municipal,Presente,Não,731.24
2024,3550308,São Paulo,35346950,2° ano do Ensino Fundamental,Municipal,Presente,Sim,753.6446247
2024,3300100,Angra dos Reis,33000724,2° ano do Ensino Fundamental,Municipal,Presente,Sim,817.65
2024,3550308,São Paulo,35367311,2° ano do Ensino Fundamental,Municipal,Presente,Sim,759.4815938
2024,4105904,Colorado,41004968,2° ano do Ensino Fundamental,Municipal,Presente,Sim,777.49
2024,4211900,Palhoça,42065810,2° ano do Ensino Fundamental,Municipal,Presente,Sim,759.09
2024,5102504,Cáceres,51005431,2° ano do Ensino Fundamental,Municipal,Presente,Não,645.04
2024,1200252,Epitaciolândia,12002699,2° ano do Ensino Fundamental,Municipal,Presente,Sim,759.0
2024,2110005,Santa Luzia,21020705,2° ano do Ensino Fundamental,Municipal,Presente,Sim,745.14
2024,3201506,Colatina,32046572,2° ano do Ensino Fundamental,Municipal,Presente,Sim,765.05
2024,4306767,Eldorado do Sul,43025494,2° ano do Ensino Fundamental,Municipal,Presente,Sim,795.6025223
2024,3133808,Itaúna,31162606,2° ano do Ensino Fundamental,Municipal,Presente,Sim,785.41
2024,3304557,Rio de Janeiro,33142937,2° ano do Ensino Fundamental,Municipal,Presente,Sim,772.63
2024,3534401,Osasco,35306475,2° ano do Ensino Fundamental,Municipal,Presente,Não,739.0733778
2024,2610707,Paulista,26031266,2° ano do Ensino Fundamental,Municipal,Presente,Sim,809.41
2024,3128006,Guanhães,31000801,2° ano do Ensino Fundamental,Municipal,Presente,Sim,778.06
2024,3203700,Muniz Freire,32042406,2° ano do Ensino Fundamental,Estadual,Presente,Sim,794.45
2024,5201108,Anápolis,52011958,2° ano do Ensino Fundamental,Municipal,Presente,Sim,806.7
2024,1302603,Manaus,13039186,2° ano do Ensino Fundamental,Municipal,Presente,Sim,762.06
2024,3304557,Rio de Janeiro,33142923,2° ano do Ensino Fundamental,Municipal,Presente,Sim,777.74
2024,3516408,Franco da Rocha,35245495,2° ano do Ensino Fundamental,Municipal,Presente,Não,710.0732556
2024,3530607,Mogi das Cruzes,35297774,2° ano do Ensino Fundamental,Municipal,Presente,Não,691.0603235
2024,5300108,Brasília,53026909,2° ano do Ensino Fundamental,Estadual,Presente,Sim,767.85
2024,1506807,Santarém,15074028,2° ano do Ensino Fundamental,Municipal,Presente,Não,692.14
2024,4106902,Curitiba,41121958,2° ano do Ensino Fundamental,Municipal,Presente,Sim,784.81
2024,3522505,Itapevi,35279949,2° ano do Ensino Fundamental,Municipal,Presente,Sim,765.1643358
2024,3518800,Guarulhos,35262107,2° ano do Ensino Fundamental,Municipal,Presente,Sim,786.1511403
2024,3550308,São Paulo,35397395,2° ano do Ensino Fundamental,Estadual,Presente,Sim,753.38961
2024,4304655,Capão do Cipó,43081172,2° ano do Ensino Fundamental,Municipal,Presente,Sim,766.6054853
2024,3552502,Suzano,35328415,2° ano do Ensino Fundamental,Municipal,Presente,Não,662.3885337
2024,4319901,Sapiranga,43090964,2° ano do Ensino Fundamental,Municipal,Presente,Sim,747.8154247
2024,3547809,Santo André,35313618,2° ano do Ensino Fundamental,Municipal,Presente,Sim,806.3990448
2024,3526902,Limeira,35111195,2° ano do Ensino Fundamental,Municipal,Presente,Não,712.4332996
2024,3505708,Barueri,35238939,2° ano do Ensino Fundamental,Municipal,Presente,Não,739.1059053
2024,3523107,Itaquaquecetuba,35284293,2° ano do Ensino Fundamental,Municipal,Presente,Não,707.1497606
2024,3534401,Osasco,35307262,2° ano do Ensino Fundamental,Municipal,Presente,Não,686.2876926
2024,3548500,Santos,35168642,2° ano do Ensino Fundamental,Municipal,Presente,Não,717.9409363
2024,3510609,Carapicuíba,35248755,2° ano do Ensino Fundamental,Estadual,Presente,Sim,769.1142873
2024,3550704,São Sebastião,35057577,2° ano do Ensino Fundamental,Municipal,Presente,Sim,806.3990448
2024,4321600,Tramandaí,43096309,2° ano do Ensino Fundamental,Municipal,Presente,Não,709.2884808
2024,3518107,Guarantã,35116335,2° ano do Ensino Fundamental,Municipal,Presente,Não,705.774412
2024,4315602,Rio Grande,43069900,2° ano do Ensino Fundamental,Municipal,Presente,Não,737.4371244
2024,3550308,São Paulo,35392393,2° ano do Ensino Fundamental,Estadual,Presente,Sim,766.7537873
2024,3550308,São Paulo,35389252,2° ano do Ensino Fundamental,Estadual,Presente,Sim,767.4745456
2024,3550308,São Paulo,35370662,2° ano do Ensino Fundamental,Municipal,Presente,Não,717.7793218
2024,3550308,São Paulo,35355401,2° ano do Ensino Fundamental,Estadual,Presente,Sim,806.3990448
2024,4317608,Santo Antônio da Patrulha,43083318,2° ano do Ensino Fundamental,Estadual,Presente,Sim,753.6388597
2024,3526902,Limeira,35112919,2° ano do Ensino Fundamental,Municipal,Presente,Sim,756.6920855
2024,3550308,São Paulo,35370862,2° ano do Ensino Fundamental,Municipal,Presente,Sim,806.3990448
2024,3550308,São Paulo,35406564,2° ano do Ensino Fundamental,Municipal,Presente,Sim,746.80201
2024,3520509,Indaiatuba,35052415,2° ano do Ensino Fundamental,Municipal,Presente,Sim,780.5060082
2024,3518107,Guarantã,35116321,2° ano do Ensino Fundamental,Municipal,Presente,Sim,786.1511403
2024,3550308,São Paulo,35416813,2° ano do Ensino Fundamental,Municipal,Presente,Não,696.9033574
2024,3550308,São Paulo,35433474,2° ano do Ensino Fundamental,Estadual,Presente,Não,717.6627203
2024,3534401,Osasco,35299939,2° ano do Ensino Fundamental,Municipal,Presente,Sim,796.360933
2024,3518701,Guarujá,35164570,2° ano do Ensino Fundamental,Municipal,Presente,Sim,821.514298
2024,3551009,São Vicente,35202606,2° ano do Ensino Fundamental,Municipal,Presente,Não,724.4566478
2024,3513504,Cubatão,35162072,2° ano do Ensino Fundamental,Estadual,Presente,Não,698.8833822
2024,3525904,Jundiaí,35107281,2° ano do Ensino Fundamental,Municipal,Presente,Sim,770.7004369
2024,4316907,Santa Maria,43076394,2° ano do Ensino Fundamental,Municipal,Presente,Sim,755.7609225
2024,4321600,Tramandaí,43096302,2° ano do Ensino Fundamental,Municipal,Presente,Sim,795.6025223
2024,3552809,Taboão da Serra,35333777,2° ano do Ensino Fundamental,Municipal,Presente,Não,739.7107798
2024,3537800,Piedade,35229624,2° ano do Ensino Fundamental,Municipal,Presente,Sim,806.3990448
2024,3500303,Aguaí,35173838,2° ano do Ensino Fundamental,Municipal,Presente,Sim,744.1414655
2024,3506003,Bauru,35024795,2° ano do Ensino Fundamental,Municipal,Presente,Não,658.3925712
2024,3548708,São Bernardo do Campo,35318789,2° ano do Ensino Fundamental,Municipal,Presente,Sim,773.5256568
2024,4306767,Eldorado do Sul,43025338,2° ano do Ensino Fundamental,Municipal,Presente,Sim,765.304199
2024,3550308,São Paulo,35406745,2° ano do Ensino Fundamental,Municipal,Presente,Sim,776.4217409
2024,3552205,Sorocaba,35213569,2° ano do Ensino Fundamental,Municipal,Presente,Não,715.0670854
2024,3550308,São Paulo,35406971,2° ano do Ensino Fundamental,Municipal,Presente,Não,689.3105553
2024,3550308,São Paulo,35431659,2° ano do Ensino Fundamental,Estadual,Presente,Sim,786.1511403
2024,3539004,Pirangi,35222107,2° ano do Ensino Fundamental,Municipal,Presente,Sim,806.3990448
2024,4301107,Arroio dos Ratos,43025234,2° ano do Ensino Fundamental,Municipal,Presente,Não,678.9995603
2024,4321501,Torres,43094955,2° ano do Ensino Fundamental,Estadual,Presente,Não,678.2498865
2024,3510609,Carapicuíba,35248741,2° ano do Ensino Fundamental,Estadual,Presente,Não,707.0638871
2024,3519105,Iacanga,35026069,2° ano do Ensino Fundamental,Municipal,Presente,Sim,806.3990448
2024,2105302,Imperatriz,21067416,2° ano do Ensino Fundamental,Municipal,Presente,Não,732.78
2024,3201308,Cariacica,32019677,2° ano do Ensino Fundamental,Municipal,Presente,Sim,744.98
2024,3170206,Uberlândia,31021144,2° ano do Ensino Fundamental,Estadual,Presente,Não,697.31
2024,5101803,Barra do Garças,51002450,2° ano do Ensino Fundamental,Municipal,Presente,Não,712.35
2024,2102408,Cajapió,21057280,2° ano do Ensino Fundamental,Municipal,Presente,Sim,748.61
2024,3304557,Rio de Janeiro,33140782,2° ano do Ensino Fundamental,Municipal,Presente,Sim,759.58
2024,4217709,Sombrio,42002901,2° ano do Ensino Fundamental,Estadual,Presente,Não,722.64
2024,5103403,Cuiabá,51039773,2° ano do Ensino Fundamental,Municipal,Presente,Não,661.93
2024,1716109,Paraíso do Tocantins,17012060,2° ano do Ensino Fundamental,Municipal,Presente,Sim,797.66
2024,2408003,Mossoró,24009977,2° ano do Ensino Fundamental,Estadual,Presente,Não,726.2
2024,4106902,Curitiba,41115430,2° ano do Ensino Fundamental,Municipal,Presente,Sim,755.28
2024,4209300,Lages,42054742,2° ano do Ensino Fundamental,Municipal,Presente,Sim,804.42
2024,5300108,Brasília,53022034,2° ano do Ensino Fundamental,Estadual,Presente,Sim,750.73
2024,5004809,Japorã,50028182,2° ano do Ensino Fundamental,Municipal,Presente,Não,681.07
2024,5208707,Goiânia,52001900,2° ano do Ensino Fundamental,Municipal,Presente,Não,733.27
2024,4209300,Lages,42054520,2° ano do Ensino Fundamental,Estadual,Presente,Não,646.19
2024,2105302,Imperatriz,21027798,2° ano do Ensino Fundamental,Municipal,Presente,Sim,774.87
2024,3205002,Serra,32000348,2° ano do Ensino Fundamental,Estadual,Presente,Sim,748.77
2024,3300100,Angra dos Reis,33000425,2° ano do Ensino Fundamental,Municipal,Presente,Sim,802.0
2024,4107207,Dois Vizinhos,41080710,2° ano do Ensino Fundamental,Municipal,Presente,Sim,747.54
2024,1302603,Manaus,13054249,2° ano do Ensino Fundamental,Municipal,Presente,Não,741.49
2024,3136702,Juiz de Fora,31162981,2° ano do Ensino Fundamental,Municipal,Presente,Não,700.87
2024,3304557,Rio de Janeiro,33148084,2° ano do Ensino Fundamental,Municipal,Presente,Não,669.67
2024,1505536,Parauapebas,15059451,2° ano do Ensino Fundamental,Municipal,Presente,Não,702.42
2024,1302603,Manaus,13056815,2° ano do Ensino Fundamental,Municipal,Presente,Não,718.84
2024,2607653,Itambé,26019777,2° ano do Ensino Fundamental,Municipal,Presente,Sim,748.45
2024,1506906,Santarém Novo,15074409,2° ano do Ensino Fundamental,Municipal,Presente,Não,676.23
2024,1709500,Gurupi,17005411,2° ano do Ensino Fundamental,Municipal,Presente,Não,640.87
2024,5103403,Cuiabá,51041053,2° ano do Ensino Fundamental,Municipal,Presente,Sim,799.24
2024,3164209,São Romão,31164525,2° ano do Ensino Fundamental,Municipal,Presente,Sim,782.39
2024,1301852,Iranduba,13010924,2° ano do Ensino Fundamental,Municipal,Presente,Não,677.93
2024,1501782,Breu Branco,15018612,2° ano do Ensino Fundamental,Municipal,Presente,Não,734.94
2024,4210100,Mafra,42059012,2° ano do Ensino Fundamental,Municipal,Presente,Sim,745.68
2024,1716109,Paraíso do Tocantins,17011977,2° ano do Ensino Fundamental,Municipal,Presente,Sim,833.43
2024,2103406,Coelho Neto,21039604,2° ano do Ensino Fundamental,Municipal,Presente,Sim,798.62
2024,3306305,Volta Redonda,33096837,2° ano do Ensino Fundamental,Municipal,Presente,Sim,777.07
2024,4118204,Paranaguá,41061641,2° ano do Ensino Fundamental,Municipal,Presente,Não,724.24
2024,5205109,Catalão,52023661,2° ano do Ensino Fundamental,Municipal,Presente,Sim,838.14
2024,1506807,Santarém,15070239,2° ano do Ensino Fundamental,Municipal,Presente,Não,737.57
2024,3304557,Rio de Janeiro,33110141,2° ano do Ensino Fundamental,Municipal,Presente,Sim,782.77
2024,3302601,Mangaratiba,33001874,2° ano do Ensino Fundamental,Municipal,Presente,Sim,748.22
2024,4109401,Guarapuava,41042156,2° ano do Ensino Fundamental,Municipal,Presente,Não,682.83
2024,5102702,Canarana,51003172,2° ano do Ensino Fundamental,Municipal,Presente,Não,698.05
2024,1200401,Rio Branco,12009308,2° ano do Ensino Fundamental,Municipal,Presente,Sim,761.15
2024,3169356,Três Marias,31024245,2° ano do Ensino Fundamental,Municipal,Presente,Não,701.58
2024,3304557,Rio de Janeiro,33110162,2° ano do Ensino Fundamental,Municipal,Presente,Sim,867.77
2024,3109303,Buritis,31011292,2° ano do Ensino Fundamental,Municipal,Presente,Não,735.3
2024,3151503,Piumhi,31001158,2° ano do Ensino Fundamental,Municipal,Presente,Sim,777.68
2024,3301702,Duque de Caxias,33029900,2° ano do Ensino Fundamental,Municipal,Presente,Sim,782.18
2024,1507953,Tailândia,15080071,2° ano do Ensino Fundamental,Municipal,Presente,Não,735.17
2024,2504009,Campina Grande,25024128,2° ano do Ensino Fundamental,Municipal,Presente,Sim,766.2
2024,3303401,Nova Friburgo,33056023,2° ano do Ensino Fundamental,Municipal,Presente,Sim,747.92
2024,2109908,Santa Inês,21067061,2° ano do Ensino Fundamental,Municipal,Presente,Sim,774.74
2024,3168606,Teófilo Otoni,31192664,2° ano do Ensino Fundamental,Municipal,Presente,Sim,747.98
2024,4126256,Sarandi,41046149,2° ano do Ensino Fundamental,Municipal,Presente,Não,727.01
2024,1506807,Santarém,15073890,2° ano do Ensino Fundamental,Municipal,Presente,Não,667.38
2024,1508001,Tomé-Açu,15081668,2° ano do Ensino Fundamental,Municipal,Presente,Não,735.61
2024,2401206,Arês,24015880,2° ano do Ensino Fundamental,Municipal,Presente,Não,733.53
2024,2412203,São José de Mipibu,24019562,2° ano do Ensino Fundamental,Municipal,Presente,Sim,788.88
2024,2702108,Colônia Leopoldina,27007500,2° ano do Ensino Fundamental,Municipal,Presente,Não,728.57
2024,1502707,Conceição do Araguaia,15028345,2° ano do Ensino Fundamental,Municipal,Presente,Sim,744.47
2024,2111300,São Luís,21007409,2° ano do Ensino Fundamental,Municipal,Presente,Sim,807.9
2024,3154606,Ribeirão das Neves,31083485,2° ano do Ensino Fundamental,Municipal,Presente,Sim,772.42
2024,4201703,Ascurra,42083362,2° ano do Ensino Fundamental,Estadual,Presente,Não,720.1
2024,5004809,Japorã,50028189,2° ano do Ensino Fundamental,Municipal,Presente,Não,732.71
2024,1100205,Porto Velho,11013326,2° ano do Ensino Fundamental,Municipal,Presente,Não,650.58
2024,3132404,Itajubá,31006698,2° ano do Ensino Fundamental,Municipal,Presente,Sim,785.53
2024,3143302,Montes Claros,31114234,2° ano do Ensino Fundamental,Estadual,Presente,Sim,802.23
2024,5103403,Cuiabá,51038000,2° ano do Ensino Fundamental,Municipal,Presente,Não,720.56
2024,3131307,Ipatinga,31060574,2° ano do Ensino Fundamental,Municipal,Presente,Não,730.17
2024,3135506,Jequeri,31028817,2° ano do Ensino Fundamental,Estadual,Presente,Sim,771.9
2024,4113700,Londrina,41135840,2° ano do Ensino Fundamental,Municipal,Presente,Não,655.51
2024,3118304,Conselheiro Lafaiete,31059598,2° ano do Ensino Fundamental,Municipal,Presente,Sim,777.89
2024,3128204,Guaraciaba,31039113,2° ano do Ensino Fundamental,Estadual,Presente,Sim,775.97
2024,4119905,Ponta Grossa,41065647,2° ano do Ensino Fundamental,Municipal,Presente,Sim,770.03
2024,4106902,Curitiba,41076504,2° ano do Ensino Fundamental,Municipal,Presente,Não,738.16
2024,4108304,Foz do Iguaçu,41107239,2° ano do Ensino Fundamental,Municipal,Presente,Não,666.55
2024,4111209,Itapejara d'Oeste,41137012,2° ano do Ensino Fundamental,Municipal,Presente,Não,660.67
2024,5002209,Bonito,50026179,2° ano do Ensino Fundamental,Municipal,Presente,Sim,790.31
2024,2507507,João Pessoa,25000856,2° ano do Ensino Fundamental,Estadual,Presente,Não,721.09
2024,3134202,Ituiutaba,31191305,2° ano do Ensino Fundamental,Estadual,Presente,Não,740.57
2024,3136009,Joaíma,31165871,2° ano do Ensino Fundamental,Municipal,Presente,Não,734.16
2024,3154606,Ribeirão das Neves,31083609,2° ano do Ensino Fundamental,Municipal,Presente,Sim,754.96
2024,1702109,Araguaína,17018866,2° ano do Ensino Fundamental,Municipal,Presente,Não,734.69
2024,2504009,Campina Grande,25024122,2° ano do Ensino Fundamental,Municipal,Presente,Não,710.37
2024,3305109,São João de Meriti,33086339,2° ano do Ensino Fundamental,Municipal,Presente,Não,639.91
2024,3200607,Aracruz,32023660,2° ano do Ensino Fundamental,Municipal,Presente,Sim,766.64
2024,4205407,Florianópolis,42094720,2° ano do Ensino Fundamental,Municipal,Presente,Não,739.36
2024,5201108,Anápolis,52013177,2° ano do Ensino Fundamental,Municipal,Presente,Não,739.8
2024,3302007,Itaguaí,33035802,2° ano do Ensino Fundamental,Municipal,Presente,Não,668.63
2024,3303302,Niterói,33054259,2° ano do Ensino Fundamental,Municipal,Presente,Não,718.15
2024,5002704,Campo Grande,50038914,2° ano do Ensino Fundamental,Municipal,Presente,Sim,785.87
2024,3304557,Rio de Janeiro,33145610,2° ano do Ensino Fundamental,Municipal,Presente,Não,737.99
2024,1302603,Manaus,13042851,2° ano do Ensino Fundamental,Municipal,Presente,Não,734.6
2024,2408102,Natal,24006240,2° ano do Ensino Fundamental,Municipal,Presente,Sim,778.36
2024,4111209,Itapejara d'Oeste,41137017,2° ano do Ensino Fundamental,Municipal,Presente,Sim,747.11
2024,4115200,Maringá,41000171,2° ano do Ensino Fundamental,Municipal,Presente,Não,730.97
2024,4127965,Turvo,41020819,2° ano do Ensino Fundamental,Municipal,Presente,Sim,747.24
2024,2611606,Recife,26046616,2° ano do Ensino Fundamental,Municipal,Presente,Sim,767.13
2024,3306305,Volta Redonda,33096540,2° ano do Ensino Fundamental,Municipal,Presente,Sim,746.2
2024,4126009,São Sebastião da Amoreira,41085867,2° ano do Ensino Fundamental,Municipal,Presente,Sim,748.93
2024,2102408,Cajapió,21057287,2° ano do Ensino Fundamental,Municipal,Presente,Sim,773.61
2024,3154309,Resplendor,31172564,2° ano do Ensino Fundamental,Municipal,Presente,Sim,751.73
2024,3303302,Niterói,33054326,2° ano do Ensino Fundamental,Municipal,Presente,Sim,748.95
2024,4119905,Ponta Grossa,41100674,2° ano do Ensino Fundamental,Municipal,Presente,Sim,759.17
2024,4212205,Papanduva,42058942,2° ano do Ensino Fundamental,Municipal,Presente,Sim,746.49
2024,1100015,Alta Floresta D'Oeste,11019544,2° ano do Ensino Fundamental,Municipal,Presente,Não,738.66
2024,2100907,Araioses,21059763,2° ano do Ensino Fundamental,Municipal,Presente,Não,723.16
2024,2102408,Cajapió,21057301,2° ano do Ensino Fundamental,Municipal,Presente,Sim,816.81
2024,3304904,São Gonçalo,33080269,2° ano do Ensino Fundamental,Municipal,Presente,Sim,768.49
2024,4105201,Cerro Azul,41105800,2° ano do Ensino Fundamental,Municipal,Presente,Sim,777.35
2024,4127700,Toledo,41084539,2° ano do Ensino Fundamental,Municipal,Presente,Sim,767.19
2024,1100304,Vilhena,11018331,2° ano do Ensino Fundamental,Municipal,Presente,Sim,842.08
2024,5107602,Rondonópolis,51024259,2° ano do Ensino Fundamental,Municipal,Presente,Não,733.11
2024,1100205,Porto Velho,11010075,2° ano do Ensino Fundamental,Municipal,Presente,Não,693.86
2024,2409407,Pau dos Ferros,24014274,2° ano do Ensino Fundamental,Estadual,Presente,Não,654.3
2024,4104808,Cascavel,41022313,2° ano do Ensino Fundamental,Municipal,Presente,Sim,744.71
2024,4113700,Londrina,41116473,2° ano do Ensino Fundamental,Municipal,Presente,Sim,826.06
2024,4209300,Lages,42054782,2° ano do Ensino Fundamental,Municipal,Presente,Não,731.56
2024,1501006,Aveiro,15012922,2° ano do Ensino Fundamental,Municipal,Presente,Não,679.29
2024,3304557,Rio de Janeiro,33141435,2° ano do Ensino Fundamental,Municipal,Presente,Sim,744.74
2024,4201703,Ascurra,42083355,2° ano do Ensino Fundamental,Estadual,Presente,Não,703.54
2024,5221858,Valparaíso de Goiás,52066909,2° ano do Ensino Fundamental,Municipal,Presente,Não,649.95
2024,3142007,Mirabela,31203208,2° ano do Ensino Fundamental,Estadual,Presente,Sim,768.73
2024,5104104,Guarantã do Norte,51013344,2° ano do Ensino Fundamental,Municipal,Presente,Sim,799.24
2024,1302207,Juruá,13012827,2° ano do Ensino Fundamental,Municipal,Presente,Não,672.7
2024,3143500,Morada Nova de Minas,31189778,2° ano do Ensino Fundamental,Municipal,Presente,Sim,758.67
2024,1501501,Benevides,15015898,2° ano do Ensino Fundamental,Municipal,Presente,Sim,767.9
2024,3125101,Extrema,31183753,2° ano do Ensino Fundamental,Municipal,Presente,Sim,744.31
2024,3304557,Rio de Janeiro,33144218,2° ano do Ensino Fundamental,Municipal,Presente,Sim,765.65
2024,3304557,Rio de Janeiro,33145177,2° ano do Ensino Fundamental,Municipal,Presente,Não,727.51
2024,5201108,Anápolis,52013579,2° ano do Ensino Fundamental,Municipal,Presente,Não,685.35
2024,3137809,Lambari,31150755,2° ano do Ensino Fundamental,Municipal,Presente,Sim,843.8
2024,4108304,Foz do Iguaçu,41049319,2° ano do Ensino Fundamental,Municipal,Presente,Sim,768.88
2024,4110706,Irati,41074584,2° ano do Ensino Fundamental,Municipal,Presente,Sim,805.4
2024,2111300,São Luís,21066618,2° ano do Ensino Fundamental,Municipal,Presente,Sim,763.48
2024,4211751,Otacílio Costa,42062913,2° ano do Ensino Fundamental,Estadual,Presente,Sim,753.55
2024,5007901,Sidrolândia,50039449,2° ano do Ensino Fundamental,Municipal,Presente,Sim,756.73
2024,2611606,Recife,26051964,2° ano do Ensino Fundamental,Municipal,Presente,Sim,767.92
2024,3106200,Belo Horizonte,31180373,2° ano do Ensino Fundamental,Municipal,Presente,Sim,760.97
2024,3142007,Mirabela,31079700,2° ano do Ensino Fundamental,Estadual,Presente,Não,726.44
2024,2112209,Timon,21064895,2° ano do Ensino Fundamental,Municipal,Presente,Não,700.85
2024,3106705,Betim,31015366,2° ano do Ensino Fundamental,Municipal,Presente,Sim,767.97
2024,3120839,Cuparaque,31020757,2° ano do Ensino Fundamental,Municipal,Presente,Sim,764.4
2024,4125506,São José dos Pinhais,41121950,2° ano do Ensino Fundamental,Municipal,Presente,Sim,767.5
2024,3205200,Vila Velha,32047334,2° ano do Ensino Fundamental,Municipal,Presente,Não,703.52
2024,4104428,Candói,41004213,2° ano do Ensino Fundamental,Municipal,Presente,Sim,754.39
2024,5108402,Várzea Grande,51043775,2° ano do Ensino Fundamental,Municipal,Presente,Sim,785.6
2024,5221858,Valparaíso de Goiás,52066497,2° ano do Ensino Fundamental,Municipal,Presente,Não,720.35
2024,3106200,Belo Horizonte,31102368,2° ano do Ensino Fundamental,Municipal,Presente,Sim,794.14
2024,3300308,Barra do Piraí,33004209,2° ano do Ensino Fundamental,Municipal,Presente,Não,731.07
2024,4115804,Medianeira,41134700,2° ano do Ensino Fundamental,Municipal,Presente,Sim,785.74
2024,4204301,Concórdia,42025534,2° ano do Ensino Fundamental,Municipal,Presente,Sim,754.15
2024,5002704,Campo Grande,50039186,2° ano do Ensino Fundamental,Municipal,Presente,Sim,784.95
2024,5108402,Várzea Grande,51043768,2° ano do Ensino Fundamental,Municipal,Presente,Não,733.31
2024,3518800,Guarulhos,35267854,2° ano do Ensino Fundamental,Municipal,Presente,Sim,759.5720337
2024,3518800,Guarulhos,35263162,2° ano do Ensino Fundamental,Municipal,Presente,Sim,743.537517
2024,3520509,Indaiatuba,35051101,2° ano do Ensino Fundamental,Municipal,Presente,Sim,767.4745456
2024,3518800,Guarulhos,35267496,2° ano do Ensino Fundamental,Municipal,Presente,Sim,747.6564829
2024,3520509,Indaiatuba,35051108,2° ano do Ensino Fundamental,Municipal,Presente,Sim,745.1158567
2024,3526902,Limeira,35110893,2° ano do Ensino Fundamental,Estadual,Presente,Sim,786.1511403
2024,3520509,Indaiatuba,35052628,2° ano do Ensino Fundamental,Municipal,Presente,Sim,767.4745456
2024,3522505,Itapevi,35280811,2° ano do Ensino Fundamental,Municipal,Presente,Não,641.5256705
2024,3502804,Araçatuba,35009077,2° ano do Ensino Fundamental,Municipal,Presente,Não,670.8275434
2024,3548708,São Bernardo do Campo,35316150,2° ano do Ensino Fundamental,Municipal,Presente,Sim,786.1511403
2024,3548708,São Bernardo do Campo,35322091,2° ano do Ensino Fundamental,Municipal,Presente,Não,739.8496546
2024,3538709,Piracicaba,35136318,2° ano do Ensino Fundamental,Municipal,Presente,Não,708.8995562
2024,4305108,Caxias do Sul,43017871,2° ano do Ensino Fundamental,Municipal,Presente,Sim,805.5091194
2024,3548708,São Bernardo do Campo,35321435,2° ano do Ensino Fundamental,Municipal,Presente,Sim,786.1511403
2024,3548708,São Bernardo do Campo,35320985,2° ano do Ensino Fundamental,Municipal,Presente,Não,666.7221153
2024,3550308,São Paulo,35358343,2° ano do Ensino Fundamental,Municipal,Presente,Não,687.5655109
2024,3555406,Ubatuba,35058976,2° ano do Ensino Fundamental,Municipal,Presente,Não,737.3585082
2024,3547809,Santo André,35313460,2° ano do Ensino Fundamental,Municipal,Presente,Não,716.6380097
2024,3553856,Taquarivaí,35077419,2° ano do Ensino Fundamental,Municipal,Presente,Sim,760.5073604
2024,3539806,Poá,35283546,2° ano do Ensino Fundamental,Municipal,Presente,Sim,806.3990448
2024,3529005,Marília,35119371,2° ano do Ensino Fundamental,Municipal,Presente,Não,698.2269621
2024,3549805,São José do Rio Preto,35183439,2° ano do Ensino Fundamental,Municipal,Presente,Não,708.8995562
2024,4305108,Caxias do Sul,43017043,2° ano do Ensino Fundamental,Municipal,Presente,Sim,743.2097629
2024,3550308,São Paulo,35358350,2° ano do Ensino Fundamental,Municipal,Presente,Sim,786.1511403
2024,4305108,Caxias do Sul,43017029,2° ano do Ensino Fundamental,Municipal,Presente,Sim,779.7064894
2024,3550308,São Paulo,35403450,2° ano do Ensino Fundamental,Estadual,Presente,Não,721.1470519
2024,3516408,Franco da Rocha,35244164,2° ano do Ensino Fundamental,Municipal,Presente,Não,699.148207
2024,3547304,Santana de Parnaíba,35309084,2° ano do Ensino Fundamental,Municipal,Presente,Não,728.4878113
2024,3509700,Campos do Jordão,35131256,2° ano do Ensino Fundamental,Municipal,Presente,Não,693.9828423
2024,4305108,Caxias do Sul,43019804,2° ano do Ensino Fundamental,Municipal,Presente,Sim,757.9361498
2024,3509502,Campinas,35038587,2° ano do Ensino Fundamental,Estadual,Presente,Sim,821.514298
2024,3518800,Guarulhos,35271608,2° ano do Ensino Fundamental,Estadual,Presente,Sim,821.514298
2024,4305108,Caxias do Sul,43021213,2° ano do Ensino Fundamental,Municipal,Presente,Sim,782.9011122
2024,3548708,São Bernardo do Campo,35320978,2° ano do Ensino Fundamental,Municipal,Presente,Não,695.5874205
2024,3548708,São Bernardo do Campo,35317564,2° ano do Ensino Fundamental,Municipal,Presente,Sim,821.514298
2024,3523206,Itararé,35077949,2° ano do Ensino Fundamental,Municipal,Presente,Sim,769.8477747
2024,3540754,Potim,35070835,2° ano do Ensino Fundamental,Municipal,Presente,Sim,754.7634987
2024,4302105,Bento Gonçalves,43006086,2° ano do Ensino Fundamental,Municipal,Presente,Sim,747.1310906
2024,3519071,Hortolândia,35219298,2° ano do Ensino Fundamental,Municipal,Presente,Não,710.7357391
2024,4312609,Muçum,43026333,2° ano do Ensino Fundamental,Municipal,Presente,Sim,779.7064894
2024,3543402,Ribeirão Preto,35158715,2° ano do Ensino Fundamental,Estadual,Presente,Não,705.6016813
2024,3552205,Sorocaba,35209836,2° ano do Ensino Fundamental,Municipal,Presente,Sim,778.2353432
2024,3520442,Ilha Solteira,35007703,2° ano do Ensino Fundamental,Municipal,Presente,Sim,743.0534855
2024,1302553,Manaquiri,13015445,2° ano do Ensino Fundamental,Municipal,Ausente,Não,
2024,1503606,Itaituba,15036075,2° ano do Ensino Fundamental,Municipal,Ausente,Não,
2024,1504802,Monte Alegre,15048994,2° ano do Ensino Fundamental,Municipal,Ausente,Não,
2024,1505536,Parauapebas,15059544,2° ano do Ensino Fundamental,Municipal,Ausente,Não,
2024,1705508,Colinas do Tocantins,17019726,2° ano do Ensino Fundamental,Municipal,Ausente,Não,
2024,1705508,Colinas do Tocantins,17019601,2° ano do Ensino Fundamental,Municipal,Ausente,Não,
2024,2404507,Guamaré,24029097,2° ano do Ensino Fundamental,Municipal,Ausente,Não,
2024,2507507,João Pessoa,25005425,2° ano do Ensino Fundamental,Municipal,Ausente,Não,
2024,2513703,Santa Rita,25034372,2° ano do Ensino Fundamental,Estadual,Ausente,Não,
2024,2704302,Maceió,27032046,2° ano do Ensino Fundamental,Estadual,Ausente,Não,
2024,2704302,Maceió,27032032,2° ano do Ensino Fundamental,Estadual,Ausente,Não,
2024,2704302,Maceió,27033600,2° ano do Ensino Fundamental,Municipal,Ausente,Não,
2024,3106200,Belo Horizonte,31184846,2° ano do Ensino Fundamental,Municipal,Ausente,Não,
2024,3106200,Belo Horizonte,31070136,2° ano do Ensino Fundamental,Municipal,Ausente,Não,
2024,3137601,Lagoa Santa,31184032,2° ano do Ensino Fundamental,Municipal,Ausente,Não,
2024,3169356,Três Marias,31185438,2° ano do Ensino Fundamental,Municipal,Ausente,Não,
2024,3205002,Serra,32003615,2° ano do Ensino Fundamental,Municipal,Ausente,Não,
2024,3300456,Belford Roxo,33008809,2° ano do Ensino Fundamental,Municipal,Ausente,Não,
2024,3513702,Descalvado,35170610,2° ano do Ensino Fundamental,Municipal,Ausente,Não,
2024,3525706,José Bonifácio,35097845,2° ano do Ensino Fundamental,Estadual,Ausente,Não,
2024,3550308,São Paulo,35415986,2° ano do Ensino Fundamental,Municipal,Ausente,Não,
2024,4104808,Cascavel,41138512,2° ano do Ensino Fundamental,Municipal,Ausente,Não,
2024,4113700,Londrina,41097936,2° ano do Ensino Fundamental,Municipal,Ausente,Não,
2024,4123709,Santa Isabel do Ivaí,41136462,2° ano do Ensino Fundamental,Municipal,Ausente,Não,
2024,4202404,Blumenau,42010794,2° ano do Ensino Fundamental,Municipal,Ausente,Não,
2024,4208203,Itajaí,42038916,2° ano do Ensino Fundamental,Municipal,Ausente,Não,
2024,4210803,Meleiro,42002725,2° ano do Ensino Fundamental,Municipal,Ausente,Não,
2024,4218004,Tijucas,42083057,2° ano do Ensino Fundamental,Municipal,Ausente,Não,
2024,4306106,Cruz Alta,43021922,2° ano do Ensino Fundamental,Municipal,Ausente,Não,
2024,4315602,Rio Grande,43069522,2° ano do Ensino Fundamental,Municipal,Ausente,Não,
2024,5102637,Campo Novo do Parecis,51049419,2° ano do Ensino Fundamental,Municipal,Ausente,Não,
2024,5208301,Divinópolis de Goiás,52055184,2° ano do Ensino Fundamental,Municipal,Ausente,Não,
2024,5208707,Goiânia,52072230,2° ano do Ensino Fundamental,Municipal,Ausente,Não,
2024,1200401,Rio Branco,12008613,2° ano do Ensino Fundamental,Estadual,Ausente,Não,
2024,1503606,Itaituba,15036027,2° ano do Ensino Fundamental,Municipal,Ausente,Não,
2024,1508357,Vitória do Xingu,15087080,2° ano do Ensino Fundamental,Municipal,Ausente,Não,
2024,1600303,Macapá,16004616,2° ano do Ensino Fundamental,Municipal,Ausente,Não,
2024,2101400,Balsas,21054280,2° ano do Ensino Fundamental,Municipal,Ausente,Não,
2024,2303501,Cascavel,23051979,2° ano do Ensino Fundamental,Municipal,Ausente,Não,
2024,2401453,Baraúna,24028569,2° ano do Ensino Fundamental,Municipal,Ausente,Não,
2024,2412203,São José de Mipibu,24028926,2° ano do Ensino Fundamental,Municipal,Ausente,Não,
2024,2704708,Marechal Deodoro,27032979,2° ano do Ensino Fundamental,Municipal,Ausente,Não,
2024,2911709,Guanambi,29085670,2° ano do Ensino Fundamental,Municipal,Ausente,Não,
2024,2913606,Ilhéus,29093265,2° ano do Ensino Fundamental,Municipal,Ausente,Não,
2024,3104700,Ataléia,31182159,2° ano do Ensino Fundamental,Municipal,Ausente,Não,
2024,3106200,Belo Horizonte,31075391,2° ano do Ensino Fundamental,Municipal,Ausente,Não,
2024,3106705,Betim,31179485,2° ano do Ensino Fundamental,Municipal,Ausente,Não,
2024,3117900,Congonhal,31183721,2° ano do Ensino Fundamental,Municipal,Ausente,Não,
2024,3129301,Iapu,31059361,2° ano do Ensino Fundamental,Municipal,Ausente,Não,
2024,3130101,Igarapé,31179912,2° ano do Ensino Fundamental,Municipal,Ausente,Não,
2024,3169307,Três Corações,31185326,2° ano do Ensino Fundamental,Municipal,Ausente,Não,
2024,3169505,Tumiritinga,31184975,2° ano do Ensino Fundamental,Municipal,Ausente,Não,
2024,3170701,Varginha,31183103,2° ano do Ensino Fundamental,Municipal,Ausente,Não,
2024,3302403,Macaé,33040836,2° ano do Ensino Fundamental,Municipal,Ausente,Não,
2024,3304201,Resende,33073574,2° ano do Ensino Fundamental,Municipal,Ausente,Não,
2024,3506003,Bauru,35023612,2° ano do Ensino Fundamental,Estadual,Ausente,Não,
2024,3523404,Itatiba,35101067,2° ano do Ensino Fundamental,Municipal,Ausente,Não,
2024,3536703,Pederneiras,35097156,2° ano do Ensino Fundamental,Municipal,Ausente,Não,
2024,3541000,Praia Grande,35147092,2° ano do Ensino Fundamental,Municipal,Ausente,Não,
2024,3549904,São José dos Campos,35190716,2° ano do Ensino Fundamental,Municipal,Ausente,Não,
2024,3550308,São Paulo,35336568,2° ano do Ensino Fundamental,Municipal,Ausente,Não,
2024,4100608,Alto Paraná,41136724,2° ano do Ensino Fundamental,Municipal,Ausente,Não,
2024,4104501,Capanema,41006735,2° ano do Ensino Fundamental,Municipal,Ausente,Não,
2024,4104808,Cascavel,41132814,2° ano do Ensino Fundamental,Municipal,Ausente,Não,
2024,4115606,Matelândia,41134675,2° ano do Ensino Fundamental,Municipal,Ausente,Não,
2024,4125506,São José dos Pinhais,41132268,2° ano do Ensino Fundamental,Municipal,Ausente,Não,
2024,4125506,São José dos Pinhais,41132128,2° ano do Ensino Fundamental,Municipal,Ausente,Não,
2024,4201950,Balneário Arroio do Silva,42002478,2° ano do Ensino Fundamental,Municipal,Ausente,Não,
2024,4202008,Balneário Camboriú,42004244,2° ano do Ensino Fundamental,Municipal,Ausente,Não,
2024,4204202,Chapecó,42021292,2° ano do Ensino Fundamental,Municipal,Ausente,Não,
2024,4207205,Imaruí,42056844,2° ano do Ensino Fundamental,Estadual,Ausente,Não,
2024,4304606,Canoas,43107409,2° ano do Ensino Fundamental,Municipal,Ausente,Não,
2024,5107776,Santa Terezinha,51047847,2° ano do Ensino Fundamental,Municipal,Ausente,Não,
2024,5201108,Anápolis,52012483,2° ano do Ensino Fundamental,Municipal,Ausente,Não,
2024,5204656,Campinaçu,52060088,2° ano do Ensino Fundamental,Municipal,Ausente,Não,
2024,5217401,Pires do Rio,52074687,2° ano do Ensino Fundamental,Municipal,Ausente,Não,
2024,1100304,Vilhena,11018146,2° ano do Ensino Fundamental,Municipal,Ausente,Não,
2024,1100908,Castanheiras,11022042,2° ano do Ensino Fundamental,Municipal,Ausente,Não,
2024,1200179,Capixaba,12001159,2° ano do Ensino Fundamental,Municipal,Ausente,Não,
2024,1302603,Manaus,13055929,2° ano do Ensino Fundamental,Estadual,Ausente,Não,
2024,1302603,Manaus,13047120,2° ano do Ensino Fundamental,Municipal,Ausente,Não,
2024,1500800,Ananindeua,15009825,2° ano do Ensino Fundamental,Municipal,Ausente,Não,
2024,1501725,Brasil Novo,15018369,2° ano do Ensino Fundamental,Municipal,Ausente,Não,
2024,1503705,Itupiranga,15037653,2° ano do Ensino Fundamental,Municipal,Ausente,Não,
2024,1600402,Mazagão,16008736,2° ano do Ensino Fundamental,Municipal,Ausente,Não,
2024,1703867,Cariri do Tocantins,17019694,2° ano do Ensino Fundamental,Municipal,Ausente,Não,
2024,2304400,Fortaleza,23041646,2° ano do Ensino Fundamental,Municipal,Ausente,Não,
2024,2404606,Ielmo Marinho,24022148,2° ano do Ensino Fundamental,Municipal,Ausente,Não,
2024,2411502,Santo Antônio,24021460,2° ano do Ensino Fundamental,Estadual,Ausente,Não,
2024,2507507,João Pessoa,25035033,2° ano do Ensino Fundamental,Municipal,Ausente,Não,
2024,2700300,Arapiraca,27033532,2° ano do Ensino Fundamental,Municipal,Ausente,Não,
2024,3106200,Belo Horizonte,31184321,2° ano do Ensino Fundamental,Municipal,Ausente,Não,
2024,3106200,Belo Horizonte,31184865,2° ano do Ensino Fundamental,Municipal,Ausente,Não,
2024,3106200,Belo Horizonte,31027217,2° ano do Ensino Fundamental,Municipal,Ausente,Não,
2024,3118007,Congonhas,31056292,2° ano do Ensino Fundamental,Municipal,Ausente,Não,
2024,3134707,Jacinto,31183253,2° ano do Ensino Fundamental,Municipal,Ausente,Não,
2024,3145877,Orizânia,31183985,2° ano do Ensino Fundamental,Municipal,Ausente,Não,
2024,3205002,Serra,32044646,2° ano do Ensino Fundamental,Estadual,Ausente,Não,
2024,3504008,Assis,35015505,2° ano do Ensino Fundamental,Municipal,Ausente,Não,
2024,3509502,Campinas,35047941,2° ano do Ensino Fundamental,Estadual,Ausente,Não,
2024,3515004,Embu das Artes,35330392,2° ano do Ensino Fundamental,Estadual,Ausente,Não,
2024,3522109,Itanhaém,35197048,2° ano do Ensino Fundamental,Municipal,Ausente,Não,
2024,3540754,Potim,35070926,2° ano do Ensino Fundamental,Municipal,Ausente,Não,
2024,3547304,Santana de Parnaíba,35308945,2° ano do Ensino Fundamental,Municipal,Ausente,Não,
2024,3551009,São Vicente,35200369,2° ano do Ensino Fundamental,Municipal,Ausente,Não,
2024,4105805,Colombo,41131388,2° ano do Ensino Fundamental,Municipal,Ausente,Não,
2024,4107652,Fazenda Rio Grande,41053060,2° ano do Ensino Fundamental,Municipal,Ausente,Não,
2024,4115705,Matinhos,41136540,2° ano do Ensino Fundamental,Municipal,Ausente,Não,
2024,4203600,Campos Novos,42018523,2° ano do Ensino Fundamental,Municipal,Ausente,Não,
2024,4204202,Chapecó,42021365,2° ano do Ensino Fundamental,Municipal,Ausente,Não,
2024,4208450,Itapoá,42041069,2° ano do Ensino Fundamental,Municipal,Ausente,Não,
2024,4211900,Palhoça,42066026,2° ano do Ensino Fundamental,Municipal,Ausente,Não,
2024,4317103,Sant'Ana do Livramento,43080575,2° ano do Ensino Fundamental,Estadual,Ausente,Não,
2024,5103353,Confresa,51006971,2° ano do Ensino Fundamental,Municipal,Ausente,Não,
2024,5107776,Santa Terezinha,51050961,2° ano do Ensino Fundamental,Municipal,Ausente,Não,
2024,5201405,Aparecida de Goiânia,52017874,2° ano do Ensino Fundamental,Municipal,Ausente,Não,
2024,5220454,Senador Canedo,52022254,2° ano do Ensino Fundamental,Municipal,Ausente,Não,
2024,5300108,Brasília,53002341,2° ano do Ensino Fundamental,Estadual,Ausente,Não,
2024,2408102,Natal,24003631,2° ano do Ensino Fundamental,Municipal,Ausente,Não,
2024,3156205,Rochedo de Minas,31181240,2° ano do Ensino Fundamental,Municipal,Ausente,Não,
2024,3168606,Teófilo Otoni,31174105,2° ano do Ensino Fundamental,Municipal,Ausente,Não,
2024,3170206,Uberlândia,31182915,2° ano do Ensino Fundamental,Municipal,Ausente,Não,
2024,3200904,Barra de São Francisco,32030963,2° ano do Ensino Fundamental,Municipal,Ausente,Não,
2024,3205200,Vila Velha,32016097,2° ano do Ensino Fundamental,Municipal,Ausente,Não,
2024,3525904,Jundiaí,35106636,2° ano do Ensino Fundamental,Municipal,Ausente,Não,
2024,3548708,São Bernardo do Campo,35319900,2° ano do Ensino Fundamental,Municipal,Ausente,Não,
2024,3550308,São Paulo,35412120,2° ano do Ensino Fundamental,Municipal,Ausente,Não,
2024,3550308,São Paulo,35350083,2° ano do Ensino Fundamental,Estadual,Ausente,Não,
2024,4104808,Cascavel,41132911,2° ano do Ensino Fundamental,Municipal,Ausente,Não,
2024,4106902,Curitiba,41133516,2° ano do Ensino Fundamental,Municipal,Ausente,Não,
2024,4114203,Mandaguari,41136112,2° ano do Ensino Fundamental,Municipal,Ausente,Não,
2024,4116208,Morretes,41130087,2° ano do Ensino Fundamental,Municipal,Ausente,Não,
2024,4117008,Nova Fátima,41133179,2° ano do Ensino Fundamental,Municipal,Ausente,Não,
2024,4122156,Rio Bonito do Iguaçu,41138362,2° ano do Ensino Fundamental,Municipal,Ausente,Não,
2024,4125506,São José dos Pinhais,41015835,2° ano do Ensino Fundamental,Municipal,Ausente,Não,
2024,4125506,São José dos Pinhais,41132119,2° ano do Ensino Fundamental,Municipal,Ausente,Não,
2024,4128104,Umuarama,41060832,2° ano do Ensino Fundamental,Municipal,Ausente,Não,
2024,4205407,Florianópolis,42093035,2° ano do Ensino Fundamental,Estadual,Ausente,Não,
2024,4207106,Ilhota,42033079,2° ano do Ensino Fundamental,Estadual,Ausente,Não,
2024,4313953,Pantano Grande,43071877,2° ano do Ensino Fundamental,Municipal,Ausente,Não,
2024,5002704,Campo Grande,50010046,2° ano do Ensino Fundamental,Municipal,Ausente,Não,
2024,5100250,Alta Floresta,51000219,2° ano do Ensino Fundamental,Municipal,Ausente,Não,
2024,5200308,Alexânia,52009786,2° ano do Ensino Fundamental,Municipal,Ausente,Não,
2024,5212501,Luziânia,52076554,2° ano do Ensino Fundamental,Municipal,Ausente,Não,
2024,5300108,Brasília,53012964,2° ano do Ensino Fundamental,Estadual,Ausente,Não,
2024,5300108,Brasília,53011065,2° ano do Ensino Fundamental,Estadual,Ausente,Não,
2024,5300108,Brasília,53025476,2° ano do Ensino Fundamental,Estadual,Ausente,Não,
2024,5300108,Brasília,53003173,2° ano do Ensino Fundamental,Estadual,Ausente,Não,
2024,1303403,Parintins,13019313,2° ano do Ensino Fundamental,Municipal,Ausente,Não,
2024,1500602,Altamira,15006271,2° ano do Ensino Fundamental,Municipal,Ausente,Não,
2024,1702000,Araguaçu,17018687,2° ano do Ensino Fundamental,Municipal,Ausente,Não,
2024,1721000,Palmas,17002516,2° ano do Ensino Fundamental,Municipal,Ausente,Não,
2024,2304400,Fortaleza,23039452,2° ano do Ensino Fundamental,Municipal,Ausente,Não,
2024,2304400,Fortaleza,23078160,2° ano do Ensino Fundamental,Municipal,Ausente,Não,
2024,2307304,Juazeiro do Norte,23076130,2° ano do Ensino Fundamental,Municipal,Ausente,Não,
2024,2611606,Recife,26080237,2° ano do Ensino Fundamental,Municipal,Ausente,Não,
2024,2906709,Cândido Sales,29045001,2° ano do Ensino Fundamental,Municipal,Ausente,Não,
2024,2914208,Irajuba,29100029,2° ano do Ensino Fundamental,Municipal,Ausente,Não,
2024,3123205,Dores do Indaiá,31184586,2° ano do Ensino Fundamental,Municipal,Ausente,Não,
2024,3154606,Ribeirão das Neves,31184092,2° ano do Ensino Fundamental,Municipal,Ausente,Não,
2024,3205200,Vila Velha,32045548,2° ano do Ensino Fundamental,Municipal,Ausente,Não,
2024,3304557,Rio de Janeiro,33115537,2° ano do Ensino Fundamental,Municipal,Ausente,Não,
2024,3509205,Cajamar,35240216,2° ano do Ensino Fundamental,Municipal,Ausente,Não,
2024,3511300,Cedral,35180600,2° ano do Ensino Fundamental,Municipal,Ausente,Não,
2024,3525904,Jundiaí,35106088,2° ano do Ensino Fundamental,Municipal,Ausente,Não,
2024,3538709,Piracicaba,35135755,2° ano do Ensino Fundamental,Municipal,Ausente,Não,
2024,3552502,Suzano,35328921,2° ano do Ensino Fundamental,Municipal,Ausente,Não,
2024,4123402,Santa Fé,41018423,2° ano do Ensino Fundamental,Municipal,Ausente,Não,
2024,4201406,Araranguá,42001222,2° ano do Ensino Fundamental,Estadual,Ausente,Não,
2024,4202404,Blumenau,42008204,2° ano do Ensino Fundamental,Estadual,Ausente,Não,
2024,4203303,Campo Alegre,42071542,2° ano do Ensino Fundamental,Municipal,Ausente,Não,
2024,4207684,Ipuaçu,42088976,2° ano do Ensino Fundamental,Estadual,Ausente,Não,
2024,4216602,São José,42077482,2° ano do Ensino Fundamental,Municipal,Ausente,Não,
2024,4218004,Tijucas,42082966,2° ano do Ensino Fundamental,Municipal,Ausente,Não,
2024,4219705,Xaxim,42090365,2° ano do Ensino Fundamental,Municipal,Ausente,Não,
2024,5103403,Cuiabá,51049763,2° ano do Ensino Fundamental,Municipal,Ausente,Não,
2024,5208707,Goiânia,52072422,2° ano do Ensino Fundamental,Municipal,Ausente,Não,
2024,5212501,Luziânia,52076558,2° ano do Ensino Fundamental,Municipal,Ausente,Não,
2024,5300108,Brasília,53013485,2° ano do Ensino Fundamental,Estadual,Ausente,Não,
2024,1500107,Abaetetuba,15000925,2° ano do Ensino Fundamental,Municipal,Ausente,Não,
2024,1501709,Bragança,15017401,2° ano do Ensino Fundamental,Municipal,Ausente,Não,
2024,1701101,Aparecida do Rio Negro,17019664,2° ano do Ensino Fundamental,Municipal,Ausente,Não,
2024,1721000,Palmas,17018520,2° ano do Ensino Fundamental,Municipal,Ausente,Não,
2024,2100808,Anapurus,21059662,2° ano do Ensino Fundamental,Municipal,Ausente,Não,
2024,2101608,Barra do Corda,21068260,2° ano do Ensino Fundamental,Municipal,Ausente,Não,
2024,2211001,Teresina,22010176,2° ano do Ensino Fundamental,Municipal,Ausente,Não,
2024,2304400,Fortaleza,23039024,2° ano do Ensino Fundamental,Municipal,Ausente,Não,
2024,2507507,João Pessoa,25033965,2° ano do Ensino Fundamental,Municipal,Ausente,Não,
2024,2600807,Altinho,26000301,2° ano do Ensino Fundamental,Municipal,Ausente,Não,
2024,3134202,Ituiutaba,31185380,2° ano do Ensino Fundamental,Estadual,Ausente,Não,
2024,3167202,Sete Lagoas,31086648,2° ano do Ensino Fundamental,Estadual,Ausente,Não,
2024,3170503,Urucânia,31181912,2° ano do Ensino Fundamental,Municipal,Ausente,Não,
2024,3171303,Viçosa,31181928,2° ano do Ensino Fundamental,Municipal,Ausente,Não,
2024,3205002,Serra,32006152,2° ano do Ensino Fundamental,Municipal,Ausente,Não,
2024,3205200,Vila Velha,32014860,2° ano do Ensino Fundamental,Municipal,Ausente,Não,
2024,3305000,São João da Barra,33083654,2° ano do Ensino Fundamental,Municipal,Ausente,Não,
2024,3511409,Cerqueira César,35018386,2° ano do Ensino Fundamental,Municipal,Ausente,Não,
2024,3541000,Praia Grande,35143455,2° ano do Ensino Fundamental,Municipal,Ausente,Não,
2024,3544251,Rosana,35122553,2° ano do Ensino Fundamental,Municipal,Ausente,Não,
2024,3550308,São Paulo,35421343,2° ano do Ensino Fundamental,Municipal,Ausente,Não,
2024,3550308,São Paulo,35366811,2° ano do Ensino Fundamental,Municipal,Ausente,Não,
2024,3553708,Taquaritinga,35222847,2° ano do Ensino Fundamental,Municipal,Ausente,Não,
2024,3556503,Várzea Paulista,35104382,2° ano do Ensino Fundamental,Municipal,Ausente,Não,
2024,4100400,Almirante Tamandaré,41131008,2° ano do Ensino Fundamental,Municipal,Ausente,Não,
2024,4106902,Curitiba,41133366,2° ano do Ensino Fundamental,Municipal,Ausente,Não,
2024,4114351,Manfrinópolis,41104504,2° ano do Ensino Fundamental,Municipal,Ausente,Não,
2024,4118501,Pato Branco,41049957,2° ano do Ensino Fundamental,Municipal,Ausente,Não,
2024,4119905,Ponta Grossa,41106180,2° ano do Ensino Fundamental,Municipal,Ausente,Não,
2024,4124103,Santo Antônio da Platina,41135388,2° ano do Ensino Fundamental,Municipal,Ausente,Não,
2024,4202008,Balneário Camboriú,42003054,2° ano do Ensino Fundamental,Municipal,Ausente,Não,
2024,5002704,Campo Grande,50008702,2° ano do Ensino Fundamental,Municipal,Ausente,Não,
2024,5106778,Porto Alegre do Norte,51007671,2° ano do Ensino Fundamental,Municipal,Ausente,Não,
2024,1302603,Manaus,13039590,2° ano do Ensino Fundamental,Municipal,Ausente,Não,
2024,1504208,Marabá,15043079,2° ano do Ensino Fundamental,Municipal,Ausente,Não,
2024,1505106,Óbidos,15052251,2° ano do Ensino Fundamental,Municipal,Ausente,Não,
2024,2304400,Fortaleza,23065460,2° ano do Ensino Fundamental,Municipal,Ausente,Não,
2024,2609907,Ouricuri,26062342,2° ano do Ensino Fundamental,Municipal,Ausente,Não,
2024,2905206,Caetité,29030014,2° ano do Ensino Fundamental,Municipal,Ausente,Não,
2024,2927408,Salvador,29948747,2° ano do Ensino Fundamental,Municipal,Ausente,Não,
2024,3106200,Belo Horizonte,31039422,2° ano do Ensino Fundamental,Estadual,Ausente,Não,
2024,3122306,Divinópolis,31154160,2° ano do Ensino Fundamental,Municipal,Ausente,Não,
2024,3128709,Guaxupé,31185175,2° ano do Ensino Fundamental,Municipal,Ausente,Não,
2024,3154804,Rio Acima,31180272,2° ano do Ensino Fundamental,Municipal,Ausente,Não,
2024,3201506,Colatina,32046584,2° ano do Ensino Fundamental,Municipal,Ausente,Não,
2024,3203346,Marechal Floriano,32045856,2° ano do Ensino Fundamental,Municipal,Ausente,Não,
2024,3205002,Serra,32047264,2° ano do Ensino Fundamental,Municipal,Ausente,Não,
2024,3524006,Itupeva,35102486,2° ano do Ensino Fundamental,Municipal,Ausente,Não,
2024,3539806,Poá,35283722,2° ano do Ensino Fundamental,Municipal,Ausente,Não,
2024,3550308,São Paulo,35367122,2° ano do Ensino Fundamental,Municipal,Ausente,Não,
2024,3550308,São Paulo,35431859,2° ano do Ensino Fundamental,Estadual,Ausente,Não,
2024,4106902,Curitiba,41133788,2° ano do Ensino Fundamental,Municipal,Ausente,Não,
2024,4111209,Itapejara d'Oeste,41137018,2° ano do Ensino Fundamental,Municipal,Ausente,Não,
2024,4115200,Maringá,41042984,2° ano do Ensino Fundamental,Municipal,Ausente,Não,
2024,4115804,Medianeira,41064677,2° ano do Ensino Fundamental,Municipal,Ausente,Não,
2024,4115804,Medianeira,41031617,2° ano do Ensino Fundamental,Municipal,Ausente,Não,
2024,4125506,São José dos Pinhais,41125822,2° ano do Ensino Fundamental,Municipal,Ausente,Não,
2024,4202404,Blumenau,42009271,2° ano do Ensino Fundamental,Estadual,Ausente,Não,
2024,4202453,Bombinhas,42068155,2° ano do Ensino Fundamental,Municipal,Ausente,Não,
2024,4205456,Forquilhinha,42028869,2° ano do Ensino Fundamental,Municipal,Ausente,Não,
2024,4210100,Mafra,42059192,2° ano do Ensino Fundamental,Estadual,Ausente,Não,
2024,4318705,São Leopoldo,43087978,2° ano do Ensino Fundamental,Municipal,Ausente,Não,
2024,5218805,Rio Verde,52050694,2° ano do Ensino Fundamental,Municipal,Ausente,Não,
2024,1100205,Porto Velho,11010025,2° ano do Ensino Fundamental,Municipal,Ausente,Não,
2024,1200203,Cruzeiro do Sul,12002304,2° ano do Ensino Fundamental,Municipal,Ausente,Não,
2024,1200385,Plácido de Castro,12004179,2° ano do Ensino Fundamental,Municipal,Ausente,Não,
2024,1302603,Manaus,13029117,2° ano do Ensino Fundamental,Municipal,Ausente,Não,
2024,1501709,Bragança,15018171,2° ano do Ensino Fundamental,Municipal,Ausente,Não,
2024,1503309,Igarapé-Miri,15033747,2° ano do Ensino Fundamental,Municipal,Ausente,Não,
2024,1508209,Vigia,15085933,2° ano do Ensino Fundamental,Municipal,Ausente,Não,
2024,1702109,Araguaína,17018886,2° ano do Ensino Fundamental,Municipal,Ausente,Não,
2024,2105302,Imperatriz,21027992,2° ano do Ensino Fundamental,Municipal,Ausente,Não,
2024,2406007,José da Penha,24013869,2° ano do Ensino Fundamental,Municipal,Ausente,Não,
2024,2412203,São José de Mipibu,24019342,2° ano do Ensino Fundamental,Municipal,Ausente,Não,
2024,2512101,Pombal,25034127,2° ano do Ensino Fundamental,Municipal,Ausente,Não,
2024,2800308,Aracaju,28018228,2° ano do Ensino Fundamental,Estadual,Ausente,Não,
2024,2904605,Brumado,29026674,2° ano do Ensino Fundamental,Municipal,Ausente,Não,
2024,2910727,Eunápolis,29068809,2° ano do Ensino Fundamental,Municipal,Ausente,Não,
2024,3151800,Poços de Caldas,31185162,2° ano do Ensino Fundamental,Municipal,Ausente,Não,
2024,3162500,São João del Rei,31185168,2° ano do Ensino Fundamental,Estadual,Ausente,Não,
2024,3165537,Sarzedo,31140916,2° ano do Ensino Fundamental,Municipal,Ausente,Não,
2024,3205101,Viana,32045905,2° ano do Ensino Fundamental,Municipal,Ausente,Não,
2024,3205309,Vitória,32045106,2° ano do Ensino Fundamental,Municipal,Ausente,Não,
2024,3301702,Duque de Caxias,33023159,2° ano do Ensino Fundamental,Municipal,Ausente,Não,
2024,3304557,Rio de Janeiro,33109557,2° ano do Ensino Fundamental,Municipal,Ausente,Não,
2024,3512308,Conchas,35030869,2° ano do Ensino Fundamental,Municipal,Ausente,Não,
2024,3513801,Diadema,35256332,2° ano do Ensino Fundamental,Municipal,Ausente,Não,
2024,3533106,Nova Guataporanga,35001175,2° ano do Ensino Fundamental,Municipal,Ausente,Não,
2024,3550308,São Paulo,35411541,2° ano do Ensino Fundamental,Municipal,Ausente,Não,
2024,3550308,São Paulo,35370168,2° ano do Ensino Fundamental,Municipal,Ausente,Não,
2024,3551009,São Vicente,35202314,2° ano do Ensino Fundamental,Municipal,Ausente,Não,
2024,4109807,Ibiporã,41135727,2° ano do Ensino Fundamental,Municipal,Ausente,Não,
2024,4113700,Londrina,41135859,2° ano do Ensino Fundamental,Municipal,Ausente,Não,
2024,4115200,Maringá,41099342,2° ano do Ensino Fundamental,Municipal,Ausente,Não,
2024,4117503,Paiçandu,41136394,2° ano do Ensino Fundamental,Municipal,Ausente,Não,
2024,4124053,Santa Terezinha de Itaipu,41134628,2° ano do Ensino Fundamental,Municipal,Ausente,Não,
2024,4204608,Criciúma,42028559,2° ano do Ensino Fundamental,Municipal,Ausente,Não,
2024,4205407,Florianópolis,42093247,2° ano do Ensino Fundamental,Estadual,Ausente,Não,
2024,4208203,Itajaí,42037671,2° ano do Ensino Fundamental,Municipal,Ausente,Não,
2024,4300406,Alegrete,43000375,2° ano do Ensino Fundamental,Estadual,Ausente,Não,
2024,4314902,Porto Alegre,43060308,2° ano do Ensino Fundamental,Estadual,Presente,Não,
2024,5002704,Campo Grande,50006664,2° ano do Ensino Fundamental,Municipal,Ausente,Não,
2024,5103205,Colíder,51024794,2° ano do Ensino Fundamental,Municipal,Ausente,Não,
2024,5220454,Senador Canedo,52076465,2° ano do Ensino Fundamental,Municipal,Ausente,Não,
2024,5300108,Brasília,53010636,2° ano do Ensino Fundamental,Estadual,Ausente,Não,
2024,1200401,Rio Branco,12010218,2° ano do Ensino Fundamental,Estadual,Ausente,Não,
2024,1302603,Manaus,13031692,2° ano do Ensino Fundamental,Municipal,Ausente,Não,
2024,1501782,Breu Branco,15018898,2° ano do Ensino Fundamental,Municipal,Ausente,Não,
2024,1501808,Breves,15020039,2° ano do Ensino Fundamental,Municipal,Ausente,Não,
2024,1503101,Gurupá,15032854,2° ano do Ensino Fundamental,Municipal,Ausente,Não,
2024,2102309,Buriti Bravo,21051383,2° ano do Ensino Fundamental,Municipal,Ausente,Não,
2024,2207702,Parnaíba,22031632,2° ano do Ensino Fundamental,Municipal,Ausente,Não,
2024,2507507,João Pessoa,25033874,2° ano do Ensino Fundamental,Municipal,Ausente,Não,
2024,2704302,Maceió,27032671,2° ano do Ensino Fundamental,Municipal,Ausente,Não,
2024,2803500,Lagarto,28007498,2° ano do Ensino Fundamental,Municipal,Ausente,Não,
2024,3104007,Araxá,31185199,2° ano do Ensino Fundamental,Municipal,Ausente,Não,
2024,3169307,Três Corações,31183071,2° ano do Ensino Fundamental,Municipal,Ausente,Não,
2024,3170206,Uberlândia,31074275,2° ano do Ensino Fundamental,Estadual,Ausente,Não,
2024,3201308,Cariacica,32045599,2° ano do Ensino Fundamental,Municipal,Ausente,Não,
2024,3203353,Marilândia,32047517,2° ano do Ensino Fundamental,Municipal,Ausente,Não,
2024,3300456,Belford Roxo,33008953,2° ano do Ensino Fundamental,Municipal,Ausente,Não,
2024,3304557,Rio de Janeiro,33129704,2° ano do Ensino Fundamental,Municipal,Ausente,Não,
2024,3518701,Guarujá,35164919,2° ano do Ensino Fundamental,Municipal,Ausente,Não,
2024,3523404,Itatiba,35100754,2° ano do Ensino Fundamental,Municipal,Ausente,Não,
2024,3546801,Santa Isabel,35091659,2° ano do Ensino Fundamental,Municipal,Ausente,Não,
2024,3548708,São Bernardo do Campo,35318336,2° ano do Ensino Fundamental,Municipal,Ausente,Não,
2024,3556701,Vinhedo,35049566,2° ano do Ensino Fundamental,Municipal,Ausente,Não,
2024,4106902,Curitiba,41117801,2° ano do Ensino Fundamental,Municipal,Ausente,Não,
2024,4106902,Curitiba,41133557,2° ano do Ensino Fundamental,Municipal,Ausente,Não,
2024,4106902,Curitiba,41133371,2° ano do Ensino Fundamental,Municipal,Ausente,Não,
2024,4113403,Leópolis,41138557,2° ano do Ensino Fundamental,Municipal,Ausente,Não,
2024,4114807,Marialva,41136148,2° ano do Ensino Fundamental,Municipal,Ausente,Não,
2024,4117503,Paiçandu,41115433,2° ano do Ensino Fundamental,Municipal,Ausente,Não,
2024,4118402,Paranavaí,41004259,2° ano do Ensino Fundamental,Municipal,Ausente,Não,
2024,4202008,Balneário Camboriú,42004042,2° ano do Ensino Fundamental,Municipal,Ausente,Não,
2024,4208203,Itajaí,42038909,2° ano do Ensino Fundamental,Municipal,Ausente,Não,
2024,4208450,Itapoá,42041274,2° ano do Ensino Fundamental,Municipal,Ausente,Não,
2024,4209102,Joinville,42052052,2° ano do Ensino Fundamental,Municipal,Ausente,Não,
2024,4211306,Navegantes,42061993,2° ano do Ensino Fundamental,Municipal,Ausente,Não,
2024,4216057,São Cristovão do Sul,42097203,2° ano do Ensino Fundamental,Municipal,Ausente,Não,
2024,5108402,Várzea Grande,51045726,2° ano do Ensino Fundamental,Municipal,Ausente,Não,
2024,5217609,Planaltina,52075563,2° ano do Ensino Fundamental,Municipal,Ausente,Não,
2024,1501402,Belém,15089649,2° ano do Ensino Fundamental,Municipal,Ausente,Não,
2024,1501808,Breves,15099559,2° ano do Ensino Fundamental,Municipal,Ausente,Não,
2024,1503903,Juruti,15038974,2° ano do Ensino Fundamental,Municipal,Ausente,Não,
2024,1600600,Santana,16010174,2° ano do Ensino Fundamental,Municipal,Ausente,Não,
2024,1701101,Aparecida do Rio Negro,17000069,2° ano do Ensino Fundamental,Municipal,Ausente,Não,
2024,2100477,Alto Alegre do Pindaré,21069252,2° ano do Ensino Fundamental,Municipal,Ausente,Não,
2024,2105302,Imperatriz,21027163,2° ano do Ensino Fundamental,Municipal,Ausente,Não,
2024,2108603,Pinheiro,21069189,2° ano do Ensino Fundamental,Municipal,Ausente,Não,
2024,2205359,João Costa,22022759,2° ano do Ensino Fundamental,Municipal,Ausente,Não,
2024,2407500,Maxaranguape,24023828,2° ano do Ensino Fundamental,Municipal,Ausente,Não,
2024,2807105,Simão Dias,28014088,2° ano do Ensino Fundamental,Estadual,Ausente,Não,
2024,2928604,Santo Amaro,29227282,2° ano do Ensino Fundamental,Municipal,Ausente,Não,
2024,3106200,Belo Horizonte,31023360,2° ano do Ensino Fundamental,Municipal,Ausente,Não,
2024,3118601,Contagem,31046868,2° ano do Ensino Fundamental,Municipal,Ausente,Não,
2024,3154002,Raul Soares,31082746,2° ano do Ensino Fundamental,Municipal,Ausente,Não,
2024,3157807,Santa Luzia,31184169,2° ano do Ensino Fundamental,Municipal,Ausente,Não,
2024,3167202,Sete Lagoas,31132279,2° ano do Ensino Fundamental,Municipal,Ausente,Não,
2024,3200607,Aracruz,32045997,2° ano do Ensino Fundamental,Municipal,Ausente,Não,
2024,3301900,Itaboraí,33031694,2° ano do Ensino Fundamental,Municipal,Ausente,Não,
2024,3304904,São Gonçalo,33081045,2° ano do Ensino Fundamental,Municipal,Ausente,Não,
2024,3505708,Barueri,35236369,2° ano do Ensino Fundamental,Municipal,Ausente,Não,
2024,3509502,Campinas,35042216,2° ano do Ensino Fundamental,Estadual,Ausente,Não,
2024,3529401,Mauá,35288854,2° ano do Ensino Fundamental,Estadual,Ausente,Não,
2024,3534401,Osasco,35305110,2° ano do Ensino Fundamental,Municipal,Ausente,Não,
2024,3539806,Poá,35283181,2° ano do Ensino Fundamental,Municipal,Ausente,Não,
2024,3550308,São Paulo,35442032,2° ano do Ensino Fundamental,Estadual,Ausente,Não,
2024,3550308,São Paulo,35340548,2° ano do Ensino Fundamental,Municipal,Ausente,Não,
2024,4106902,Curitiba,41133487,2° ano do Ensino Fundamental,Municipal,Ausente,Não,
2024,4113700,Londrina,41135452,2° ano do Ensino Fundamental,Municipal,Ausente,Não,
2024,4118204,Paranaguá,41136645,2° ano do Ensino Fundamental,Municipal,Ausente,Não,
2024,4203154,Calmon,42016131,2° ano do Ensino Fundamental,Municipal,Ausente,Não,
2024,4213708,Pouso Redondo,42081242,2° ano do Ensino Fundamental,Estadual,Ausente,Não,
2024,4214607,Rio do Oeste,42070582,2° ano do Ensino Fundamental,Municipal,Ausente,Não,
2024,4318309,São Gabriel,43086302,2° ano do Ensino Fundamental,Municipal,Ausente,Não,
2024,4322327,Turuçu,43089614,2° ano do Ensino Fundamental,Municipal,Ausente,Não,
2024,5102637,Campo Novo do Parecis,51032960,2° ano do Ensino Fundamental,Municipal,Ausente,Não,
2024,5107107,São José dos Quatro Marcos,51006345,2° ano do Ensino Fundamental,Municipal,Ausente,Não,
2024,5204508,Caldas Novas,52074484,2° ano do Ensino Fundamental,Municipal,Ausente,Não,
2024,5300108,Brasília,53021299,2° ano do Ensino Fundamental,Estadual,Ausente,Não,
2024,1501402,Belém,15091392,2° ano do Ensino Fundamental,Municipal,Ausente,Não,
2024,1502855,Curuá,15029930,2° ano do Ensino Fundamental,Municipal,Ausente,Não,
2024,1600303,Macapá,16012511,2° ano do Ensino Fundamental,Municipal,Ausente,Não,
2024,1707009,Dianópolis,17018777,2° ano do Ensino Fundamental,Municipal,Ausente,Não,
2024,2105302,Imperatriz,21069181,2° ano do Ensino Fundamental,Municipal,Ausente,Não,
2024,2111201,São José de Ribamar,21066482,2° ano do Ensino Fundamental,Municipal,Ausente,Não,
2024,2404705,Ipanguaçu,24028548,2° ano do Ensino Fundamental,Municipal,Ausente,Não,
2024,2606408,Gravatá,26077787,2° ano do Ensino Fundamental,Municipal,Ausente,Não,
2024,2607901,Jaboatão dos Guararapes,26078675,2° ano do Ensino Fundamental,Municipal,Ausente,Não,
2024,2611002,Petrolândia,26079637,2° ano do Ensino Fundamental,Municipal,Ausente,Não,
2024,2927408,Salvador,29214514,2° ano do Ensino Fundamental,Municipal,Ausente,Não,
2024,3136702,Juiz de Fora,31185019,2° ano do Ensino Fundamental,Municipal,Ausente,Não,
2024,3138203,Lavras,31147313,2° ano do Ensino Fundamental,Municipal,Ausente,Não,
2024,3170206,Uberlândia,31201031,2° ano do Ensino Fundamental,Estadual,Ausente,Não,
2024,3201308,Cariacica,32047369,2° ano do Ensino Fundamental,Municipal,Ausente,Não,
2024,3201407,Castelo,32038109,2° ano do Ensino Fundamental,Municipal,Ausente,Não,
2024,3304300,Rio Bonito,33074012,2° ano do Ensino Fundamental,Municipal,Ausente,Não,
2024,3304557,Rio de Janeiro,33141185,2° ano do Ensino Fundamental,Municipal,Ausente,Não,
2024,3529005,Marília,35119861,2° ano do Ensino Fundamental,Municipal,Ausente,Não,
2024,3549904,São José dos Campos,35192100,2° ano do Ensino Fundamental,Municipal,Ausente,Não,
2024,3550308,São Paulo,35368988,2° ano do Ensino Fundamental,Municipal,Ausente,Não,
2024,3550308,São Paulo,35339735,2° ano do Ensino Fundamental,Municipal,Ausente,Não,
2024,3552809,Taboão da Serra,35335714,2° ano do Ensino Fundamental,Municipal,Ausente,Não,
2024,4110805,Iretama,41138841,2° ano do Ensino Fundamental,Municipal,Ausente,Não,
2024,4204202,Chapecó,42022082,2° ano do Ensino Fundamental,Estadual,Ausente,Não,
2024,4215703,Santo Amaro da Imperatriz,42072707,2° ano do Ensino Fundamental,Municipal,Ausente,Não,
2024,4218202,Timbó,42083665,2° ano do Ensino Fundamental,Estadual,Ausente,Não,
2024,4304606,Canoas,43013490,2° ano do Ensino Fundamental,Estadual,Ausente,Não,
2024,4305108,Caxias do Sul,43016806,2° ano do Ensino Fundamental,Municipal,Ausente,Não,
2024,5007406,Rio Verde de Mato Grosso,50018249,2° ano do Ensino Fundamental,Municipal,Ausente,Não,
2024,5106752,Pontes e Lacerda,51016541,2° ano do Ensino Fundamental,Municipal,Ausente,Não,
2024,5200308,Alexânia,52072456,2° ano do Ensino Fundamental,Municipal,Ausente,Não,
2024,5208707,Goiânia,52000209,2° ano do Ensino Fundamental,Municipal,Ausente,Não,
2024,5208707,Goiânia,52076261,2° ano do Ensino Fundamental,Municipal,Ausente,Não,
2024,5218805,Rio Verde,52050620,2° ano do Ensino Fundamental,Municipal,Presente,Não,
2024,1200609,Tarauacá,12005981,2° ano do Ensino Fundamental,Municipal,Ausente,Não,
2024,1302603,Manaus,13031678,2° ano do Ensino Fundamental,Municipal,Ausente,Não,
2024,1303536,Presidente Figueiredo,13020434,2° ano do Ensino Fundamental,Municipal,Ausente,Não,
2024,1703073,Barra do Ouro,17018920,2° ano do Ensino Fundamental,Municipal,Ausente,Não,
2024,2105500,João Lisboa,21029195,2° ano do Ensino Fundamental,Municipal,Ausente,Não,
2024,2308377,Miraíma,23083688,2° ano do Ensino Fundamental,Municipal,Ausente,Não,
2024,2503001,Caaporã,25035055,2° ano do Ensino Fundamental,Municipal,Ausente,Não,
2024,2606200,Goiana,26018906,2° ano do Ensino Fundamental,Municipal,Ausente,Não,
2024,2607208,Ipojuca,26078641,2° ano do Ensino Fundamental,Municipal,Ausente,Não,
2024,2801900,Cumbe,28009491,2° ano do Ensino Fundamental,Municipal,Ausente,Não,
2024,3124104,Esmeraldas,31136772,2° ano do Ensino Fundamental,Estadual,Ausente,Não,
2024,3148004,Patos de Minas,31181735,2° ano do Ensino Fundamental,Municipal,Ausente,Não,
2024,3205200,Vila Velha,32045479,2° ano do Ensino Fundamental,Municipal,Ausente,Não,
2024,3303856,Paty do Alferes,33066809,2° ano do Ensino Fundamental,Municipal,Ausente,Não,
2024,3520509,Indaiatuba,35052748,2° ano do Ensino Fundamental,Municipal,Ausente,Não,
2024,3541406,Presidente Prudente,35149024,2° ano do Ensino Fundamental,Municipal,Ausente,Não,
2024,4103453,Cafelândia,41138498,2° ano do Ensino Fundamental,Municipal,Ausente,Não,
2024,4104907,Castro,41023288,2° ano do Ensino Fundamental,Municipal,Ausente,Não,
2024,4105805,Colombo,41131526,2° ano do Ensino Fundamental,Municipal,Ausente,Não,
2024,4106902,Curitiba,41026068,2° ano do Ensino Fundamental,Municipal,Ausente,Não,
2024,4209102,Joinville,42049333,2° ano do Ensino Fundamental,Municipal,Ausente,Não,
2024,4314902,Porto Alegre,43061453,2° ano do Ensino Fundamental,Estadual,Ausente,Não,
2024,4319901,Sapiranga,43091521,2° ano do Ensino Fundamental,Municipal,Ausente,Não,
2024,5003702,Dourados,50019952,2° ano do Ensino Fundamental,Municipal,Ausente,Não,
2024,5200258,Águas Lindas de Goiás,52076071,2° ano do Ensino Fundamental,Municipal,Ausente,Não,
2024,5206800,Damolândia,52074018,2° ano do Ensino Fundamental,Municipal,Ausente,Não,
2024,5300108,Brasília,53019285,2° ano do Ensino Fundamental,Estadual,Ausente,Não,
2024,1502954,Eldorado do Carajás,15031126,2° ano do Ensino Fundamental,Municipal,Ausente,Não,
2024,1721000,Palmas,17018637,2° ano do Ensino Fundamental,Municipal,Ausente,Não,
2024,2408102,Natal,24028279,2° ano do Ensino Fundamental,Municipal,Ausente,Não,
2024,2507507,João Pessoa,25033769,2° ano do Ensino Fundamental,Estadual,Ausente,Não,
2024,2600054,Abreu e Lima,26080145,2° ano do Ensino Fundamental,Municipal,Ausente,Não,
2024,3127701,Governador Valadares,31007814,2° ano do Ensino Fundamental,Municipal,Ausente,Não,
2024,3148103,Patrocínio,31183532,2° ano do Ensino Fundamental,Municipal,Ausente,Não,
2024,3156700,Sabará,31180300,2° ano do Ensino Fundamental,Municipal,Ausente,Não,
2024,3156908,Sacramento,31182441,2° ano do Ensino Fundamental,Municipal,Ausente,Não,
2024,3170206,Uberlândia,31084399,2° ano do Ensino Fundamental,Municipal,Ausente,Não,
2024,3205002,Serra,32044995,2° ano do Ensino Fundamental,Municipal,Ausente,Não,
2024,3304557,Rio de Janeiro,33105368,2° ano do Ensino Fundamental,Municipal,Ausente,Não,
2024,3304904,São Gonçalo,33082231,2° ano do Ensino Fundamental,Municipal,Ausente,Não,
2024,3505708,Barueri,35236020,2° ano do Ensino Fundamental,Municipal,Ausente,Não,
2024,3505708,Barueri,35234794,2° ano do Ensino Fundamental,Municipal,Ausente,Não,
2024,3506102,Bebedouro,35085241,2° ano do Ensino Fundamental,Municipal,Ausente,Não,
2024,3513009,Cotia,35252708,2° ano do Ensino Fundamental,Municipal,Ausente,Não,
2024,3515004,Embu das Artes,35332532,2° ano do Ensino Fundamental,Municipal,Ausente,Não,
2024,3518800,Guarulhos,35266593,2° ano do Ensino Fundamental,Municipal,Ausente,Não,
2024,3552502,Suzano,35326497,2° ano do Ensino Fundamental,Municipal,Ausente,Não,
2024,4101507,Arapongas,41130894,2° ano do Ensino Fundamental,Municipal,Ausente,Não,
2024,4110953,Itaipulândia,41134579,2° ano do Ensino Fundamental,Municipal,Ausente,Não,
2024,4213807,Praia Grande,42001572,2° ano do Ensino Fundamental,Municipal,Ausente,Não,
2024,4309209,Gravataí,43034681,2° ano do Ensino Fundamental,Municipal,Ausente,Não,
2024,5200100,Abadiânia,52072443,2° ano do Ensino Fundamental,Municipal,Ausente,Não,
2024,5208806,Goianira,52036708,2° ano do Ensino Fundamental,Municipal,Ausente,Não,
2024,5300108,Brasília,53005244,2° ano do Ensino Fundamental,Estadual,Ausente,Não,
2024,1100403,Alto Paraíso,11021195,2° ano do Ensino Fundamental,Municipal,Ausente,Não,
2024,2108108,Paulo Ramos,21068882,2° ano do Ensino Fundamental,Municipal,Ausente,Não,
2024,2304400,Fortaleza,23038687,2° ano do Ensino Fundamental,Municipal,Ausente,Não,
2024,2304400,Fortaleza,23062517,2° ano do Ensino Fundamental,Municipal,Ausente,Não,
2024,2406304,Lagoa de Pedras,24020731,2° ano do Ensino Fundamental,Municipal,Ausente,Não,
2024,2412559,São Miguel do Gostoso,24029360,2° ano do Ensino Fundamental,Municipal,Ausente,Não,
2024,2606002,Garanhuns,26010050,2° ano do Ensino Fundamental,Municipal,Ausente,Não,
2024,2706406,Pão de Açúcar,27033122,2° ano do Ensino Fundamental,Municipal,Ausente,Não,
2024,2932200,Ubaitaba,29255581,2° ano do Ensino Fundamental,Municipal,Ausente,Não,
2024,3106200,Belo Horizonte,31076312,2° ano do Ensino Fundamental,Municipal,Ausente,Não,
2024,3106200,Belo Horizonte,31184904,2° ano do Ensino Fundamental,Municipal,Ausente,Não,
2024,3106200,Belo Horizonte,31185551,2° ano do Ensino Fundamental,Municipal,Ausente,Não,
2024,3303302,Niterói,33053724,2° ano do Ensino Fundamental,Municipal,Ausente,Não,
2024,3506003,Bauru,35023813,2° ano do Ensino Fundamental,Estadual,Ausente,Não,
2024,3509502,Campinas,35044943,2° ano do Ensino Fundamental,Estadual,Ausente,Não,
2024,3550308,São Paulo,35377377,2° ano do Ensino Fundamental,Estadual,Ausente,Não,
2024,3550308,São Paulo,35404957,2° ano do Ensino Fundamental,Municipal,Ausente,Não,
2024,4101606,Arapoti,41138180,2° ano do Ensino Fundamental,Municipal,Ausente,Não,
2024,4106308,Corbélia,41132628,2° ano do Ensino Fundamental,Municipal,Ausente,Não,
2024,4106902,Curitiba,41133711,2° ano do Ensino Fundamental,Municipal,Ausente,Não,
2024,4113700,Londrina,41135705,2° ano do Ensino Fundamental,Municipal,Ausente,Não,
2024,4120853,Quatro Pontes,41138739,2° ano do Ensino Fundamental,Municipal,Ausente,Não,
2024,4122305,Rio Negro,41127563,2° ano do Ensino Fundamental,Municipal,Ausente,Não,
2024,4124020,Santa Tereza do Oeste,41046121,2° ano do Ensino Fundamental,Municipal,Ausente,Não,
2024,4127700,Toledo,41137647,2° ano do Ensino Fundamental,Municipal,Ausente,Não,
2024,4203204,Camboriú,42017833,2° ano do Ensino Fundamental,Municipal,Ausente,Não,
2024,4215455,Sangão,42086441,2° ano do Ensino Fundamental,Estadual,Ausente,Não,
2024,4315305,Quaraí,43072626,2° ano do Ensino Fundamental,Estadual,Ausente,Não,
2024,5103403,Cuiabá,51037690,2° ano do Ensino Fundamental,Municipal,Ausente,Não,
2024,5211909,Jataí,52041917,2° ano do Ensino Fundamental,Municipal,Ausente,Não,
2024,5300108,Brasília,53005960,2° ano do Ensino Fundamental,Estadual,Ausente,Não,
2024,1302603,Manaus,13048098,2° ano do Ensino Fundamental,Estadual,Ausente,Não,
2024,1302603,Manaus,13042349,2° ano do Ensino Fundamental,Estadual,Ausente,Não,
2024,1503309,Igarapé-Miri,15033816,2° ano do Ensino Fundamental,Municipal,Ausente,Não,
2024,1508084,Tucumã,15082931,2° ano do Ensino Fundamental,Municipal,Ausente,Não,
2024,1707108,Divinópolis do Tocantins,17019579,2° ano do Ensino Fundamental,Municipal,Ausente,Não,
2024,2105658,Junco do Maranhão,21023162,2° ano do Ensino Fundamental,Municipal,Ausente,Não,
2024,2105906,Lago Verde,21069056,2° ano do Ensino Fundamental,Municipal,Ausente,Não,
2024,2402204,Canguaretama,24016288,2° ano do Ensino Fundamental,Municipal,Ausente,Não,
2024,2507507,João Pessoa,25033920,2° ano do Ensino Fundamental,Municipal,Ausente,Não,
2024,2703304,Inhapi,27032544,2° ano do Ensino Fundamental,Municipal,Ausente,Não,
2024,2704005,Junqueiro,27011870,2° ano do Ensino Fundamental,Municipal,Ausente,Não,
2024,2704708,Marechal Deodoro,27033632,2° ano do Ensino Fundamental,Municipal,Ausente,Não,
2024,2903904,Bom Jesus da Lapa,29022075,2° ano do Ensino Fundamental,Municipal,Ausente,Não,
2024,2914307,Iramaia,29100255,2° ano do Ensino Fundamental,Municipal,Ausente,Não,
2024,2919702,Macarani,29145481,2° ano do Ensino Fundamental,Municipal,Ausente,Não,
2024,2933307,Vitória da Conquista,29933665,2° ano do Ensino Fundamental,Municipal,Ausente,Não,
2024,3106705,Betim,31179611,2° ano do Ensino Fundamental,Municipal,Ausente,Não,
2024,3202603,Iconha,32038215,2° ano do Ensino Fundamental,Municipal,Ausente,Não,
2024,3205002,Serra,32007204,2° ano do Ensino Fundamental,Municipal,Ausente,Não,
2024,3303500,Nova Iguaçu,33062482,2° ano do Ensino Fundamental,Municipal,Ausente,Não,
2024,3304557,Rio de Janeiro,33137673,2° ano do Ensino Fundamental,Municipal,Ausente,Não,
2024,3525904,Jundiaí,35108854,2° ano do Ensino Fundamental,Municipal,Ausente,Não,
2024,4107652,Fazenda Rio Grande,41131696,2° ano do Ensino Fundamental,Municipal,Ausente,Não,
2024,4108304,Foz do Iguaçu,41105674,2° ano do Ensino Fundamental,Municipal,Ausente,Não,
2024,4109609,Guaratuba,41136517,2° ano do Ensino Fundamental,Municipal,Ausente,Não,
2024,4109609,Guaratuba,41127365,2° ano do Ensino Fundamental,Municipal,Ausente,Não,
2024,4119509,Piraquara,41131315,2° ano do Ensino Fundamental,Municipal,Ausente,Não,
2024,4119905,Ponta Grossa,41038857,2° ano do Ensino Fundamental,Municipal,Ausente,Não,
2024,4126256,Sarandi,41005666,2° ano do Ensino Fundamental,Municipal,Ausente,Não,
2024,4128500,Wenceslau Braz,41138251,2° ano do Ensino Fundamental,Municipal,Ausente,Não,
2024,4201307,Araquari,42004977,2° ano do Ensino Fundamental,Municipal,Ausente,Não,
2024,4202107,Barra Velha,42005888,2° ano do Ensino Fundamental,Municipal,Ausente,Não,
2024,4203204,Camboriú,42017144,2° ano do Ensino Fundamental,Municipal,Ausente,Não,
2024,4211504,Nova Trento,42081993,2° ano do Ensino Fundamental,Municipal,Ausente,Não,
2024,4218301,Três Barras,42019554,2° ano do Ensino Fundamental,Municipal,Ausente,Não,
2024,4300604,Alvorada,43001170,2° ano do Ensino Fundamental,Municipal,Ausente,Não,
2024,4314902,Porto Alegre,43063122,2° ano do Ensino Fundamental,Estadual,Ausente,Não,
2024,4317202,Santa Rosa,43079529,2° ano do Ensino Fundamental,Estadual,Ausente,Não,
2024,5104104,Guarantã do Norte,51048262,2° ano do Ensino Fundamental,Municipal,Ausente,Não,
2024,5106299,Paranaíta,51050136,2° ano do Ensino Fundamental,Municipal,Ausente,Não,
2024,5201702,Aragarças,52074624,2° ano do Ensino Fundamental,Municipal,Ausente,Não,
2024,5217609,Planaltina,52061282,2° ano do Ensino Fundamental,Municipal,Ausente,Não,
2024,1300508,Barreirinha,13002541,2° ano do Ensino Fundamental,Estadual,Ausente,Não,
2024,1302603,Manaus,13037361,2° ano do Ensino Fundamental,Municipal,Ausente,Não,
2024,1302603,Manaus,13029835,2° ano do Ensino Fundamental,Municipal,Ausente,Não,
2024,1304203,Tefé,13026397,2° ano do Ensino Fundamental,Municipal,Ausente,Não,
2024,1505536,Parauapebas,15059547,2° ano do Ensino Fundamental,Municipal,Ausente,Não,
2024,1702208,Araguatins,17014143,2° ano do Ensino Fundamental,Municipal,Ausente,Não,
2024,1716109,Paraíso do Tocantins,17019056,2° ano do Ensino Fundamental,Municipal,Ausente,Não,
2024,2211001,Teresina,22031804,2° ano do Ensino Fundamental,Municipal,Ausente,Não,
2024,2507507,João Pessoa,25003063,2° ano do Ensino Fundamental,Municipal,Ausente,Não,
2024,2512101,Pombal,25034130,2° ano do Ensino Fundamental,Municipal,Ausente,Não,
2024,2701704,Capela,27006969,2° ano do Ensino Fundamental,Municipal,Ausente,Não,
2024,2904209,Botuporã,29024913,2° ano do Ensino Fundamental,Municipal,Ausente,Não,
2024,2929909,Seabra,29236817,2° ano do Ensino Fundamental,Municipal,Ausente,Não,
2024,3127701,Governador Valadares,31180916,2° ano do Ensino Fundamental,Municipal,Ausente,Não,
2024,3143302,Montes Claros,31181352,2° ano do Ensino Fundamental,Municipal,Ausente,Não,
2024,3151800,Poços de Caldas,31181855,2° ano do Ensino Fundamental,Municipal,Ausente,Não,
2024,3200607,Aracruz,32045960,2° ano do Ensino Fundamental,Municipal,Ausente,Não,
2024,3203205,Linhares,32047455,2° ano do Ensino Fundamental,Municipal,Ausente,Não,
2024,3304300,Rio Bonito,33074217,2° ano do Ensino Fundamental,Municipal,Ausente,Não,
2024,3304557,Rio de Janeiro,33127836,2° ano do Ensino Fundamental,Municipal,Ausente,Não,
2024,3304557,Rio de Janeiro,33141972,2° ano do Ensino Fundamental,Municipal,Ausente,Não,
2024,3304557,Rio de Janeiro,33132540,2° ano do Ensino Fundamental,Municipal,Ausente,Não,
2024,3304557,Rio de Janeiro,33146436,2° ano do Ensino Fundamental,Municipal,Ausente,Não,
2024,3305554,Seropédica,33088424,2° ano do Ensino Fundamental,Municipal,Ausente,Não,
2024,3525003,Jandira,35277595,2° ano do Ensino Fundamental,Municipal,Ausente,Não,
2024,3537909,Pilar do Sul,35230202,2° ano do Ensino Fundamental,Municipal,Ausente,Não,
2024,3550308,São Paulo,35338828,2° ano do Ensino Fundamental,Municipal,Ausente,Não,
2024,3550308,São Paulo,35396619,2° ano do Ensino Fundamental,Estadual,Ausente,Não,
2024,3553708,Taquaritinga,35222672,2° ano do Ensino Fundamental,Municipal,Ausente,Não,
2024,3554102,Taubaté,35226396,2° ano do Ensino Fundamental,Municipal,Ausente,Não,
2024,4101804,Araucária,41002866,2° ano do Ensino Fundamental,Municipal,Ausente,Não,
2024,4103602,Cambará,41129083,2° ano do Ensino Fundamental,Municipal,Ausente,Não,
2024,4104006,Campina Grande do Sul,41131085,2° ano do Ensino Fundamental,Municipal,Ausente,Não,
2024,4105805,Colombo,41131409,2° ano do Ensino Fundamental,Municipal,Ausente,Não,
2024,4106902,Curitiba,41133985,2° ano do Ensino Fundamental,Municipal,Ausente,Não,
2024,4108304,Foz do Iguaçu,41134540,2° ano do Ensino Fundamental,Municipal,Ausente,Não,
2024,4119905,Ponta Grossa,41137139,2° ano do Ensino Fundamental,Municipal,Ausente,Não,
2024,4127205,Terra Boa,41133139,2° ano do Ensino Fundamental,Municipal,Ausente,Não,
2024,4205456,Forquilhinha,42028876,2° ano do Ensino Fundamental,Municipal,Ausente,Não,
2024,4207007,Içara,42029747,2° ano do Ensino Fundamental,Estadual,Ausente,Não,
2024,4208203,Itajaí,42097249,2° ano do Ensino Fundamental,Estadual,Ausente,Não,
2024,4309209,Gravataí,43033615,2° ano do Ensino Fundamental,Municipal,Ausente,Não,
2024,4314902,Porto Alegre,43067705,2° ano do Ensino Fundamental,Municipal,Ausente,Não,
2024,4316907,Santa Maria,43076529,2° ano do Ensino Fundamental,Municipal,Ausente,Não,
2024,5107180,Ribeirão Cascalheira,51047479,2° ano do Ensino Fundamental,Municipal,Ausente,Não,
2024,5107925,Sorriso,51030215,2° ano do Ensino Fundamental,Municipal,Ausente,Não,
2024,5107958,Tangará da Serra,51049580,2° ano do Ensino Fundamental,Municipal,Ausente,Não,
2024,5201405,Aparecida de Goiânia,52016326,2° ano do Ensino Fundamental,Municipal,Ausente,Não,
2024,5208707,Goiânia,52077152,2° ano do Ensino Fundamental,Municipal,Ausente,Não,
2024,1303601,Santa Isabel do Rio Negro,13021035,2° ano do Ensino Fundamental,Estadual,Ausente,Não,
2024,1502152,Canaã dos Carajás,15023313,2° ano do Ensino Fundamental,Municipal,Ausente,Não,
2024,2101400,Balsas,21054935,2° ano do Ensino Fundamental,Municipal,Ausente,Não,
2024,2403251,Parnamirim,24028814,2° ano do Ensino Fundamental,Municipal,Ausente,Não,
2024,2408300,Nova Cruz,24028995,2° ano do Ensino Fundamental,Municipal,Ausente,Não,
2024,2414209,Tibau do Sul,24028958,2° ano do Ensino Fundamental,Municipal,Ausente,Não,
2024,2507507,João Pessoa,25002777,2° ano do Ensino Fundamental,Municipal,Ausente,Não,
2024,2602902,Cabo de Santo Agostinho,26078483,2° ano do Ensino Fundamental,Municipal,Ausente,Não,
2024,2928109,Santa Maria da Vitória,29224179,2° ano do Ensino Fundamental,Municipal,Ausente,Não,
2024,3106200,Belo Horizonte,31010062,2° ano do Ensino Fundamental,Estadual,Ausente,Não,
2024,3107406,Bom Despacho,31005496,2° ano do Ensino Fundamental,Estadual,Ausente,Não,
2024,3113404,Caratinga,31051736,2° ano do Ensino Fundamental,Municipal,Ausente,Não,
2024,3118601,Contagem,31055419,2° ano do Ensino Fundamental,Estadual,Ausente,Não,
2024,3125101,Extrema,31183792,2° ano do Ensino Fundamental,Municipal,Ausente,Não,
2024,3170107,Uberaba,31089822,2° ano do Ensino Fundamental,Municipal,Ausente,Não,
2024,3205002,Serra,32044712,2° ano do Ensino Fundamental,Municipal,Ausente,Não,
2024,3205101,Viana,32045899,2° ano do Ensino Fundamental,Municipal,Ausente,Não,
2024,3303203,Nilópolis,33051587,2° ano do Ensino Fundamental,Municipal,Ausente,Não,
2024,3304557,Rio de Janeiro,33126607,2° ano do Ensino Fundamental,Municipal,Ausente,Não,
2024,3503307,Araras,35139887,2° ano do Ensino Fundamental,Estadual,Ausente,Não,
2024,3506003,Bauru,35024524,2° ano do Ensino Fundamental,Municipal,Ausente,Não,
2024,3515103,Embu-Guaçu,35274448,2° ano do Ensino Fundamental,Municipal,Ausente,Não,
2024,3523206,Itararé,35078119,2° ano do Ensino Fundamental,Municipal,Ausente,Não,
2024,3541000,Praia Grande,35144440,2° ano do Ensino Fundamental,Municipal,Ausente,Não,
2024,3549904,São José dos Campos,35189419,2° ano do Ensino Fundamental,Municipal,Ausente,Não,
2024,3550308,São Paulo,35369340,2° ano do Ensino Fundamental,Municipal,Ausente,Não,
2024,3550308,São Paulo,35393979,2° ano do Ensino Fundamental,Estadual,Ausente,Não,
2024,4104428,Candói,41066789,2° ano do Ensino Fundamental,Municipal,Ausente,Não,
2024,4106902,Curitiba,41020815,2° ano do Ensino Fundamental,Municipal,Ausente,Não,
2024,4115705,Matinhos,41136551,2° ano do Ensino Fundamental,Municipal,Ausente,Não,
2024,4119905,Ponta Grossa,41137146,2° ano do Ensino Fundamental,Municipal,Ausente,Não,
2024,4218301,Três Barras,42019540,2° ano do Ensino Fundamental,Municipal,Ausente,Não,
2024,4310207,Ijuí,43040940,2° ano do Ensino Fundamental,Estadual,Ausente,Não,
2024,5103361,Conquista D'Oeste,51048378,2° ano do Ensino Fundamental,Municipal,Ausente,Não,
2024,5107958,Tangará da Serra,51050940,2° ano do Ensino Fundamental,Municipal,Ausente,Não,
2024,5208707,Goiânia,52009185,2° ano do Ensino Fundamental,Municipal,Ausente,Não,
2024,5214507,Nerópolis,52072732,2° ano do Ensino Fundamental,Municipal,Ausente,Não,
2024,5221858,Valparaíso de Goiás,52076834,2° ano do Ensino Fundamental,Municipal,Ausente,Não,
2024,1301100,Careiro,13006039,2° ano do Ensino Fundamental,Municipal,Ausente,Não,
2024,1501402,Belém,15094523,2° ano do Ensino Fundamental,Estadual,Ausente,Não,
2024,1502400,Castanhal,15027377,2° ano do Ensino Fundamental,Municipal,Ausente,Não,
2024,1506500,Santa Isabel do Pará,15067468,2° ano do Ensino Fundamental,Municipal,Ausente,Não,
2024,2103000,Caxias,21037772,2° ano do Ensino Fundamental,Municipal,Ausente,Não,
2024,2111706,São Vicente Ferrer,21058556,2° ano do Ensino Fundamental,Municipal,Ausente,Não,
2024,2310209,Paracuru,23078862,2° ano do Ensino Fundamental,Municipal,Ausente,Não,
2024,2404606,Ielmo Marinho,24022141,2° ano do Ensino Fundamental,Municipal,Ausente,Não,
2024,2507507,João Pessoa,25004631,2° ano do Ensino Fundamental,Municipal,Ausente,Não,
2024,2513703,Santa Rita,25016727,2° ano do Ensino Fundamental,Municipal,Ausente,Não,
2024,2912202,Ibicoara,29088363,2° ano do Ensino Fundamental,Municipal,Ausente,Não,
2024,2915908,Itanagra,29112295,2° ano do Ensino Fundamental,Municipal,Ausente,Não,
2024,3106200,Belo Horizonte,31085481,2° ano do Ensino Fundamental,Municipal,Ausente,Não,
2024,3122306,Divinópolis,31180669,2° ano do Ensino Fundamental,Municipal,Ausente,Não,
2024,3151503,Piumhi,31034915,2° ano do Ensino Fundamental,Municipal,Ausente,Não,
2024,3170206,Uberlândia,31025101,2° ano do Ensino Fundamental,Municipal,Ausente,Não,
2024,3303104,Natividade,33037236,2° ano do Ensino Fundamental,Municipal,Ausente,Não,
2024,3303203,Nilópolis,33051860,2° ano do Ensino Fundamental,Municipal,Ausente,Não,
2024,3303500,Nova Iguaçu,33058890,2° ano do Ensino Fundamental,Municipal,Ausente,Não,
2024,3518800,Guarulhos,35268643,2° ano do Ensino Fundamental,Municipal,Ausente,Não,
2024,3520509,Indaiatuba,35050856,2° ano do Ensino Fundamental,Municipal,Ausente,Não,
2024,3541406,Presidente Prudente,35150035,2° ano do Ensino Fundamental,Municipal,Ausente,Não,
2024,4103354,Braganey,41132568,2° ano do Ensino Fundamental,Municipal,Ausente,Não,
2024,4104808,Cascavel,41132757,2° ano do Ensino Fundamental,Municipal,Ausente,Não,
2024,4105805,Colombo,41131448,2° ano do Ensino Fundamental,Municipal,Ausente,Não,
2024,4106902,Curitiba,41051550,2° ano do Ensino Fundamental,Municipal,Ausente,Não,
2024,4113205,Lapa,41131983,2° ano do Ensino Fundamental,Municipal,Ausente,Não,
2024,4115705,Matinhos,41138692,2° ano do Ensino Fundamental,Municipal,Ausente,Não,
2024,4115705,Matinhos,41048210,2° ano do Ensino Fundamental,Municipal,Ausente,Não,
2024,4202008,Balneário Camboriú,42003991,2° ano do Ensino Fundamental,Municipal,Ausente,Não,
2024,4202107,Barra Velha,42005286,2° ano do Ensino Fundamental,Municipal,Ausente,Não,
2024,4202909,Brusque,42013539,2° ano do Ensino Fundamental,Municipal,Ausente,Não,
2024,4203204,Camboriú,42016705,2° ano do Ensino Fundamental,Municipal,Ausente,Não,
2024,4205407,Florianópolis,42095208,2° ano do Ensino Fundamental,Estadual,Ausente,Não,
2024,4208203,Itajaí,42039108,2° ano do Ensino Fundamental,Municipal,Ausente,Não,
2024,4216602,São José,42076804,2° ano do Ensino Fundamental,Estadual,Ausente,Não,
2024,4303103,Cachoeirinha,43009158,2° ano do Ensino Fundamental,Estadual,Ausente,Não,
2024,4314100,Passo Fundo,43055335,2° ano do Ensino Fundamental,Municipal,Ausente,Não,
2024,1301803,Ipixuna,13009796,2° ano do Ensino Fundamental,Municipal,Ausente,Não,
2024,1302603,Manaus,13052663,2° ano do Ensino Fundamental,Municipal,Ausente,Não,
2024,1600303,Macapá,16001744,2° ano do Ensino Fundamental,Municipal,Ausente,Não,
2024,1705508,Colinas do Tocantins,17019112,2° ano do Ensino Fundamental,Municipal,Ausente,Não,
2024,2103604,Coroatá,21041522,2° ano do Ensino Fundamental,Municipal,Ausente,Não,
2024,2109809,Santa Helena,21036495,2° ano do Ensino Fundamental,Municipal,Ausente,Não,
2024,2408102,Natal,24005519,2° ano do Ensino Fundamental,Municipal,Ausente,Não,
2024,2503803,Caldas Brandão,25034069,2° ano do Ensino Fundamental,Municipal,Ausente,Não,
2024,2504801,Coremas,25030647,2° ano do Ensino Fundamental,Municipal,Ausente,Não,
2024,2933307,Vitória da Conquista,29933479,2° ano do Ensino Fundamental,Municipal,Ausente,Não,
2024,3109303,Buritis,31185603,2° ano do Ensino Fundamental,Municipal,Ausente,Não,
2024,3111101,Campina Verde,31182606,2° ano do Ensino Fundamental,Municipal,Ausente,Não,
2024,3127701,Governador Valadares,31096557,2° ano do Ensino Fundamental,Estadual,Ausente,Não,
2024,3136702,Juiz de Fora,31181182,2° ano do Ensino Fundamental,Municipal,Ausente,Não,
2024,3138203,Lavras,31188708,2° ano do Ensino Fundamental,Municipal,Ausente,Não,
2024,3148103,Patrocínio,31029309,2° ano do Ensino Fundamental,Municipal,Ausente,Não,
2024,3201209,Cachoeiro de Itapemirim,32037204,2° ano do Ensino Fundamental,Municipal,Ausente,Não,
2024,3201308,Cariacica,32020257,2° ano do Ensino Fundamental,Municipal,Ausente,Não,
2024,3303500,Nova Iguaçu,33061293,2° ano do Ensino Fundamental,Municipal,Ausente,Não,
2024,3304003,Piraí,33098047,2° ano do Ensino Fundamental,Municipal,Ausente,Não,
2024,3304904,São Gonçalo,33083026,2° ano do Ensino Fundamental,Municipal,Ausente,Não,
2024,3501608,Americana,35003220,2° ano do Ensino Fundamental,Municipal,Ausente,Não,
2024,3507001,Boituva,35078668,2° ano do Ensino Fundamental,Municipal,Ausente,Não,
2024,3550308,São Paulo,35417717,2° ano do Ensino Fundamental,Municipal,Ausente,Não,
2024,3552502,Suzano,35326163,2° ano do Ensino Fundamental,Estadual,Ausente,Não,
2024,4100202,Adrianópolis,41131039,2° ano do Ensino Fundamental,Municipal,Ausente,Não,
2024,4101408,Apucarana,41130277,2° ano do Ensino Fundamental,Municipal,Ausente,Não,
2024,4101507,Arapongas,41130895,2° ano do Ensino Fundamental,Municipal,Ausente,Não,
2024,4106902,Curitiba,41133241,2° ano do Ensino Fundamental,Municipal,Ausente,Não,
2024,4107504,Engenheiro Beltrão,41132474,2° ano do Ensino Fundamental,Municipal,Ausente,Não,
2024,4109401,Guarapuava,41089883,2° ano do Ensino Fundamental,Municipal,Ausente,Não,
2024,4127858,Três Barras do Paraná,41132717,2° ano do Ensino Fundamental,Municipal,Ausente,Não,
2024,4218004,Tijucas,42083229,2° ano do Ensino Fundamental,Municipal,Ausente,Não,
2024,5102637,Campo Novo do Parecis,51050588,2° ano do Ensino Fundamental,Estadual,Ausente,Não,
2024,5208707,Goiânia,52076241,2° ano do Ensino Fundamental,Municipal,Ausente,Não,
2024,5215702,Palmeiras de Goiás,52045514,2° ano do Ensino Fundamental,Municipal,Ausente,Não,
2024,5300108,Brasília,53010622,2° ano do Ensino Fundamental,Estadual,Ausente,Não,
2024,1100049,Cacoal,11021240,2° ano do Ensino Fundamental,Estadual,Ausente,Não,
2024,1100338,Nova Mamoré,11021384,2° ano do Ensino Fundamental,Municipal,Ausente,Não,
2024,1302603,Manaus,13030084,2° ano do Ensino Fundamental,Municipal,Ausente,Não,
2024,1303536,Presidente Figueiredo,13020435,2° ano do Ensino Fundamental,Municipal,Ausente,Não,
2024,1501402,Belém,15096387,2° ano do Ensino Fundamental,Municipal,Ausente,Não,
2024,1504208,Marabá,15043010,2° ano do Ensino Fundamental,Municipal,Ausente,Não,
2024,2304400,Fortaleza,23076523,2° ano do Ensino Fundamental,Municipal,Ausente,Não,
2024,2408102,Natal,24003454,2° ano do Ensino Fundamental,Estadual,Ausente,Não,
2024,2412302,São José do Campestre,24021627,2° ano do Ensino Fundamental,Municipal,Ausente,Não,
2024,2613404,São José da Coroa Grande,26078111,2° ano do Ensino Fundamental,Municipal,Ausente,Não,
2024,2910602,Esplanada,29066785,2° ano do Ensino Fundamental,Municipal,Ausente,Não,
2024,3106200,Belo Horizonte,31059772,2° ano do Ensino Fundamental,Municipal,Ausente,Não,
2024,3106200,Belo Horizonte,31127145,2° ano do Ensino Fundamental,Municipal,Ausente,Não,
2024,3111606,Campos Gerais,31003345,2° ano do Ensino Fundamental,Municipal,Ausente,Não,
2024,3118601,Contagem,31052295,2° ano do Ensino Fundamental,Estadual,Ausente,Não,
2024,3127701,Governador Valadares,31180875,2° ano do Ensino Fundamental,Municipal,Ausente,Não,
2024,3136702,Juiz de Fora,31185015,2° ano do Ensino Fundamental,Municipal,Ausente,Não,
2024,3171204,Vespasiano,31039404,2° ano do Ensino Fundamental,Municipal,Ausente,Não,
2024,3303500,Nova Iguaçu,33059084,2° ano do Ensino Fundamental,Municipal,Ausente,Não,
2024,3304557,Rio de Janeiro,33147929,2° ano do Ensino Fundamental,Municipal,Ausente,Não,
2024,3305554,Seropédica,33089112,2° ano do Ensino Fundamental,Municipal,Ausente,Não,
2024,3505708,Barueri,35236919,2° ano do Ensino Fundamental,Municipal,Ausente,Não,
2024,3508504,Caçapava,35223293,2° ano do Ensino Fundamental,Municipal,Ausente,Não,
2024,3518800,Guarulhos,35272064,2° ano do Ensino Fundamental,Estadual,Ausente,Não,
2024,3519303,Ibaté,35170883,2° ano do Ensino Fundamental,Municipal,Ausente,Não,
2024,3522109,Itanhaém,35196672,2° ano do Ensino Fundamental,Municipal,Ausente,Não,
2024,3541406,Presidente Prudente,35149682,2° ano do Ensino Fundamental,Municipal,Ausente,Não,
2024,3550308,São Paulo,35380263,2° ano do Ensino Fundamental,Estadual,Ausente,Não,
2024,3550308,São Paulo,35431098,2° ano do Ensino Fundamental,Estadual,Ausente,Não,
2024,4119905,Ponta Grossa,41137294,2° ano do Ensino Fundamental,Municipal,Ausente,Não,
2024,4119905,Ponta Grossa,41137267,2° ano do Ensino Fundamental,Municipal,Ausente,Não,
2024,4203204,Camboriú,42017706,2° ano do Ensino Fundamental,Municipal,Ausente,Não,
2024,4204202,Chapecó,42023893,2° ano do Ensino Fundamental,Municipal,Ausente,Não,
2024,4209300,Lages,42054544,2° ano do Ensino Fundamental,Estadual,Ausente,Não,
2024,4216602,São José,42077565,2° ano do Ensino Fundamental,Municipal,Ausente,Não,
2024,4309308,Guaíba,43037718,2° ano do Ensino Fundamental,Municipal,Ausente,Não,
2024,4313375,Nova Santa Rita,43029510,2° ano do Ensino Fundamental,Municipal,Ausente,Não,
2024,4314902,Porto Alegre,43067314,2° ano do Ensino Fundamental,Municipal,Ausente,Não,
2024,5217609,Planaltina,52061439,2° ano do Ensino Fundamental,Municipal,Ausente,Não,
2024,1101476,Primavera de Rondônia,11022371,2° ano do Ensino Fundamental,Municipal,Ausente,Não,
2024,1302009,Itapiranga,13012456,2° ano do Ensino Fundamental,Estadual,Ausente,Não,
2024,1502400,Castanhal,15026615,2° ano do Ensino Fundamental,Municipal,Ausente,Não,
2024,1508100,Tucuruí,15084373,2° ano do Ensino Fundamental,Municipal,Ausente,Não,
2024,1702109,Araguaína,17019514,2° ano do Ensino Fundamental,Municipal,Ausente,Não,
2024,1715259,Novo Jardim,17018783,2° ano do Ensino Fundamental,Municipal,Ausente,Não,
2024,2104057,Estreito,21069258,2° ano do Ensino Fundamental,Municipal,Ausente,Não,
2024,2104800,Grajaú,21049754,2° ano do Ensino Fundamental,Municipal,Ausente,Não,
2024,2110708,São Domingos do Maranhão,21047935,2° ano do Ensino Fundamental,Municipal,Ausente,Não,
2024,2707602,Quebrangulo,27025588,2° ano do Ensino Fundamental,Municipal,Ausente,Não,
2024,2932309,Ubatã,29256001,2° ano do Ensino Fundamental,Municipal,Ausente,Não,
2024,3106200,Belo Horizonte,31184332,2° ano do Ensino Fundamental,Municipal,Ausente,Não,
2024,3106705,Betim,31179493,2° ano do Ensino Fundamental,Municipal,Ausente,Não,
2024,3118007,Congonhas,31088156,2° ano do Ensino Fundamental,Municipal,Ausente,Não,
2024,3127701,Governador Valadares,31180912,2° ano do Ensino Fundamental,Municipal,Ausente,Não,
2024,3140407,Marmelópolis,31143521,2° ano do Ensino Fundamental,Municipal,Ausente,Não,
2024,3147402,Paraopeba,31152144,2° ano do Ensino Fundamental,Estadual,Ausente,Não,
2024,3168606,Teófilo Otoni,31000172,2° ano do Ensino Fundamental,Estadual,Ausente,Não,
2024,3170107,Uberaba,31187237,2° ano do Ensino Fundamental,Municipal,Ausente,Não,
2024,3201308,Cariacica,32045724,2° ano do Ensino Fundamental,Municipal,Ausente,Não,
2024,3201308,Cariacica,32045690,2° ano do Ensino Fundamental,Municipal,Ausente,Não,
2024,3205002,Serra,32044968,2° ano do Ensino Fundamental,Municipal,Ausente,Não,
2024,3205200,Vila Velha,32045503,2° ano do Ensino Fundamental,Municipal,Ausente,Não,
2024,3304557,Rio de Janeiro,33113641,2° ano do Ensino Fundamental,Municipal,Ausente,Não,
2024,3305505,Saquarema,33088207,2° ano do Ensino Fundamental,Municipal,Ausente,Não,
2024,3306305,Volta Redonda,33095313,2° ano do Ensino Fundamental,Municipal,Ausente,Não,
2024,3519071,Hortolândia,35220613,2° ano do Ensino Fundamental,Municipal,Ausente,Não,
2024,3522505,Itapevi,35281873,2° ano do Ensino Fundamental,Municipal,Ausente,Não,
2024,3543402,Ribeirão Preto,35154722,2° ano do Ensino Fundamental,Municipal,Ausente,Não,
2024,3546801,Santa Isabel,35091666,2° ano do Ensino Fundamental,Municipal,Ausente,Não,
2024,3547809,Santo André,35310625,2° ano do Ensino Fundamental,Municipal,Ausente,Não,
2024,3550308,São Paulo,35440592,2° ano do Ensino Fundamental,Estadual,Ausente,Não,
2024,3550308,São Paulo,35336439,2° ano do Ensino Fundamental,Municipal,Ausente,Não,
2024,3552700,Tabatinga,35222231,2° ano do Ensino Fundamental,Municipal,Ausente,Não,
2024,4119103,Piên,41065209,2° ano do Ensino Fundamental,Municipal,Ausente,Não,
2024,4119905,Ponta Grossa,41118036,2° ano do Ensino Fundamental,Municipal,Ausente,Não,
2024,4122503,Roncador,41132555,2° ano do Ensino Fundamental,Municipal,Ausente,Não,
2024,4128203,União da Vitória,41138158,2° ano do Ensino Fundamental,Municipal,Ausente,Não,
2024,4203402,Campo Belo do Sul,42055131,2° ano do Ensino Fundamental,Municipal,Ausente,Não,
2024,4211306,Navegantes,42060924,2° ano do Ensino Fundamental,Municipal,Ausente,Não,
2024,4211900,Palhoça,42063902,2° ano do Ensino Fundamental,Estadual,Ausente,Não,
2024,4314902,Porto Alegre,43069082,2° ano do Ensino Fundamental,Municipal,Ausente,Não,
2024,5102678,Campo Verde,51048508,2° ano do Ensino Fundamental,Municipal,Ausente,Não,
2024,5103403,Cuiabá,51050674,2° ano do Ensino Fundamental,Municipal,Ausente,Não,
2024,5106422,Peixoto de Azevedo,51014708,2° ano do Ensino Fundamental,Municipal,Ausente,Não,
2024,5107941,Tabaporã,51031640,2° ano do Ensino Fundamental,Municipal,Ausente,Não,
2024,5201108,Anápolis,52072482,2° ano do Ensino Fundamental,Municipal,Ausente,Não,
2024,5300108,Brasília,53012322,2° ano do Ensino Fundamental,Estadual,Ausente,Não,
2024,5300108,Brasília,53010596,2° ano do Ensino Fundamental,Estadual,Ausente,Não,
2024,1100940,Cujubim,11001585,2° ano do Ensino Fundamental,Municipal,Ausente,Não,
2024,1302603,Manaus,13053664,2° ano do Ensino Fundamental,Municipal,Ausente,Não,
2024,1505205,Oeiras do Pará,15052890,2° ano do Ensino Fundamental,Municipal,Ausente,Não,
2024,1700301,Aguiarnópolis,17019642,2° ano do Ensino Fundamental,Municipal,Ausente,Não,
2024,2101707,Barreirinhas,21069154,2° ano do Ensino Fundamental,Municipal,Ausente,Não,
2024,2207801,Paulistana,22028244,2° ano do Ensino Fundamental,Municipal,Ausente,Não,
2024,2210706,Simões,22027447,2° ano do Ensino Fundamental,Municipal,Ausente,Não,
2024,2301851,Banabuiú,23057963,2° ano do Ensino Fundamental,Municipal,Ausente,Não,
2024,2507507,João Pessoa,25005662,2° ano do Ensino Fundamental,Municipal,Ausente,Não,
2024,3136702,Juiz de Fora,31181122,2° ano do Ensino Fundamental,Estadual,Ausente,Não,
2024,3140001,Mariana,31175282,2° ano do Ensino Fundamental,Municipal,Ausente,Não,
2024,3148004,Patos de Minas,31192059,2° ano do Ensino Fundamental,Estadual,Ausente,Não,
2024,3165537,Sarzedo,31180000,2° ano do Ensino Fundamental,Municipal,Ausente,Não,
2024,3170107,Uberaba,31182558,2° ano do Ensino Fundamental,Municipal,Ausente,Não,
2024,3170206,Uberlândia,31182876,2° ano do Ensino Fundamental,Municipal,Ausente,Não,
2024,3204104,Pinheiros,32033356,2° ano do Ensino Fundamental,Estadual,Ausente,Não,
2024,3304557,Rio de Janeiro,33143660,2° ano do Ensino Fundamental,Municipal,Ausente,Não,
2024,3545803,Santa Bárbara d'Oeste,35004716,2° ano do Ensino Fundamental,Municipal,Ausente,Não,
2024,3550308,São Paulo,35416282,2° ano do Ensino Fundamental,Municipal,Ausente,Não,
2024,4101804,Araucária,41138466,2° ano do Ensino Fundamental,Municipal,Ausente,Não,
2024,4104303,Campo Mourão,41045461,2° ano do Ensino Fundamental,Municipal,Ausente,Não,
2024,4104907,Castro,41029098,2° ano do Ensino Fundamental,Municipal,Ausente,Não,
2024,4120903,Quedas do Iguaçu,41004978,2° ano do Ensino Fundamental,Municipal,Ausente,Não,
2024,4120903,Quedas do Iguaçu,41138350,2° ano do Ensino Fundamental,Municipal,Ausente,Não,
2024,4125506,São José dos Pinhais,41130202,2° ano do Ensino Fundamental,Municipal,Ausente,Não,
2024,4208708,Jacinto Machado,42001382,2° ano do Ensino Fundamental,Municipal,Ausente,Não,
2024,4209102,Joinville,42049253,2° ano do Ensino Fundamental,Municipal,Ausente,Não,
2024,4214201,Quilombo,42070066,2° ano do Ensino Fundamental,Municipal,Ausente,Não,
2024,4311304,Lagoa Vermelha,43046649,2° ano do Ensino Fundamental,Municipal,Ausente,Não,
2024,4314902,Porto Alegre,43069313,2° ano do Ensino Fundamental,Municipal,Ausente,Não,
2024,5103353,Confresa,51047804,2° ano do Ensino Fundamental,Municipal,Ausente,Não,
2024,5208806,Goianira,52036722,2° ano do Ensino Fundamental,Municipal,Ausente,Não,
2024,1505304,Oriximiná,15053708,2° ano do Ensino Fundamental,Municipal,Ausente,Não,
2024,1600303,Macapá,16012538,2° ano do Ensino Fundamental,Municipal,Ausente,Não,
2024,1702109,Araguaína,17008747,2° ano do Ensino Fundamental,Municipal,Ausente,Não,
2024,1718808,Sampaio,17014782,2° ano do Ensino Fundamental,Municipal,Ausente,Não,
2024,2211001,Teresina,22031939,2° ano do Ensino Fundamental,Municipal,Ausente,Não,
2024,2412005,São Gonçalo do Amarante,24028475,2° ano do Ensino Fundamental,Municipal,Ausente,Não,
2024,2603454,Camaragibe,26035628,2° ano do Ensino Fundamental,Municipal,Ausente,Não,
2024,3110509,Camanducaia,31002858,2° ano do Ensino Fundamental,Municipal,Ausente,Não,
2024,3125804,Fernandes Tourinho,31128516,2° ano do Ensino Fundamental,Municipal,Ausente,Não,
2024,3146107,Ouro Preto,31181574,2° ano do Ensino Fundamental,Municipal,Ausente,Não,
2024,3156908,Sacramento,31000374,2° ano do Ensino Fundamental,Municipal,Ausente,Não,
2024,3201308,Cariacica,32045605,2° ano do Ensino Fundamental,Municipal,Ausente,Não,
2024,3205002,Serra,32004985,2° ano do Ensino Fundamental,Municipal,Ausente,Não,
2024,3205200,Vila Velha,32015981,2° ano do Ensino Fundamental,Municipal,Ausente,Não,
2024,3300456,Belford Roxo,33005219,2° ano do Ensino Fundamental,Municipal,Ausente,Não,
2024,3300456,Belford Roxo,33008597,2° ano do Ensino Fundamental,Municipal,Ausente,Não,
2024,3304557,Rio de Janeiro,33102369,2° ano do Ensino Fundamental,Municipal,Ausente,Não,
2024,3306305,Volta Redonda,33095062,2° ano do Ensino Fundamental,Municipal,Ausente,Não,
2024,3540705,Porto Ferreira,35142484,2° ano do Ensino Fundamental,Municipal,Ausente,Não,
2024,3550308,São Paulo,35431105,2° ano do Ensino Fundamental,Estadual,Ausente,Não,
2024,3556008,Urupês,35099579,2° ano do Ensino Fundamental,Municipal,Ausente,Não,
2024,4100509,Altônia,41116344,2° ano do Ensino Fundamental,Municipal,Ausente,Não,
2024,4100806,Alvorada do Sul,41135597,2° ano do Ensino Fundamental,Municipal,Ausente,Não,
2024,4103701,Cambé,41135684,2° ano do Ensino Fundamental,Municipal,Ausente,Não,
2024,4106902,Curitiba,41133947,2° ano do Ensino Fundamental,Municipal,Ausente,Não,
2024,4106902,Curitiba,41058488,2° ano do Ensino Fundamental,Municipal,Ausente,Não,
2024,4108403,Francisco Beltrão,41037889,2° ano do Ensino Fundamental,Municipal,Ausente,Não,
2024,4216057,São Cristovão do Sul,42031561,2° ano do Ensino Fundamental,Municipal,Ausente,Não,
2024,4310108,Igrejinha,43039013,2° ano do Ensino Fundamental,Estadual,Ausente,Não,
2024,4312104,Mata,43075186,2° ano do Ensino Fundamental,Municipal,Ausente,Não,
2024,5105150,Juína,51050277,2° ano do Ensino Fundamental,Municipal,Ausente,Não,
2024,5300108,Brasília,53002845,2° ano do Ensino Fundamental,Estadual,Ausente,Não,
2024,1100205,Porto Velho,11012858,2° ano do Ensino Fundamental,Municipal,Ausente,Não,
2024,1101302,Mirante da Serra,11021576,2° ano do Ensino Fundamental,Municipal,Ausente,Não,
2024,1200401,Rio Branco,12007535,2° ano do Ensino Fundamental,Municipal,Ausente,Não,
2024,1500107,Abaetetuba,15000034,2° ano do Ensino Fundamental,Municipal,Ausente,Não,
2024,1501907,Bujaru,15020523,2° ano do Ensino Fundamental,Municipal,Ausente,Não,
2024,1505064,Novo Repartimento,15051324,2° ano do Ensino Fundamental,Municipal,Ausente,Não,
2024,2304400,Fortaleza,23078231,2° ano do Ensino Fundamental,Municipal,Ausente,Não,
2024,2504009,Campina Grande,25022881,2° ano do Ensino Fundamental,Municipal,Ausente,Não,
2024,2507507,João Pessoa,25033911,2° ano do Ensino Fundamental,Municipal,Ausente,Não,
2024,2516201,Sousa,25034041,2° ano do Ensino Fundamental,Municipal,Ausente,Não,
2024,2602902,Cabo de Santo Agostinho,26035157,2° ano do Ensino Fundamental,Municipal,Ausente,Não,
2024,2607208,Ipojuca,26036928,2° ano do Ensino Fundamental,Municipal,Ausente,Não,
2024,2919207,Lauro de Freitas,29942007,2° ano do Ensino Fundamental,Municipal,Ausente,Não,
2024,3106200,Belo Horizonte,31071371,2° ano do Ensino Fundamental,Municipal,Ausente,Não,
2024,3131307,Ipatinga,31185356,2° ano do Ensino Fundamental,Municipal,Ausente,Não,
2024,3137700,Lajinha,31181256,2° ano do Ensino Fundamental,Municipal,Ausente,Não,
2024,3162609,São João do Oriente,31184924,2° ano do Ensino Fundamental,Municipal,Ausente,Não,
2024,3162955,São José da Lapa,31185509,2° ano do Ensino Fundamental,Municipal,Ausente,Não,
2024,3170206,Uberlândia,31182786,2° ano do Ensino Fundamental,Municipal,Ausente,Não,
2024,3204708,São Gabriel da Palha,32046480,2° ano do Ensino Fundamental,Municipal,Ausente,Não,
2024,3300100,Angra dos Reis,33000624,2° ano do Ensino Fundamental,Municipal,Ausente,Não,
2024,3300704,Cabo Frio,33014483,2° ano do Ensino Fundamental,Municipal,Ausente,Não,
2024,3302502,Magé,33044626,2° ano do Ensino Fundamental,Municipal,Ausente,Não,
2024,3507159,Bom Sucesso de Itararé,35078497,2° ano do Ensino Fundamental,Municipal,Ausente,Não,
2024,3518701,Guarujá,35165045,2° ano do Ensino Fundamental,Municipal,Ausente,Não,
2024,3518800,Guarulhos,35262837,2° ano do Ensino Fundamental,Municipal,Ausente,Não,
2024,3534401,Osasco,35303171,2° ano do Ensino Fundamental,Municipal,Ausente,Não,
2024,3534708,Ourinhos,35128886,2° ano do Ensino Fundamental,Municipal,Ausente,Não,
2024,3538709,Piracicaba,35138426,2° ano do Ensino Fundamental,Municipal,Ausente,Não,
2024,3549904,São José dos Campos,35186831,2° ano do Ensino Fundamental,Estadual,Ausente,Não,
2024,3550308,São Paulo,35386679,2° ano do Ensino Fundamental,Estadual,Ausente,Não,
2024,3550308,São Paulo,35402094,2° ano do Ensino Fundamental,Estadual,Ausente,Não,
2024,3552403,Sumaré,35218067,2° ano do Ensino Fundamental,Estadual,Ausente,Não,
2024,3556206,Valinhos,35048716,2° ano do Ensino Fundamental,Municipal,Ausente,Não,
2024,4101408,Apucarana,41130813,2° ano do Ensino Fundamental,Municipal,Ausente,Não,
2024,4105805,Colombo,41131379,2° ano do Ensino Fundamental,Municipal,Ausente,Não,
2024,4107900,Floresta,41136297,2° ano do Ensino Fundamental,Municipal,Ausente,Não,
2024,4113304,Laranjeiras do Sul,41138298,2° ano do Ensino Fundamental,Municipal,Ausente,Não,
2024,4118402,Paranavaí,41058539,2° ano do Ensino Fundamental,Municipal,Ausente,Não,
2024,4120903,Quedas do Iguaçu,41138338,2° ano do Ensino Fundamental,Municipal,Ausente,Não,
2024,4202008,Balneário Camboriú,42003508,2° ano do Ensino Fundamental,Municipal,Ausente,Não,
2024,4204202,Chapecó,42021505,2° ano do Ensino Fundamental,Municipal,Ausente,Não,
2024,4219853,Zortéa,42018928,2° ano do Ensino Fundamental,Municipal,Ausente,Não,
2024,4318705,São Leopoldo,43087208,2° ano do Ensino Fundamental,Municipal,Ausente,Não,
2024,5004007,Glória de Dourados,50023573,2° ano do Ensino Fundamental,Municipal,Ausente,Não,
2024,5102678,Campo Verde,51050341,2° ano do Ensino Fundamental,Municipal,Ausente,Não,
2024,5201108,Anápolis,52076310,2° ano do Ensino Fundamental,Municipal,Ausente,Não,
2024,1303403,Parintins,13018677,2° ano do Ensino Fundamental,Estadual,Ausente,Não,
2024,1506138,Redenção,15064736,2° ano do Ensino Fundamental,Municipal,Ausente,Não,
2024,1600303,Macapá,16006523,2° ano do Ensino Fundamental,Estadual,Ausente,Não,
2024,1704105,Centenário,17019637,2° ano do Ensino Fundamental,Municipal,Ausente,Não,
2024,1716109,Paraíso do Tocantins,17011946,2° ano do Ensino Fundamental,Municipal,Ausente,Não,
2024,2100832,Apicum-Açu,21033733,2° ano do Ensino Fundamental,Municipal,Ausente,Não,
2024,2210003,São João do Piauí,22032280,2° ano do Ensino Fundamental,Municipal,Ausente,Não,
2024,2504405,Conceição,25030450,2° ano do Ensino Fundamental,Estadual,Ausente,Não,
2024,2607901,Jaboatão dos Guararapes,26038104,2° ano do Ensino Fundamental,Municipal,Ausente,Não,
2024,2707107,Piranhas,27033218,2° ano do Ensino Fundamental,Municipal,Ausente,Não,
2024,2913606,Ilhéus,29095017,2° ano do Ensino Fundamental,Municipal,Ausente,Não,
2024,3106200,Belo Horizonte,31008420,2° ano do Ensino Fundamental,Municipal,Ausente,Não,
2024,3106200,Belo Horizonte,31180428,2° ano do Ensino Fundamental,Municipal,Ausente,Não,
2024,3143302,Montes Claros,31185090,2° ano do Ensino Fundamental,Municipal,Ausente,Não,
2024,3144805,Nova Lima,31180255,2° ano do Ensino Fundamental,Municipal,Ausente,Não,
2024,3148103,Patrocínio,31185388,2° ano do Ensino Fundamental,Municipal,Ausente,Não,
2024,3158953,Santana do Paraíso,31183371,2° ano do Ensino Fundamental,Municipal,Ausente,Não,
2024,3162922,São Joaquim de Bicas,31179981,2° ano do Ensino Fundamental,Municipal,Ausente,Não,
2024,3170206,Uberlândia,31199799,2° ano do Ensino Fundamental,Municipal,Ausente,Não,
2024,3200607,Aracruz,32024091,2° ano do Ensino Fundamental,Municipal,Ausente,Não,
2024,3205002,Serra,32044952,2° ano do Ensino Fundamental,Municipal,Ausente,Não,
2024,3301702,Duque de Caxias,33025704,2° ano do Ensino Fundamental,Municipal,Ausente,Não,
2024,3518800,Guarulhos,35270221,2° ano do Ensino Fundamental,Municipal,Ausente,Não,
2024,3524402,Jacareí,35090583,2° ano do Ensino Fundamental,Municipal,Ausente,Não,
2024,3550308,São Paulo,35423970,2° ano do Ensino Fundamental,Municipal,Ausente,Não,
2024,3550308,São Paulo,35418591,2° ano do Ensino Fundamental,Municipal,Ausente,Não,
2024,3550308,São Paulo,35367100,2° ano do Ensino Fundamental,Municipal,Ausente,Não,
2024,3550308,São Paulo,35396785,2° ano do Ensino Fundamental,Estadual,Ausente,Não,
2024,3552403,Sumaré,35217598,2° ano do Ensino Fundamental,Municipal,Ausente,Não,
2024,3554102,Taubaté,35224435,2° ano do Ensino Fundamental,Municipal,Ausente,Não,
2024,4100400,Almirante Tamandaré,41130962,2° ano do Ensino Fundamental,Municipal,Ausente,Não,
2024,4100400,Almirante Tamandaré,41130985,2° ano do Ensino Fundamental,Municipal,Ausente,Não,
2024,4104808,Cascavel,41132925,2° ano do Ensino Fundamental,Municipal,Ausente,Não,
2024,4108304,Foz do Iguaçu,41134438,2° ano do Ensino Fundamental,Municipal,Ausente,Não,
2024,4109609,Guaratuba,41024751,2° ano do Ensino Fundamental,Municipal,Ausente,Não,
2024,4109807,Ibiporã,41029233,2° ano do Ensino Fundamental,Municipal,Ausente,Não,
2024,4119905,Ponta Grossa,41137306,2° ano do Ensino Fundamental,Municipal,Ausente,Não,
2024,4123808,Santa Izabel do Oeste,41134890,2° ano do Ensino Fundamental,Municipal,Ausente,Não,
2024,4207304,Imbituba,42057444,2° ano do Ensino Fundamental,Municipal,Ausente,Não,
2024,4209102,Joinville,42047428,2° ano do Ensino Fundamental,Municipal,Ausente,Não,
2024,4211306,Navegantes,42061900,2° ano do Ensino Fundamental,Municipal,Ausente,Não,
2024,4220000,Balneário Rincão,42026021,2° ano do Ensino Fundamental,Municipal,Ausente,Não,
2024,4318705,São Leopoldo,43088580,2° ano do Ensino Fundamental,Municipal,Ausente,Não,
2024,5103403,Cuiabá,51036774,2° ano do Ensino Fundamental,Municipal,Ausente,Não,
2024,5107925,Sorriso,51029818,2° ano do Ensino Fundamental,Municipal,Ausente,Não,
2024,1200203,Cruzeiro do Sul,12001832,2° ano do Ensino Fundamental,Municipal,Ausente,Não,
2024,1200401,Rio Branco,12010512,2° ano do Ensino Fundamental,Estadual,Ausente,Não,
2024,1302603,Manaus,13042038,2° ano do Ensino Fundamental,Municipal,Ausente,Não,
2024,1302603,Manaus,13050631,2° ano do Ensino Fundamental,Municipal,Ausente,Não,
2024,1504455,Medicilândia,15046528,2° ano do Ensino Fundamental,Municipal,Ausente,Não,
2024,1507607,São Miguel do Guamá,15078063,2° ano do Ensino Fundamental,Municipal,Ausente,Não,
2024,1507607,São Miguel do Guamá,15077585,2° ano do Ensino Fundamental,Municipal,Ausente,Não,
2024,2108603,Pinheiro,21069041,2° ano do Ensino Fundamental,Municipal,Ausente,Não,
2024,2611606,Recife,26051349,2° ano do Ensino Fundamental,Municipal,Ausente,Não,
2024,2704302,Maceió,27032807,2° ano do Ensino Fundamental,Municipal,Ausente,Não,
2024,2707701,Rio Largo,27033649,2° ano do Ensino Fundamental,Municipal,Ausente,Não,
2024,2924405,Pilão Arcado,29170993,2° ano do Ensino Fundamental,Municipal,Ausente,Não,
2024,3106705,Betim,31092501,2° ano do Ensino Fundamental,Municipal,Ausente,Não,
2024,3115300,Cataguases,31048001,2° ano do Ensino Fundamental,Estadual,Ausente,Não,
2024,3118601,Contagem,31066033,2° ano do Ensino Fundamental,Municipal,Ausente,Não,
2024,3133501,Itapecerica,31050548,2° ano do Ensino Fundamental,Estadual,Ausente,Não,
2024,3143302,Montes Claros,31000008,2° ano do Ensino Fundamental,Estadual,Ausente,Não,
2024,3303906,Petrópolis,33067076,2° ano do Ensino Fundamental,Municipal,Ausente,Não,
2024,3304557,Rio de Janeiro,33114988,2° ano do Ensino Fundamental,Municipal,Ausente,Não,
2024,3304557,Rio de Janeiro,33117892,2° ano do Ensino Fundamental,Municipal,Ausente,Não,
2024,3502804,Araçatuba,35010175,2° ano do Ensino Fundamental,Municipal,Ausente,Não,
2024,3548708,São Bernardo do Campo,35319837,2° ano do Ensino Fundamental,Municipal,Ausente,Não,
2024,3548708,São Bernardo do Campo,35322808,2° ano do Ensino Fundamental,Municipal,Ausente,Não,
2024,3550308,São Paulo,35377442,2° ano do Ensino Fundamental,Estadual,Ausente,Não,
2024,4106902,Curitiba,41133724,2° ano do Ensino Fundamental,Municipal,Ausente,Não,
2024,4106902,Curitiba,41138620,2° ano do Ensino Fundamental,Municipal,Ausente,Não,
2024,4201307,Araquari,42005147,2° ano do Ensino Fundamental,Municipal,Ausente,Não,
2024,4314902,Porto Alegre,43069190,2° ano do Ensino Fundamental,Municipal,Ausente,Não,
2024,5103403,Cuiabá,51049875,2° ano do Ensino Fundamental,Municipal,Ausente,Não,
2024,5200258,Águas Lindas de Goiás,52067851,2° ano do Ensino Fundamental,Municipal,Ausente,Não,
2024,5201405,Aparecida de Goiânia,52019937,2° ano do Ensino Fundamental,Municipal,Ausente,Não,
2024,5201405,Aparecida de Goiânia,52018222,2° ano do Ensino Fundamental,Municipal,Ausente,Não,
2024,5208707,Goiânia,52072271,2° ano do Ensino Fundamental,Municipal,Ausente,Não,
2024,5218003,Porangatu,52047490,2° ano do Ensino Fundamental,Municipal,Ausente,Não,
2024,5300108,Brasília,53016316,2° ano do Ensino Fundamental,Estadual,Ausente,Não,
2024,1501204,Baião,15013471,2° ano do Ensino Fundamental,Municipal,Ausente,Não,
2024,1501402,Belém,15097818,2° ano do Ensino Fundamental,Municipal,Ausente,Não,
2024,2109601,Rosário,21016627,2° ano do Ensino Fundamental,Municipal,Ausente,Não,
2024,2110278,Santo Amaro do Maranhão,21066964,2° ano do Ensino Fundamental,Municipal,Ausente,Não,
2024,2111300,São Luís,21066538,2° ano do Ensino Fundamental,Municipal,Ausente,Não,
2024,2400208,Açu,24028540,2° ano do Ensino Fundamental,Municipal,Ausente,Não,
2024,2507507,João Pessoa,25033882,2° ano do Ensino Fundamental,Municipal,Ausente,Não,
2024,2606408,Gravatá,26015810,2° ano do Ensino Fundamental,Municipal,Ausente,Não,
2024,2611606,Recife,26045085,2° ano do Ensino Fundamental,Municipal,Presente,Não,
2024,2707701,Rio Largo,27033293,2° ano do Ensino Fundamental,Municipal,Ausente,Não,
2024,2708907,Satuba,27033453,2° ano do Ensino Fundamental,Municipal,Ausente,Não,
2024,3106200,Belo Horizonte,31144128,2° ano do Ensino Fundamental,Municipal,Ausente,Não,
2024,3118601,Contagem,31179641,2° ano do Ensino Fundamental,Municipal,Ausente,Não,
2024,3134400,Iturama,31019051,2° ano do Ensino Fundamental,Municipal,Ausente,Não,
2024,3170107,Uberaba,31185246,2° ano do Ensino Fundamental,Municipal,Ausente,Não,
2024,3505708,Barueri,35234989,2° ano do Ensino Fundamental,Municipal,Ausente,Não,
2024,3538709,Piracicaba,35137840,2° ano do Ensino Fundamental,Municipal,Ausente,Não,
2024,3539806,Poá,35283532,2° ano do Ensino Fundamental,Municipal,Ausente,Não,
2024,3545209,Salto,35084089,2° ano do Ensino Fundamental,Municipal,Ausente,Não,
2024,3551702,Sertãozinho,35206235,2° ano do Ensino Fundamental,Municipal,Ausente,Não,
2024,4104204,Campo Largo,41128162,2° ano do Ensino Fundamental,Municipal,Ausente,Não,
2024,4106902,Curitiba,41133446,2° ano do Ensino Fundamental,Municipal,Ausente,Não,
2024,4106902,Curitiba,41129592,2° ano do Ensino Fundamental,Municipal,Ausente,Não,
2024,4203204,Camboriú,42016567,2° ano do Ensino Fundamental,Municipal,Ausente,Não,
2024,4204202,Chapecó,42020887,2° ano do Ensino Fundamental,Municipal,Ausente,Não,
2024,4209300,Lages,42054789,2° ano do Ensino Fundamental,Municipal,Ausente,Não,
2024,4320206,Seberi,43032369,2° ano do Ensino Fundamental,Estadual,Ausente,Não,
2024,4321667,Três Cachoeiras,43095143,2° ano do Ensino Fundamental,Municipal,Ausente,Não,
2024,1302603,Manaus,13054935,2° ano do Ensino Fundamental,Municipal,Ausente,Não,
2024,1500800,Ananindeua,15009431,2° ano do Ensino Fundamental,Municipal,Ausente,Não,
2024,1503101,Gurupá,15032847,2° ano do Ensino Fundamental,Municipal,Ausente,Não,
2024,1503200,Igarapé-Açu,15033307,2° ano do Ensino Fundamental,Municipal,Ausente,Não,
2024,1506203,Salinópolis,15066218,2° ano do Ensino Fundamental,Municipal,Ausente,Não,
2024,1600303,Macapá,16007715,2° ano do Ensino Fundamental,Estadual,Ausente,Não,
2024,2408102,Natal,24005090,2° ano do Ensino Fundamental,Municipal,Ausente,Não,
2024,2501203,Areial,25034549,2° ano do Ensino Fundamental,Municipal,Ausente,Não,
2024,2610707,Paulista,26031565,2° ano do Ensino Fundamental,Municipal,Ausente,Não,
2024,2933307,Vitória da Conquista,29264352,2° ano do Ensino Fundamental,Municipal,Ausente,Não,
2024,3106705,Betim,31079904,2° ano do Ensino Fundamental,Municipal,Ausente,Não,
2024,3118601,Contagem,31191219,2° ano do Ensino Fundamental,Municipal,Ausente,Não,
2024,3132107,Itacarambi,31184991,2° ano do Ensino Fundamental,Municipal,Ausente,Não,
2024,3140803,Matias Barbosa,31185029,2° ano do Ensino Fundamental,Municipal,Ausente,Não,
2024,3170206,Uberlândia,31128145,2° ano do Ensino Fundamental,Municipal,Ausente,Não,
2024,3170206,Uberlândia,31172946,2° ano do Ensino Fundamental,Municipal,Ausente,Não,
2024,3204559,Santa Maria de Jetibá,32043028,2° ano do Ensino Fundamental,Estadual,Ausente,Não,
2024,3302205,Itaperuna,33036502,2° ano do Ensino Fundamental,Municipal,Ausente,Não,
2024,3302858,Mesquita,33049254,2° ano do Ensino Fundamental,Municipal,Ausente,Não,
2024,3530706,Mogi Guaçu,35125732,2° ano do Ensino Fundamental,Municipal,Ausente,Não,
2024,3534401,Osasco,35301861,2° ano do Ensino Fundamental,Municipal,Ausente,Não,
2024,3543402,Ribeirão Preto,35157559,2° ano do Ensino Fundamental,Municipal,Ausente,Não,
2024,4104808,Cascavel,41132986,2° ano do Ensino Fundamental,Municipal,Ausente,Não,
2024,4106902,Curitiba,41133614,2° ano do Ensino Fundamental,Municipal,Ausente,Não,
2024,4106902,Curitiba,41030766,2° ano do Ensino Fundamental,Municipal,Ausente,Não,
2024,4107652,Fazenda Rio Grande,41131831,2° ano do Ensino Fundamental,Municipal,Ausente,Não,
2024,4209300,Lages,42055612,2° ano do Ensino Fundamental,Estadual,Ausente,Não,
2024,4212502,Penha,42067554,2° ano do Ensino Fundamental,Municipal,Ausente,Não,
2024,5108402,Várzea Grande,51050721,2° ano do Ensino Fundamental,Municipal,Ausente,Não,
2024,5300108,Brasília,53005743,2° ano do Ensino Fundamental,Estadual,Ausente,Não,
2024,1200401,Rio Branco,12007053,2° ano do Ensino Fundamental,Municipal,Ausente,Não,
2024,1301209,Coari,13007187,2° ano do Ensino Fundamental,Municipal,Ausente,Não,
2024,1302603,Manaus,13037368,2° ano do Ensino Fundamental,Municipal,Ausente,Não,
2024,1702109,Araguaína,17018899,2° ano do Ensino Fundamental,Municipal,Ausente,Não,
2024,2705804,Olho d'Água do Casado,27033074,2° ano do Ensino Fundamental,Municipal,Ausente,Não,
2024,2927408,Salvador,29201720,2° ano do Ensino Fundamental,Municipal,Ausente,Não,
2024,2930709,Simões Filho,29245208,2° ano do Ensino Fundamental,Municipal,Ausente,Não,
2024,3105905,Barroso,31180460,2° ano do Ensino Fundamental,Municipal,Ausente,Não,
2024,3130051,Icaraí de Minas,31184985,2° ano do Ensino Fundamental,Municipal,Ausente,Não,
2024,3140852,Matias Cardoso,31184993,2° ano do Ensino Fundamental,Municipal,Ausente,Não,
2024,3169901,Ubá,31185340,2° ano do Ensino Fundamental,Municipal,Ausente,Não,
2024,3205309,Vitória,32045102,2° ano do Ensino Fundamental,Municipal,Ausente,Não,
2024,3300258,Arraial do Cabo,33012985,2° ano do Ensino Fundamental,Municipal,Ausente,Não,
2024,3304557,Rio de Janeiro,33116881,2° ano do Ensino Fundamental,Municipal,Ausente,Não,
2024,3545803,Santa Bárbara d'Oeste,35004844,2° ano do Ensino Fundamental,Municipal,Ausente,Não,
2024,4104808,Cascavel,41080686,2° ano do Ensino Fundamental,Municipal,Ausente,Não,
2024,4208302,Itapema,42069143,2° ano do Ensino Fundamental,Municipal,Ausente,Não,
2024,4314902,Porto Alegre,43062889,2° ano do Ensino Fundamental,Estadual,Ausente,Não,
2024,5002704,Campo Grande,50002360,2° ano do Ensino Fundamental,Municipal,Ausente,Não,
2024,5103403,Cuiabá,51049732,2° ano do Ensino Fundamental,Municipal,Ausente,Não,
2024,5206206,Cristalina,52073650,2° ano do Ensino Fundamental,Municipal,Ausente,Não,
2024,1500800,Ananindeua,15006819,2° ano do Ensino Fundamental,Municipal,Ausente,Não,
2024,1501402,Belém,15091260,2° ano do Ensino Fundamental,Municipal,Ausente,Não,
2024,1504505,Melgaço,15046983,2° ano do Ensino Fundamental,Municipal,Ausente,Não,
2024,1506708,Santana do Araguaia,15069171,2° ano do Ensino Fundamental,Municipal,Ausente,Não,
2024,1702109,Araguaína,17007699,2° ano do Ensino Fundamental,Municipal,Ausente,Não,
2024,2103307,Codó,21040429,2° ano do Ensino Fundamental,Municipal,Ausente,Não,
2024,2309607,Pacajus,23075679,2° ano do Ensino Fundamental,Municipal,Ausente,Não,
2024,2405702,Jardim do Seridó,24028521,2° ano do Ensino Fundamental,Municipal,Ausente,Não,
2024,2507507,João Pessoa,25035027,2° ano do Ensino Fundamental,Municipal,Ausente,Não,
2024,2606804,Igarassu,26080011,2° ano do Ensino Fundamental,Municipal,Ausente,Não,
2024,2921104,Medeiros Neto,29152452,2° ano do Ensino Fundamental,Municipal,Ausente,Não,
2024,2924009,Paulo Afonso,29168465,2° ano do Ensino Fundamental,Municipal,Ausente,Não,
2024,3170206,Uberlândia,31185269,2° ano do Ensino Fundamental,Municipal,Ausente,Não,
2024,3301009,Campos dos Goytacazes,33019576,2° ano do Ensino Fundamental,Municipal,Ausente,Não,
2024,3302502,Magé,33044957,2° ano do Ensino Fundamental,Municipal,Ausente,Não,
2024,3304904,São Gonçalo,33078569,2° ano do Ensino Fundamental,Municipal,Ausente,Não,
2024,3504107,Atibaia,35033915,2° ano do Ensino Fundamental,Municipal,Ausente,Não,
2024,3522109,Itanhaém,35196841,2° ano do Ensino Fundamental,Municipal,Ausente,Não,
2024,3541000,Praia Grande,35145016,2° ano do Ensino Fundamental,Municipal,Ausente,Não,
2024,3547809,Santo André,35310376,2° ano do Ensino Fundamental,Estadual,Ausente,Não,
2024,3550308,São Paulo,35377760,2° ano do Ensino Fundamental,Estadual,Ausente,Não,
2024,3550308,São Paulo,35382814,2° ano do Ensino Fundamental,Estadual,Ausente,Não,
2024,4104808,Cascavel,41012518,2° ano do Ensino Fundamental,Municipal,Ausente,Não,
2024,4105706,Clevelândia,41044205,2° ano do Ensino Fundamental,Municipal,Ausente,Não,
2024,4109401,Guarapuava,41135113,2° ano do Ensino Fundamental,Municipal,Ausente,Não,
2024,4202008,Balneário Camboriú,42003683,2° ano do Ensino Fundamental,Municipal,Ausente,Não,
2024,4202404,Blumenau,42007549,2° ano do Ensino Fundamental,Municipal,Ausente,Não,
2024,5107198,Ribeirãozinho,51047537,2° ano do Ensino Fundamental,Municipal,Ausente,Não,
2024,5214002,Mozarlândia,52028721,2° ano do Ensino Fundamental,Municipal,Ausente,Não,
2024,5300108,Brasília,53016473,2° ano do Ensino Fundamental,Estadual,Ausente,Não,
2024,1200401,Rio Branco,12007896,2° ano do Ensino Fundamental,Estadual,Ausente,Não,
2024,1302603,Manaus,13038594,2° ano do Ensino Fundamental,Estadual,Ausente,Não,
2024,1302603,Manaus,13027956,2° ano do Ensino Fundamental,Municipal,Ausente,Não,
2024,1501402,Belém,15097759,2° ano do Ensino Fundamental,Municipal,Ausente,Não,
2024,2106904,Monção,21018725,2° ano do Ensino Fundamental,Municipal,Ausente,Não,
2024,2111201,São José de Ribamar,21066514,2° ano do Ensino Fundamental,Municipal,Ausente,Não,
2024,2211001,Teresina,22008879,2° ano do Ensino Fundamental,Municipal,Ausente,Não,
2024,2610509,Passira,26080350,2° ano do Ensino Fundamental,Municipal,Ausente,Não,
2024,2803500,Lagarto,28007441,2° ano do Ensino Fundamental,Municipal,Ausente,Não,
2024,3106705,Betim,31179608,2° ano do Ensino Fundamental,Municipal,Ausente,Não,
2024,3118601,Contagem,31179778,2° ano do Ensino Fundamental,Municipal,Ausente,Não,
2024,3168606,Teófilo Otoni,31182231,2° ano do Ensino Fundamental,Municipal,Ausente,Não,
2024,3170438,União de Minas,31018502,2° ano do Ensino Fundamental,Municipal,Ausente,Não,
2024,3200300,Alfredo Chaves,32010156,2° ano do Ensino Fundamental,Municipal,Ausente,Não,
2024,3300456,Belford Roxo,33008196,2° ano do Ensino Fundamental,Municipal,Ausente,Não,
2024,3303906,Petrópolis,33068929,2° ano do Ensino Fundamental,Municipal,Ausente,Não,
2024,3305802,Teresópolis,33090230,2° ano do Ensino Fundamental,Municipal,Ausente,Não,
2024,3509502,Campinas,35043663,2° ano do Ensino Fundamental,Municipal,Ausente,Não,
2024,3513504,Cubatão,35162228,2° ano do Ensino Fundamental,Municipal,Ausente,Não,
2024,3518800,Guarulhos,35265139,2° ano do Ensino Fundamental,Municipal,Ausente,Não,
2024,3519071,Hortolândia,35218706,2° ano do Ensino Fundamental,Municipal,Ausente,Não,
2024,3529005,Marília,35118221,2° ano do Ensino Fundamental,Municipal,Ausente,Não,
2024,3550308,São Paulo,35381386,2° ano do Ensino Fundamental,Estadual,Ausente,Não,
2024,3550308,São Paulo,35364966,2° ano do Ensino Fundamental,Municipal,Ausente,Não,
2024,3550308,São Paulo,35414097,2° ano do Ensino Fundamental,Municipal,Ausente,Não,
2024,4101507,Arapongas,41127747,2° ano do Ensino Fundamental,Municipal,Ausente,Não,
2024,4104808,Cascavel,41132989,2° ano do Ensino Fundamental,Municipal,Ausente,Não,
2024,4205902,Gaspar,42032979,2° ano do Ensino Fundamental,Municipal,Ausente,Não,
2024,4211900,Palhoça,42063072,2° ano do Ensino Fundamental,Municipal,Ausente,Não,
2024,4212502,Penha,42067653,2° ano do Ensino Fundamental,Municipal,Ausente,Não,
2024,4218905,Urubici,42075332,2° ano do Ensino Fundamental,Municipal,Ausente,Não,
2024,4314100,Passo Fundo,43055048,2° ano do Ensino Fundamental,Municipal,Ausente,Não,
2024,5206503,Cromínia,52058128,2° ano do Ensino Fundamental,Municipal,Ausente,Não,
2024,5208707,Goiânia,52004424,2° ano do Ensino Fundamental,Municipal,Ausente,Não,
2024,1200435,Santa Rosa do Purus,12004758,2° ano do Ensino Fundamental,Municipal,Ausente,Não,
2024,1302603,Manaus,13038274,2° ano do Ensino Fundamental,Municipal,Ausente,Não,
2024,1702109,Araguaína,17018858,2° ano do Ensino Fundamental,Municipal,Ausente,Não,
2024,1721000,Palmas,17018475,2° ano do Ensino Fundamental,Municipal,Ausente,Não,
2024,2501807,Bayeux,25013462,2° ano do Ensino Fundamental,Municipal,Ausente,Não,
2024,2507507,João Pessoa,25003226,2° ano do Ensino Fundamental,Municipal,Ausente,Não,
2024,2602209,Bom Jardim,26074603,2° ano do Ensino Fundamental,Municipal,Ausente,Não,
2024,2609154,Manari,26065559,2° ano do Ensino Fundamental,Municipal,Ausente,Não,
2024,2918001,Jequié,29930840,2° ano do Ensino Fundamental,Municipal,Ausente,Não,
2024,3109600,Cachoeira da Prata,31185187,2° ano do Ensino Fundamental,Municipal,Ausente,Não,
2024,3127107,Frutal,31182387,2° ano do Ensino Fundamental,Municipal,Ausente,Não,
2024,3128709,Guaxupé,31181978,2° ano do Ensino Fundamental,Municipal,Ausente,Não,
2024,3149606,Pequi,31185583,2° ano do Ensino Fundamental,Municipal,Ausente,Não,
2024,3151800,Poços de Caldas,31181857,2° ano do Ensino Fundamental,Municipal,Ausente,Não,
2024,3153707,Quartel Geral,31021946,2° ano do Ensino Fundamental,Municipal,Ausente,Não,
2024,3154606,Ribeirão das Neves,31166106,2° ano do Ensino Fundamental,Municipal,Ausente,Não,
2024,3167202,Sete Lagoas,31182114,2° ano do Ensino Fundamental,Municipal,Ausente,Não,
2024,3200607,Aracruz,32046000,2° ano do Ensino Fundamental,Municipal,Ausente,Não,
2024,3205200,Vila Velha,32045447,2° ano do Ensino Fundamental,Municipal,Ausente,Não,
2024,3301702,Duque de Caxias,33023562,2° ano do Ensino Fundamental,Municipal,Ausente,Não,
2024,3301801,Engenheiro Paulo de Frontin,33064724,2° ano do Ensino Fundamental,Municipal,Ausente,Não,
2024,3557303,Estiva Gerbi,35127589,2° ano do Ensino Fundamental,Municipal,Ausente,Não,
2024,4106902,Curitiba,41134125,2° ano do Ensino Fundamental,Municipal,Ausente,Não,
2024,4107652,Fazenda Rio Grande,41131871,2° ano do Ensino Fundamental,Municipal,Ausente,Não,
2024,4108304,Foz do Iguaçu,41037290,2° ano do Ensino Fundamental,Municipal,Ausente,Não,
2024,4202404,Blumenau,42009839,2° ano do Ensino Fundamental,Municipal,Ausente,Não,
2024,4204202,Chapecó,42022499,2° ano do Ensino Fundamental,Municipal,Ausente,Não,
2024,4305306,Chapada,43016029,2° ano do Ensino Fundamental,Municipal,Ausente,Não,
2024,5102504,Cáceres,51050191,2° ano do Ensino Fundamental,Municipal,Ausente,Não,
2024,5208707,Goiânia,52002261,2° ano do Ensino Fundamental,Municipal,Ausente,Não,
2024,5211909,Jataí,52074328,2° ano do Ensino Fundamental,Municipal,Ausente,Não,
2024,5217104,Piracanjuba,52075305,2° ano do Ensino Fundamental,Municipal,Ausente,Não,
2024,1100205,Porto Velho,11010656,2° ano do Ensino Fundamental,Municipal,Ausente,Não,
2024,1304203,Tefé,13025549,2° ano do Ensino Fundamental,Estadual,Ausente,Não,
2024,1508100,Tucuruí,15084101,2° ano do Ensino Fundamental,Municipal,Ausente,Não,
2024,2111300,São Luís,21005815,2° ano do Ensino Fundamental,Municipal,Ausente,Não,
2024,2211001,Teresina,22031997,2° ano do Ensino Fundamental,Municipal,Ausente,Não,
2024,2211100,União,22031344,2° ano do Ensino Fundamental,Municipal,Ausente,Não,
2024,2312908,Sobral,23003340,2° ano do Ensino Fundamental,Municipal,Ausente,Não,
2024,2414407,Touros,24029372,2° ano do Ensino Fundamental,Municipal,Ausente,Não,
2024,3103751,Araporã,31182599,2° ano do Ensino Fundamental,Municipal,Ausente,Não,
2024,3118601,Contagem,31179675,2° ano do Ensino Fundamental,Municipal,Ausente,Não,
2024,3140555,Mata Verde,31027534,2° ano do Ensino Fundamental,Municipal,Ausente,Não,
2024,3158607,Santana do Deserto,31181243,2° ano do Ensino Fundamental,Municipal,Ausente,Não,
2024,3171501,Mathias Lobato,31184978,2° ano do Ensino Fundamental,Municipal,Ausente,Não,
2024,3202405,Guarapari,32011904,2° ano do Ensino Fundamental,Municipal,Ausente,Não,
2024,3205309,Vitória,32008473,2° ano do Ensino Fundamental,Municipal,Ausente,Não,
2024,3304904,São Gonçalo,33081117,2° ano do Ensino Fundamental,Municipal,Ausente,Não,
2024,3505708,Barueri,35237420,2° ano do Ensino Fundamental,Municipal,Ausente,Não,
2024,3507605,Bragança Paulista,35035028,2° ano do Ensino Fundamental,Municipal,Ausente,Não,
2024,3510500,Caraguatatuba,35055402,2° ano do Ensino Fundamental,Municipal,Ausente,Não,
2024,3518800,Guarulhos,35267187,2° ano do Ensino Fundamental,Municipal,Ausente,Não,
2024,3550308,São Paulo,35436491,2° ano do Ensino Fundamental,Estadual,Ausente,Não,
2024,4106902,Curitiba,41134107,2° ano do Ensino Fundamental,Municipal,Ausente,Não,
2024,4113700,Londrina,41135450,2° ano do Ensino Fundamental,Municipal,Ausente,Não,
2024,4118204,Paranaguá,41051909,2° ano do Ensino Fundamental,Municipal,Ausente,Não,
2024,4205407,Florianópolis,42091691,2° ano do Ensino Fundamental,Estadual,Ausente,Não,
2024,4208104,Itaiópolis,42058359,2° ano do Ensino Fundamental,Estadual,Ausente,Não,
2024,4208203,Itajaí,42037276,2° ano do Ensino Fundamental,Municipal,Ausente,Não,
2024,5108402,Várzea Grande,51050101,2° ano do Ensino Fundamental,Municipal,Ausente,Não,
2024,5207535,Faina,52028379,2° ano do Ensino Fundamental,Municipal,Ausente,Não,
2024,5220454,Senador Canedo,52073225,2° ano do Ensino Fundamental,Municipal,Ausente,Não,
2024,1707652,Figueirópolis,17018696,2° ano do Ensino Fundamental,Municipal,Ausente,Não,
2024,2111201,São José de Ribamar,21003031,2° ano do Ensino Fundamental,Municipal,Ausente,Não,
2024,2507507,João Pessoa,25005508,2° ano do Ensino Fundamental,Municipal,Ausente,Não,
2024,2511004,Pedra Branca,25034917,2° ano do Ensino Fundamental,Municipal,Ausente,Não,
2024,2604106,Caruaru,26077331,2° ano do Ensino Fundamental,Municipal,Ausente,Não,
2024,2909505,Cravolândia,29926656,2° ano do Ensino Fundamental,Municipal,Ausente,Não,
2024,2922656,Nordestina,29159559,2° ano do Ensino Fundamental,Municipal,Ausente,Não,
2024,2927408,Salvador,29220483,2° ano do Ensino Fundamental,Municipal,Ausente,Não,
2024,3145000,Nova Ponte,31182628,2° ano do Ensino Fundamental,Municipal,Ausente,Não,
2024,3201308,Cariacica,32047394,2° ano do Ensino Fundamental,Municipal,Ausente,Não,
2024,3304557,Rio de Janeiro,33147699,2° ano do Ensino Fundamental,Municipal,Ausente,Não,
2024,3550308,São Paulo,35358909,2° ano do Ensino Fundamental,Municipal,Ausente,Não,
2024,3554102,Taubaté,35226573,2° ano do Ensino Fundamental,Municipal,Ausente,Não,
2024,4101606,Arapoti,41138199,2° ano do Ensino Fundamental,Municipal,Ausente,Não,
2024,4106902,Curitiba,41133849,2° ano do Ensino Fundamental,Municipal,Ausente,Não,
2024,4106902,Curitiba,41133960,2° ano do Ensino Fundamental,Municipal,Ausente,Não,
2024,4106902,Curitiba,41134045,2° ano do Ensino Fundamental,Municipal,Ausente,Não,
2024,4113700,Londrina,41135488,2° ano do Ensino Fundamental,Municipal,Ausente,Não,
2024,4113700,Londrina,41135576,2° ano do Ensino Fundamental,Municipal,Ausente,Não,
2024,4121604,Renascença,41134817,2° ano do Ensino Fundamental,Municipal,Ausente,Não,
2024,4304630,Capão da Canoa,43014915,2° ano do Ensino Fundamental,Municipal,Ausente,Não,
2024,5106257,Nova Xavantina,51047608,2° ano do Ensino Fundamental,Municipal,Ausente,Não,
2024,5201405,Aparecida de Goiânia,52016709,2° ano do Ensino Fundamental,Municipal,Ausente,Não,
2024,5201801,Aragoiânia,52021017,2° ano do Ensino Fundamental,Municipal,Ausente,Não,
2024,5219753,Santo Antônio do Descoberto,52076125,2° ano do Ensino Fundamental,Municipal,Ausente,Não,
2024,1100205,Porto Velho,11022526,2° ano do Ensino Fundamental,Municipal,Ausente,Não,
2024,1300805,Borba,13004632,2° ano do Ensino Fundamental,Estadual,Ausente,Não,
2024,1303403,Parintins,13019416,2° ano do Ensino Fundamental,Municipal,Ausente,Não,
2024,1505486,Pacajá,15054665,2° ano do Ensino Fundamental,Municipal,Ausente,Não,
2024,1701002,Ananás,17018802,2° ano do Ensino Fundamental,Municipal,Ausente,Não,
2024,2303709,Caucaia,23059300,2° ano do Ensino Fundamental,Municipal,Ausente,Não,
2024,2503001,Caaporã,25035054,2° ano do Ensino Fundamental,Municipal,Ausente,Não,
2024,2610707,Paulista,26078436,2° ano do Ensino Fundamental,Municipal,Ausente,Não,
2024,2905701,Camaçari,29034625,2° ano do Ensino Fundamental,Municipal,Ausente,Não,
2024,2922656,Nordestina,29159545,2° ano do Ensino Fundamental,Municipal,Ausente,Não,
2024,2925204,Pojuca,29175581,2° ano do Ensino Fundamental,Municipal,Ausente,Não,
2024,3106705,Betim,31179486,2° ano do Ensino Fundamental,Municipal,Ausente,Não,
2024,3118601,Contagem,31090305,2° ano do Ensino Fundamental,Municipal,Ausente,Não,
2024,3137403,Lagoa Dourada,31181941,2° ano do Ensino Fundamental,Municipal,Ausente,Não,
2024,3170107,Uberaba,31182567,2° ano do Ensino Fundamental,Municipal,Ausente,Não,
2024,3201209,Cachoeiro de Itapemirim,32046687,2° ano do Ensino Fundamental,Municipal,Ausente,Não,
2024,3205002,Serra,32044832,2° ano do Ensino Fundamental,Municipal,Ausente,Não,
2024,3301702,Duque de Caxias,33030585,2° ano do Ensino Fundamental,Municipal,Ausente,Não,
2024,3509502,Campinas,35043556,2° ano do Ensino Fundamental,Municipal,Ausente,Não,
2024,3522208,Itapecerica da Serra,35275621,2° ano do Ensino Fundamental,Municipal,Ausente,Não,
2024,3547809,Santo André,35312949,2° ano do Ensino Fundamental,Municipal,Ausente,Não,
2024,3550308,São Paulo,35423549,2° ano do Ensino Fundamental,Municipal,Ausente,Não,
2024,3552502,Suzano,35329866,2° ano do Ensino Fundamental,Estadual,Ausente,Não,
2024,4104808,Cascavel,41073949,2° ano do Ensino Fundamental,Municipal,Ausente,Não,
2024,4124053,Santa Terezinha de Itaipu,41064058,2° ano do Ensino Fundamental,Municipal,Ausente,Não,
2024,4128203,União da Vitória,41138154,2° ano do Ensino Fundamental,Municipal,Ausente,Não,
2024,4204608,Criciúma,42027878,2° ano do Ensino Fundamental,Municipal,Ausente,Não,
2024,4206306,Guabiruba,42014896,2° ano do Ensino Fundamental,Municipal,Ausente,Não,
2024,4208203,Itajaí,42097250,2° ano do Ensino Fundamental,Estadual,Ausente,Não,
2024,4209300,Lages,42055406,2° ano do Ensino Fundamental,Estadual,Ausente,Não,
2024,4211900,Palhoça,42066012,2° ano do Ensino Fundamental,Municipal,Ausente,Não,
2024,4219309,Videira,42088138,2° ano do Ensino Fundamental,Municipal,Ausente,Não,
2024,4219309,Videira,42087982,2° ano do Ensino Fundamental,Estadual,Ausente,Não,
2024,4304606,Canoas,43105845,2° ano do Ensino Fundamental,Municipal,Ausente,Não,
2024,4304705,Carazinho,43015342,2° ano do Ensino Fundamental,Municipal,Ausente,Não,
2024,4314902,Porto Alegre,43062325,2° ano do Ensino Fundamental,Estadual,Ausente,Não,
2024,5105259,Lucas do Rio Verde,51025642,2° ano do Ensino Fundamental,Municipal,Ausente,Não,
2024,5208707,Goiânia,52002529,2° ano do Ensino Fundamental,Municipal,Ausente,Não,
2024,5300108,Brasília,53011856,2° ano do Ensino Fundamental,Estadual,Ausente,Não,
2024,5300108,Brasília,53010487,2° ano do Ensino Fundamental,Estadual,Ausente,Não,
2024,1100205,Porto Velho,11021793,2° ano do Ensino Fundamental,Municipal,Ausente,Não,
2024,1302603,Manaus,13044517,2° ano do Ensino Fundamental,Municipal,Ausente,Não,
2024,1501725,Brasil Novo,15018451,2° ano do Ensino Fundamental,Municipal,Ausente,Não,
2024,1502152,Canaã dos Carajás,15022513,2° ano do Ensino Fundamental,Municipal,Ausente,Não,
2024,1504208,Marabá,15042453,2° ano do Ensino Fundamental,Municipal,Ausente,Não,
2024,1507953,Tailândia,15079831,2° ano do Ensino Fundamental,Municipal,Ausente,Não,
2024,1508100,Tucuruí,15084686,2° ano do Ensino Fundamental,Municipal,Ausente,Não,
2024,1600303,Macapá,16005114,2° ano do Ensino Fundamental,Municipal,Ausente,Não,
2024,2102804,Carolina,21068503,2° ano do Ensino Fundamental,Municipal,Ausente,Não,
2024,2208007,Picos,22032655,2° ano do Ensino Fundamental,Municipal,Ausente,Não,
2024,2304400,Fortaleza,23063279,2° ano do Ensino Fundamental,Municipal,Ausente,Não,
2024,2308302,Milagres,23076212,2° ano do Ensino Fundamental,Municipal,Ausente,Não,
2024,2507507,João Pessoa,25033833,2° ano do Ensino Fundamental,Municipal,Ausente,Não,
2024,2613404,São José da Coroa Grande,26024872,2° ano do Ensino Fundamental,Municipal,Ausente,Não,
2024,2704302,Maceió,27032047,2° ano do Ensino Fundamental,Estadual,Ausente,Não,
2024,2911857,Heliópolis,29905319,2° ano do Ensino Fundamental,Municipal,Ausente,Não,
2024,2918407,Juazeiro,29131625,2° ano do Ensino Fundamental,Municipal,Ausente,Não,
2024,3106200,Belo Horizonte,31180328,2° ano do Ensino Fundamental,Municipal,Ausente,Não,
2024,3130200,Igaratinga,31144846,2° ano do Ensino Fundamental,Municipal,Ausente,Não,
2024,3136702,Juiz de Fora,31090520,2° ano do Ensino Fundamental,Municipal,Ausente,Não,
2024,3147006,Paracatu,31185122,2° ano do Ensino Fundamental,Municipal,Ausente,Não,
2024,3147006,Paracatu,31115098,2° ano do Ensino Fundamental,Municipal,Ausente,Não,
2024,3162575,São João do Manteninha,31180970,2° ano do Ensino Fundamental,Municipal,Ausente,Não,
2024,3169356,Três Marias,31005696,2° ano do Ensino Fundamental,Municipal,Ausente,Não,
2024,3304557,Rio de Janeiro,33142246,2° ano do Ensino Fundamental,Municipal,Ausente,Não,
2024,3304557,Rio de Janeiro,33110672,2° ano do Ensino Fundamental,Municipal,Ausente,Não,
2024,3304557,Rio de Janeiro,33102383,2° ano do Ensino Fundamental,Municipal,Ausente,Não,
2024,3305109,São João de Meriti,33085406,2° ano do Ensino Fundamental,Municipal,Ausente,Não,
2024,3305802,Teresópolis,33090031,2° ano do Ensino Fundamental,Municipal,Ausente,Não,
2024,3513801,Diadema,35256373,2° ano do Ensino Fundamental,Municipal,Ausente,Não,
2024,3515004,Embu das Artes,35332300,2° ano do Ensino Fundamental,Municipal,Ausente,Não,
2024,3518800,Guarulhos,35272002,2° ano do Ensino Fundamental,Estadual,Ausente,Não,
2024,3549904,São José dos Campos,35186824,2° ano do Ensino Fundamental,Estadual,Ausente,Não,
2024,3550308,São Paulo,35388513,2° ano do Ensino Fundamental,Estadual,Ausente,Não,
2024,3551009,São Vicente,35200641,2° ano do Ensino Fundamental,Municipal,Ausente,Não,
2024,4100400,Almirante Tamandaré,41130958,2° ano do Ensino Fundamental,Municipal,Ausente,Não,
2024,4103701,Cambé,41035002,2° ano do Ensino Fundamental,Municipal,Ausente,Não,
2024,4103701,Cambé,41072970,2° ano do Ensino Fundamental,Municipal,Ausente,Não,
2024,4104204,Campo Largo,41115900,2° ano do Ensino Fundamental,Municipal,Ausente,Não,
2024,4105805,Colombo,41024106,2° ano do Ensino Fundamental,Municipal,Ausente,Não,
2024,4107207,Dois Vizinhos,41027487,2° ano do Ensino Fundamental,Municipal,Ausente,Não,
2024,4108304,Foz do Iguaçu,41134447,2° ano do Ensino Fundamental,Municipal,Ausente,Não,
2024,4202008,Balneário Camboriú,42003197,2° ano do Ensino Fundamental,Municipal,Ausente,Não,
2024,4202107,Barra Velha,42005506,2° ano do Ensino Fundamental,Municipal,Ausente,Não,
2024,4206306,Guabiruba,42014889,2° ano do Ensino Fundamental,Municipal,Ausente,Não,
2024,4217006,São Ludgero,42012433,2° ano do Ensino Fundamental,Municipal,Ausente,Não,
2024,4303103,Cachoeirinha,43008923,2° ano do Ensino Fundamental,Estadual,Ausente,Não,
2024,4314407,Pelotas,43057714,2° ano do Ensino Fundamental,Municipal,Ausente,Não,
2024,4314902,Porto Alegre,43067641,2° ano do Ensino Fundamental,Municipal,Ausente,Não,
2024,4320008,Sapucaia do Sul,43093038,2° ano do Ensino Fundamental,Municipal,Ausente,Não,
2024,5105176,Juruena,51048200,2° ano do Ensino Fundamental,Municipal,Ausente,Não,
2024,5107040,Primavera do Leste,51050370,2° ano do Ensino Fundamental,Municipal,Ausente,Não,
2024,5300108,Brasília,53010805,2° ano do Ensino Fundamental,Estadual,Ausente,Não,
2024,5300108,Brasília,53010538,2° ano do Ensino Fundamental,Estadual,Ausente,Não,
2024,5300108,Brasília,53021682,2° ano do Ensino Fundamental,Estadual,Ausente,Não,
2024,1504455,Medicilândia,15046379,2° ano do Ensino Fundamental,Municipal,Ausente,Não,
2024,1721000,Palmas,17001545,2° ano do Ensino Fundamental,Municipal,Ausente,Não,
2024,2201150,Baixa Grande do Ribeiro,22021644,2° ano do Ensino Fundamental,Municipal,Ausente,Não,
2024,2211001,Teresina,22011396,2° ano do Ensino Fundamental,Municipal,Ausente,Não,
2024,2904605,Brumado,29026259,2° ano do Ensino Fundamental,Municipal,Ausente,Não,
2024,2933208,Vera Cruz,29260951,2° ano do Ensino Fundamental,Municipal,Ausente,Não,
2024,3107406,Bom Despacho,31184576,2° ano do Ensino Fundamental,Municipal,Ausente,Não,
2024,3147907,Passos,31158234,2° ano do Ensino Fundamental,Municipal,Ausente,Não,
2024,3159506,Santa Rita do Itueto,31041532,2° ano do Ensino Fundamental,Municipal,Ausente,Não,
2024,3164407,São Sebastião da Bela Vista,31183865,2° ano do Ensino Fundamental,Municipal,Ausente,Não,
2024,3170206,Uberlândia,31182844,2° ano do Ensino Fundamental,Municipal,Ausente,Não,
2024,3170206,Uberlândia,31185282,2° ano do Ensino Fundamental,Municipal,Ausente,Não,
2024,3205002,Serra,32047252,2° ano do Ensino Fundamental,Municipal,Ausente,Não,
2024,3300456,Belford Roxo,33008887,2° ano do Ensino Fundamental,Municipal,Ausente,Não,
2024,3300704,Cabo Frio,33012442,2° ano do Ensino Fundamental,Municipal,Ausente,Não,
2024,3302007,Itaguaí,33034751,2° ano do Ensino Fundamental,Municipal,Ausente,Não,
2024,3304524,Rio das Ostras,33074496,2° ano do Ensino Fundamental,Municipal,Ausente,Não,
2024,3304557,Rio de Janeiro,33121507,2° ano do Ensino Fundamental,Municipal,Ausente,Não,
2024,3518701,Guarujá,35165909,2° ano do Ensino Fundamental,Municipal,Ausente,Não,
2024,3534302,Orlândia,35179421,2° ano do Ensino Fundamental,Municipal,Ausente,Não,
2024,3547809,Santo André,35313446,2° ano do Ensino Fundamental,Municipal,Ausente,Não,
2024,3550308,São Paulo,35380775,2° ano do Ensino Fundamental,Estadual,Ausente,Não,
2024,3550308,São Paulo,35407785,2° ano do Ensino Fundamental,Municipal,Ausente,Não,
2024,3550308,São Paulo,35383978,2° ano do Ensino Fundamental,Estadual,Ausente,Não,
2024,3552205,Sorocaba,35209921,2° ano do Ensino Fundamental,Municipal,Ausente,Não,
2024,4104808,Cascavel,41132820,2° ano do Ensino Fundamental,Municipal,Ausente,Não,
2024,4109708,Ibaiti,41011357,2° ano do Ensino Fundamental,Municipal,Ausente,Não,
2024,4202404,Blumenau,42010646,2° ano do Ensino Fundamental,Municipal,Ausente,Não,
2024,4204202,Chapecó,42022741,2° ano do Ensino Fundamental,Municipal,Ausente,Não,
2024,4205407,Florianópolis,42093114,2° ano do Ensino Fundamental,Estadual,Ausente,Não,
2024,4209102,Joinville,42053416,2° ano do Ensino Fundamental,Municipal,Ausente,Não,
2024,4210506,Maravilha,42059870,2° ano do Ensino Fundamental,Municipal,Ausente,Não,
2024,4323002,Viamão,43102844,2° ano do Ensino Fundamental,Municipal,Ausente,Não,
2024,5007901,Sidrolândia,50014130,2° ano do Ensino Fundamental,Municipal,Ausente,Não,
2024,5208707,Goiânia,52071974,2° ano do Ensino Fundamental,Municipal,Ausente,Não,
2024,1200013,Acrelândia,12000072,2° ano do Ensino Fundamental,Municipal,Ausente,Não,
2024,1504901,Muaná,15049531,2° ano do Ensino Fundamental,Municipal,Ausente,Não,
2024,1505403,Ourém,15054041,2° ano do Ensino Fundamental,Municipal,Ausente,Não,
2024,2205409,Joaquim Pires,22031706,2° ano do Ensino Fundamental,Municipal,Ausente,Não,
2024,2402600,Ceará-Mirim,24023357,2° ano do Ensino Fundamental,Municipal,Ausente,Não,
2024,2602803,Buíque,26079495,2° ano do Ensino Fundamental,Municipal,Ausente,Não,
2024,2702405,Delmiro Gouveia,27032447,2° ano do Ensino Fundamental,Municipal,Ausente,Não,
2024,2914802,Itabuna,29105702,2° ano do Ensino Fundamental,Municipal,Ausente,Não,
2024,2927200,Ruy Barbosa,29191694,2° ano do Ensino Fundamental,Municipal,Ausente,Não,
2024,2927408,Salvador,29200560,2° ano do Ensino Fundamental,Municipal,Ausente,Não,
2024,2927408,Salvador,29199327,2° ano do Ensino Fundamental,Municipal,Ausente,Não,
2024,3134400,Iturama,31185224,2° ano do Ensino Fundamental,Municipal,Ausente,Não,
2024,3162005,São Gonçalo do Sapucaí,31087569,2° ano do Ensino Fundamental,Municipal,Ausente,Não,
2024,3205002,Serra,32001882,2° ano do Ensino Fundamental,Municipal,Ausente,Não,
2024,3305802,Teresópolis,33090517,2° ano do Ensino Fundamental,Municipal,Ausente,Não,
2024,3513009,Cotia,35252996,2° ano do Ensino Fundamental,Municipal,Ausente,Não,
2024,3518800,Guarulhos,35266054,2° ano do Ensino Fundamental,Municipal,Ausente,Não,
2024,3525904,Jundiaí,35105892,2° ano do Ensino Fundamental,Municipal,Ausente,Não,
2024,3548708,São Bernardo do Campo,35323511,2° ano do Ensino Fundamental,Municipal,Ausente,Não,
2024,3550308,São Paulo,35357974,2° ano do Ensino Fundamental,Municipal,Ausente,Não,
2024,4110953,Itaipulândia,41134593,2° ano do Ensino Fundamental,Municipal,Ausente,Não,
2024,4113700,Londrina,41135487,2° ano do Ensino Fundamental,Municipal,Ausente,Não,
2024,4115804,Medianeira,41123541,2° ano do Ensino Fundamental,Municipal,Ausente,Não,
2024,4204608,Criciúma,42027434,2° ano do Ensino Fundamental,Municipal,Ausente,Não,
2024,4205456,Forquilhinha,42028952,2° ano do Ensino Fundamental,Municipal,Ausente,Não,
2024,5105259,Lucas do Rio Verde,51026340,2° ano do Ensino Fundamental,Municipal,Ausente,Não,
2024,5205497,Cidade Ocidental,52064123,2° ano do Ensino Fundamental,Municipal,Ausente,Não,
2024,5210406,Itaberaí,52056139,2° ano do Ensino Fundamental,Municipal,Presente,Não,
2024,1302603,Manaus,13046278,2° ano do Ensino Fundamental,Municipal,Ausente,Não,
2024,1302603,Manaus,13036278,2° ano do Ensino Fundamental,Municipal,Ausente,Não,
2024,2111300,São Luís,21066749,2° ano do Ensino Fundamental,Municipal,Ausente,Não,
2024,2204550,Guaribas,22032305,2° ano do Ensino Fundamental,Municipal,Ausente,Não,
2024,2924900,Planaltino,29173500,2° ano do Ensino Fundamental,Municipal,Ausente,Não,
2024,2933307,Vitória da Conquista,29262764,2° ano do Ensino Fundamental,Municipal,Ausente,Não,
2024,3129806,Ibirité,31202190,2° ano do Ensino Fundamental,Municipal,Ausente,Não,
2024,3151503,Piumhi,31181699,2° ano do Ensino Fundamental,Municipal,Ausente,Não,
2024,3157807,Santa Luzia,31088898,2° ano do Ensino Fundamental,Municipal,Ausente,Não,
2024,3169901,Ubá,31183197,2° ano do Ensino Fundamental,Municipal,Ausente,Não,
2024,3205200,Vila Velha,32013755,2° ano do Ensino Fundamental,Municipal,Ausente,Não,
2024,3304201,Resende,33073634,2° ano do Ensino Fundamental,Municipal,Ausente,Não,
2024,3304557,Rio de Janeiro,33130520,2° ano do Ensino Fundamental,Municipal,Ausente,Não,
2024,3304557,Rio de Janeiro,33134061,2° ano do Ensino Fundamental,Municipal,Ausente,Não,
2024,3549904,São José dos Campos,35191912,2° ano do Ensino Fundamental,Municipal,Ausente,Não,
2024,3550308,São Paulo,35411789,2° ano do Ensino Fundamental,Municipal,Ausente,Não,
2024,3550308,São Paulo,35409995,2° ano do Ensino Fundamental,Municipal,Ausente,Não,
2024,3551009,São Vicente,35200620,2° ano do Ensino Fundamental,Municipal,Ausente,Não,
2024,3555000,Tupã,35228409,2° ano do Ensino Fundamental,Municipal,Ausente,Não,
2024,4106407,Cornélio Procópio,41066239,2° ano do Ensino Fundamental,Municipal,Ausente,Não,
2024,4106902,Curitiba,41133518,2° ano do Ensino Fundamental,Municipal,Ausente,Não,
2024,4314902,Porto Alegre,43061327,2° ano do Ensino Fundamental,Estadual,Ausente,Não,
2024,5002704,Campo Grande,50005050,2° ano do Ensino Fundamental,Municipal,Ausente,Não,
2024,5106422,Peixoto de Azevedo,51050824,2° ano do Ensino Fundamental,Municipal,Ausente,Não,
2024,5200258,Águas Lindas de Goiás,52069268,2° ano do Ensino Fundamental,Municipal,Ausente,Não,
2024,1300300,Autazes,13001338,2° ano do Ensino Fundamental,Municipal,Ausente,Não,
2024,1304302,Urucará,13027139,2° ano do Ensino Fundamental,Municipal,Ausente,Não,
2024,1501709,Bragança,15017806,2° ano do Ensino Fundamental,Municipal,Ausente,Não,
2024,1504455,Medicilândia,15046393,2° ano do Ensino Fundamental,Municipal,Ausente,Não,
2024,1506559,Santa Luzia do Pará,15068156,2° ano do Ensino Fundamental,Municipal,Ausente,Não,
2024,1508407,Xinguara,15087174,2° ano do Ensino Fundamental,Municipal,Ausente,Não,
2024,1600303,Macapá,16003100,2° ano do Ensino Fundamental,Municipal,Ausente,Não,
2024,2103802,Dom Pedro,21046346,2° ano do Ensino Fundamental,Municipal,Ausente,Não,
2024,2105427,Itinga do Maranhão,21033229,2° ano do Ensino Fundamental,Municipal,Ausente,Não,
2024,2109908,Santa Inês,21019599,2° ano do Ensino Fundamental,Municipal,Ausente,Não,
2024,2405306,Boa Saúde,24020568,2° ano do Ensino Fundamental,Municipal,Ausente,Não,
2024,2407609,Messias Targino,24028682,2° ano do Ensino Fundamental,Municipal,Ausente,Não,
2024,2408102,Natal,24028406,2° ano do Ensino Fundamental,Municipal,Ausente,Não,
2024,2507507,João Pessoa,25000547,2° ano do Ensino Fundamental,Estadual,Ausente,Não,
2024,2704302,Maceió,27032834,2° ano do Ensino Fundamental,Municipal,Ausente,Não,
2024,2705705,Olho d'Água das Flores,27033059,2° ano do Ensino Fundamental,Municipal,Ausente,Não,
2024,2905602,Camacan,29032751,2° ano do Ensino Fundamental,Municipal,Ausente,Não,
2024,2910727,Eunápolis,29068816,2° ano do Ensino Fundamental,Municipal,Ausente,Não,
2024,2918209,Jiquiriçá,29127281,2° ano do Ensino Fundamental,Municipal,Ausente,Não,
2024,2923803,Paripiranga,29166536,2° ano do Ensino Fundamental,Municipal,Ausente,Não,
2024,3106705,Betim,31179456,2° ano do Ensino Fundamental,Municipal,Ausente,Não,
2024,3109709,Cachoeira de Minas,31183686,2° ano do Ensino Fundamental,Municipal,Ausente,Não,
2024,3116407,Claraval,31185171,2° ano do Ensino Fundamental,Municipal,Ausente,Não,
2024,3120904,Curvelo,31183892,2° ano do Ensino Fundamental,Municipal,Ausente,Não,
2024,3126703,Francisco Sá,31181337,2° ano do Ensino Fundamental,Municipal,Ausente,Não,
2024,3146008,Ouro Fino,31195566,2° ano do Ensino Fundamental,Municipal,Ausente,Não,
2024,3170206,Uberlândia,31185302,2° ano do Ensino Fundamental,Municipal,Ausente,Não,
2024,3170206,Uberlândia,31081541,2° ano do Ensino Fundamental,Estadual,Ausente,Não,
2024,3205010,Sooretama,32046188,2° ano do Ensino Fundamental,Municipal,Ausente,Não,
2024,3503901,Arujá,35087772,2° ano do Ensino Fundamental,Municipal,Ausente,Não,
2024,3505708,Barueri,35238501,2° ano do Ensino Fundamental,Municipal,Ausente,Não,
2024,3520509,Indaiatuba,35051849,2° ano do Ensino Fundamental,Municipal,Ausente,Não,
2024,4122305,Rio Negro,41098760,2° ano do Ensino Fundamental,Municipal,Ausente,Não,
2024,4202800,Braço do Norte,42011942,2° ano do Ensino Fundamental,Estadual,Ausente,Não,
2024,4209300,Lages,42056047,2° ano do Ensino Fundamental,Municipal,Ausente,Não,
2024,4213500,Porto Belo,42069732,2° ano do Ensino Fundamental,Municipal,Ausente,Não,
2024,5105259,Lucas do Rio Verde,51026136,2° ano do Ensino Fundamental,Municipal,Ausente,Não,
2024,5207808,Firminópolis,52075354,2° ano do Ensino Fundamental,Municipal,Ausente,Não,
2024,1100205,Porto Velho,11022536,2° ano do Ensino Fundamental,Municipal,Ausente,Não,
2024,1302603,Manaus,13036012,2° ano do Ensino Fundamental,Municipal,Ausente,Não,
2024,1302603,Manaus,13050971,2° ano do Ensino Fundamental,Municipal,Ausente,Não,
2024,2105302,Imperatriz,21028595,2° ano do Ensino Fundamental,Municipal,Ausente,Não,
2024,2112407,Turiaçu,21036813,2° ano do Ensino Fundamental,Municipal,Ausente,Não,
2024,2304459,Fortim,23052470,2° ano do Ensino Fundamental,Municipal,Ausente,Não,
2024,2304459,Fortim,23070331,2° ano do Ensino Fundamental,Municipal,Ausente,Não,
2024,2408102,Natal,24028374,2° ano do Ensino Fundamental,Municipal,Ausente,Não,
2024,2408300,Nova Cruz,24028993,2° ano do Ensino Fundamental,Municipal,Ausente,Não,
2024,2408953,Rio do Fogo,24029071,2° ano do Ensino Fundamental,Municipal,Ausente,Não,
2024,2611606,Recife,26051035,2° ano do Ensino Fundamental,Municipal,Ausente,Não,
2024,2909802,Cruz das Almas,29061280,2° ano do Ensino Fundamental,Municipal,Ausente,Não,
2024,3106200,Belo Horizonte,31184306,2° ano do Ensino Fundamental,Municipal,Ausente,Não,
2024,3106200,Belo Horizonte,31075177,2° ano do Ensino Fundamental,Municipal,Ausente,Não,
2024,3106200,Belo Horizonte,31071378,2° ano do Ensino Fundamental,Estadual,Ausente,Não,
2024,3109303,Buritis,31025118,2° ano do Ensino Fundamental,Municipal,Ausente,Não,
2024,3138203,Lavras,31036768,2° ano do Ensino Fundamental,Municipal,Ausente,Não,
2024,3138658,Lontra,31024504,2° ano do Ensino Fundamental,Municipal,Ausente,Não,
2024,3170107,Uberaba,31038918,2° ano do Ensino Fundamental,Estadual,Ausente,Não,
2024,3170701,Varginha,31111766,2° ano do Ensino Fundamental,Municipal,Ausente,Não,
2024,3204252,Ponto Belo,32046465,2° ano do Ensino Fundamental,Municipal,Ausente,Não,
2024,3300209,Araruama,33003157,2° ano do Ensino Fundamental,Municipal,Ausente,Não,
2024,3300233,Armação dos Búzios,33011496,2° ano do Ensino Fundamental,Municipal,Ausente,Não,
2024,3301306,Casimiro de Abreu,33022036,2° ano do Ensino Fundamental,Municipal,Ausente,Não,
2024,3304557,Rio de Janeiro,33143024,2° ano do Ensino Fundamental,Municipal,Ausente,Não,
2024,3550308,São Paulo,35338421,2° ano do Ensino Fundamental,Municipal,Ausente,Não,
2024,3557006,Votorantim,35231730,2° ano do Ensino Fundamental,Municipal,Ausente,Não,
2024,4101408,Apucarana,41130771,2° ano do Ensino Fundamental,Municipal,Ausente,Não,
2024,4104808,Cascavel,41132854,2° ano do Ensino Fundamental,Municipal,Ausente,Não,
2024,4106902,Curitiba,41133761,2° ano do Ensino Fundamental,Municipal,Ausente,Não,
2024,4118204,Paranaguá,41136660,2° ano do Ensino Fundamental,Municipal,Ausente,Não,
2024,4123303,Santa Cruz de Monte Castelo,41136455,2° ano do Ensino Fundamental,Municipal,Ausente,Não,
2024,4201604,Arroio Trinta,42087550,2° ano do Ensino Fundamental,Municipal,Ausente,Não,
2024,4204301,Concórdia,42024918,2° ano do Ensino Fundamental,Estadual,Ausente,Não,
2024,4204558,Correia Pinto,42062484,2° ano do Ensino Fundamental,Municipal,Ausente,Não,
2024,4318002,São Borja,43083934,2° ano do Ensino Fundamental,Municipal,Ausente,Não,
2024,4321600,Tramandaí,43096774,2° ano do Ensino Fundamental,Municipal,Ausente,Não,
2024,5105259,Lucas do Rio Verde,51026187,2° ano do Ensino Fundamental,Municipal,Ausente,Não,
2024,1502756,Concórdia do Pará,15028449,2° ano do Ensino Fundamental,Municipal,Ausente,Não,
2024,1505007,Nova Timboteua,15050541,2° ano do Ensino Fundamental,Municipal,Ausente,Não,
2024,2103604,Coroatá,21069050,2° ano do Ensino Fundamental,Municipal,Ausente,Não,
2024,2107506,Paço do Lumiar,21066418,2° ano do Ensino Fundamental,Municipal,Ausente,Não,
2024,2303709,Caucaia,23080872,2° ano do Ensino Fundamental,Municipal,Ausente,Não,
2024,2408003,Mossoró,24010063,2° ano do Ensino Fundamental,Municipal,Ausente,Não,
2024,2604106,Caruaru,26004446,2° ano do Ensino Fundamental,Municipal,Ausente,Não,
2024,2611606,Recife,26054439,2° ano do Ensino Fundamental,Municipal,Ausente,Não,
2024,2925204,Pojuca,29175249,2° ano do Ensino Fundamental,Municipal,Ausente,Não,
2024,3160702,Santos Dumont,31178151,2° ano do Ensino Fundamental,Estadual,Ausente,Não,
2024,3169356,Três Marias,31071152,2° ano do Ensino Fundamental,Municipal,Ausente,Não,
2024,3170107,Uberaba,31185230,2° ano do Ensino Fundamental,Municipal,Ausente,Não,
2024,3203320,Marataízes,32039525,2° ano do Ensino Fundamental,Municipal,Ausente,Não,
2024,3302858,Mesquita,33050224,2° ano do Ensino Fundamental,Municipal,Ausente,Não,
2024,3303906,Petrópolis,33068194,2° ano do Ensino Fundamental,Municipal,Ausente,Não,
2024,3525904,Jundiaí,35106944,2° ano do Ensino Fundamental,Municipal,Ausente,Não,
2024,3530508,Mococa,35174822,2° ano do Ensino Fundamental,Municipal,Ausente,Não,
2024,3550308,São Paulo,35435798,2° ano do Ensino Fundamental,Estadual,Ausente,Não,
2024,4113429,Lidianópolis,41135297,2° ano do Ensino Fundamental,Municipal,Ausente,Não,
2024,4115705,Matinhos,41136562,2° ano do Ensino Fundamental,Municipal,Ausente,Não,
2024,4115804,Medianeira,41138647,2° ano do Ensino Fundamental,Municipal,Ausente,Não,
2024,4119954,Pontal do Paraná,41002727,2° ano do Ensino Fundamental,Municipal,Ausente,Não,
2024,4202107,Barra Velha,42005566,2° ano do Ensino Fundamental,Estadual,Ausente,Não,
2024,4309209,Gravataí,43035457,2° ano do Ensino Fundamental,Municipal,Ausente,Não,
2024,4314100,Passo Fundo,43054561,2° ano do Ensino Fundamental,Municipal,Ausente,Não,
2024,4316907,Santa Maria,43076341,2° ano do Ensino Fundamental,Municipal,Ausente,Não,
2024,4318002,São Borja,43083985,2° ano do Ensino Fundamental,Municipal,Ausente,Não,
2024,5002704,Campo Grande,50003666,2° ano do Ensino Fundamental,Municipal,Ausente,Não,
2024,5106265,Novo Mundo,51050288,2° ano do Ensino Fundamental,Municipal,Ausente,Não,
2024,5201405,Aparecida de Goiânia,52072980,2° ano do Ensino Fundamental,Municipal,Ausente,Não,
2024,5300108,Brasília,53026823,2° ano do Ensino Fundamental,Estadual,Ausente,Não,
2024,1101203,Ministro Andreazza,11022348,2° ano do Ensino Fundamental,Municipal,Ausente,Não,
2024,1200385,Plácido de Castro,12004350,2° ano do Ensino Fundamental,Estadual,Ausente,Não,
2024,1302603,Manaus,13040867,2° ano do Ensino Fundamental,Municipal,Ausente,Não,
2024,1501303,Barcarena,15014909,2° ano do Ensino Fundamental,Municipal,Ausente,Não,
2024,2102200,Buriti,21068684,2° ano do Ensino Fundamental,Municipal,Ausente,Não,
2024,2207702,Parnaíba,22001654,2° ano do Ensino Fundamental,Municipal,Ausente,Não,
2024,2504009,Campina Grande,25022475,2° ano do Ensino Fundamental,Municipal,Ausente,Não,
2024,2504009,Campina Grande,25034644,2° ano do Ensino Fundamental,Municipal,Ausente,Não,
2024,2507507,João Pessoa,25033977,2° ano do Ensino Fundamental,Municipal,Ausente,Não,
2024,2507507,João Pessoa,25004450,2° ano do Ensino Fundamental,Municipal,Ausente,Não,
2024,2800308,Aracaju,28017885,2° ano do Ensino Fundamental,Estadual,Ausente,Não,
2024,2805703,Propriá,28012665,2° ano do Ensino Fundamental,Municipal,Ausente,Não,
2024,2904209,Botuporã,29024906,2° ano do Ensino Fundamental,Municipal,Ausente,Não,
2024,3106200,Belo Horizonte,31031775,2° ano do Ensino Fundamental,Municipal,Ausente,Não,
2024,3106200,Belo Horizonte,31022132,2° ano do Ensino Fundamental,Municipal,Ausente,Não,
2024,3133808,Itaúna,31180697,2° ano do Ensino Fundamental,Municipal,Ausente,Não,
2024,3143302,Montes Claros,31181407,2° ano do Ensino Fundamental,Municipal,Ausente,Não,
2024,3169307,Três Corações,31185329,2° ano do Ensino Fundamental,Municipal,Ausente,Não,
2024,3170206,Uberlândia,31182891,2° ano do Ensino Fundamental,Municipal,Ausente,Não,
2024,3170206,Uberlândia,31182717,2° ano do Ensino Fundamental,Municipal,Ausente,Não,
2024,3300100,Angra dos Reis,33065751,2° ano do Ensino Fundamental,Municipal,Ausente,Não,
2024,3529302,Matão,35013911,2° ano do Ensino Fundamental,Municipal,Ausente,Não,
2024,3534401,Osasco,35307159,2° ano do Ensino Fundamental,Municipal,Ausente,Não,
2024,3550308,São Paulo,35429767,2° ano do Ensino Fundamental,Estadual,Ausente,Não,
2024,3550308,São Paulo,35348493,2° ano do Ensino Fundamental,Municipal,Ausente,Não,
2024,3550308,São Paulo,35427803,2° ano do Ensino Fundamental,Estadual,Ausente,Não,
2024,4113700,Londrina,41077202,2° ano do Ensino Fundamental,Municipal,Ausente,Não,
2024,4208906,Jaraguá do Sul,42043411,2° ano do Ensino Fundamental,Municipal,Ausente,Não,
2024,4219507,Xanxerê,42089401,2° ano do Ensino Fundamental,Municipal,Ausente,Não,
2024,4314407,Pelotas,43057036,2° ano do Ensino Fundamental,Municipal,Ausente,Não,
2024,5007406,Rio Verde de Mato Grosso,50018097,2° ano do Ensino Fundamental,Municipal,Ausente,Não,
2024,5208707,Goiânia,52008184,2° ano do Ensino Fundamental,Municipal,Ausente,Não,
2024,1100205,Porto Velho,11010465,2° ano do Ensino Fundamental,Municipal,Ausente,Não,
2024,1301902,Itacoatiara,13011478,2° ano do Ensino Fundamental,Municipal,Ausente,Não,
2024,1301902,Itacoatiara,13011485,2° ano do Ensino Fundamental,Municipal,Ausente,Não,
2024,1302603,Manaus,13041140,2° ano do Ensino Fundamental,Municipal,Ausente,Não,
2024,1303700,Santo Antônio do Içá,13021298,2° ano do Ensino Fundamental,Municipal,Ausente,Não,
2024,1500701,Anajás,15006543,2° ano do Ensino Fundamental,Municipal,Ausente,Não,
2024,1500800,Ananindeua,15007914,2° ano do Ensino Fundamental,Municipal,Ausente,Não,
2024,1506807,Santarém,15070124,2° ano do Ensino Fundamental,Municipal,Ausente,Não,
2024,2100477,Alto Alegre do Pindaré,21069242,2° ano do Ensino Fundamental,Municipal,Ausente,Não,
2024,2112209,Timon,21065294,2° ano do Ensino Fundamental,Municipal,Ausente,Não,
2024,2205581,Lagoa do Piauí,22030034,2° ano do Ensino Fundamental,Municipal,Ausente,Não,
2024,2303709,Caucaia,23074902,2° ano do Ensino Fundamental,Municipal,Ausente,Não,
2024,2408201,Nísia Floresta,24018911,2° ano do Ensino Fundamental,Municipal,Ausente,Não,
2024,2609600,Olinda,26078302,2° ano do Ensino Fundamental,Municipal,Ausente,Não,
2024,2611606,Recife,26078901,2° ano do Ensino Fundamental,Municipal,Ausente,Não,
2024,3106200,Belo Horizonte,31000106,2° ano do Ensino Fundamental,Estadual,Ausente,Não,
2024,3136702,Juiz de Fora,31163631,2° ano do Ensino Fundamental,Municipal,Ausente,Não,
2024,3137601,Lagoa Santa,31183999,2° ano do Ensino Fundamental,Municipal,Ausente,Não,
2024,3141009,Mato Verde,31184554,2° ano do Ensino Fundamental,Municipal,Ausente,Não,
2024,3154606,Ribeirão das Neves,31184159,2° ano do Ensino Fundamental,Municipal,Ausente,Não,
2024,3170206,Uberlândia,31182743,2° ano do Ensino Fundamental,Municipal,Ausente,Não,
2024,3201308,Cariacica,32045603,2° ano do Ensino Fundamental,Municipal,Ausente,Não,
2024,3201308,Cariacica,32020480,2° ano do Ensino Fundamental,Municipal,Ausente,Não,
2024,3522307,Itapetininga,35072588,2° ano do Ensino Fundamental,Municipal,Ausente,Não,
2024,3545605,Santa Adélia,35061114,2° ano do Ensino Fundamental,Municipal,Ausente,Não,
2024,3549805,São José do Rio Preto,35185771,2° ano do Ensino Fundamental,Municipal,Ausente,Não,
2024,3550308,São Paulo,35339099,2° ano do Ensino Fundamental,Municipal,Ausente,Não,
2024,3550308,São Paulo,35342685,2° ano do Ensino Fundamental,Municipal,Ausente,Não,
2024,3550308,São Paulo,35426978,2° ano do Ensino Fundamental,Estadual,Ausente,Não,
2024,4126256,Sarandi,41107953,2° ano do Ensino Fundamental,Municipal,Ausente,Não,
2024,4202008,Balneário Camboriú,42004258,2° ano do Ensino Fundamental,Municipal,Ausente,Não,
2024,4300604,Alvorada,43002267,2° ano do Ensino Fundamental,Estadual,Ausente,Não,
2024,4300604,Alvorada,43003352,2° ano do Ensino Fundamental,Municipal,Ausente,Não,
2024,4302808,Caçapava do Sul,43007213,2° ano do Ensino Fundamental,Municipal,Ausente,Não,
2024,5003207,Corumbá,50015956,2° ano do Ensino Fundamental,Municipal,Ausente,Não,
2024,5103403,Cuiabá,51049742,2° ano do Ensino Fundamental,Municipal,Ausente,Não,
2024,5200258,Águas Lindas de Goiás,52075977,2° ano do Ensino Fundamental,Municipal,Ausente,Não,
2024,5211503,Itumbiara,52074256,2° ano do Ensino Fundamental,Municipal,Ausente,Não,
2024,1100304,Vilhena,11022098,2° ano do Ensino Fundamental,Municipal,Ausente,Não,
2024,1200401,Rio Branco,12007379,2° ano do Ensino Fundamental,Estadual,Ausente,Não,
2024,1303403,Parintins,13018615,2° ano do Ensino Fundamental,Estadual,Ausente,Não,
2024,1501402,Belém,15097149,2° ano do Ensino Fundamental,Municipal,Ausente,Não,
2024,1502152,Canaã dos Carajás,15022397,2° ano do Ensino Fundamental,Municipal,Ausente,Não,
2024,1504307,Maracanã,15043939,2° ano do Ensino Fundamental,Municipal,Ausente,Não,
2024,1505064,Novo Repartimento,15051331,2° ano do Ensino Fundamental,Municipal,Ausente,Não,
2024,1506583,Santa Maria das Barreiras,15099851,2° ano do Ensino Fundamental,Municipal,Ausente,Não,
2024,1713601,Monte do Carmo,17019223,2° ano do Ensino Fundamental,Municipal,Ausente,Não,
2024,1718865,Santa Fé do Araguaia,17010617,2° ano do Ensino Fundamental,Municipal,Ausente,Não,
2024,2207702,Parnaíba,22002520,2° ano do Ensino Fundamental,Municipal,Ausente,Não,
2024,2402204,Canguaretama,24016393,2° ano do Ensino Fundamental,Municipal,Ausente,Não,
2024,2504009,Campina Grande,25034566,2° ano do Ensino Fundamental,Municipal,Ausente,Não,
2024,2609303,Mirandiba,26079179,2° ano do Ensino Fundamental,Municipal,Ausente,Não,
2024,2610905,Pesqueira,26066237,2° ano do Ensino Fundamental,Municipal,Ausente,Não,
2024,2704302,Maceió,27032634,2° ano do Ensino Fundamental,Municipal,Ausente,Não,
2024,2706703,Penedo,27033167,2° ano do Ensino Fundamental,Municipal,Ausente,Não,
2024,2708006,Santana do Ipanema,27033342,2° ano do Ensino Fundamental,Municipal,Ausente,Não,
2024,2930204,Sento Sé,29239080,2° ano do Ensino Fundamental,Municipal,Ausente,Não,
2024,3101607,Alfenas,31185315,2° ano do Ensino Fundamental,Municipal,Ausente,Não,
2024,3101607,Alfenas,31069655,2° ano do Ensino Fundamental,Estadual,Ausente,Não,
2024,3106200,Belo Horizonte,31071718,2° ano do Ensino Fundamental,Estadual,Ausente,Não,
2024,3106200,Belo Horizonte,31180429,2° ano do Ensino Fundamental,Municipal,Ausente,Não,
2024,3119401,Coronel Fabriciano,31093682,2° ano do Ensino Fundamental,Municipal,Ausente,Não,
2024,3129509,Ibiá,31183493,2° ano do Ensino Fundamental,Municipal,Ausente,Não,
2024,3150570,Pintópolis,31181085,2° ano do Ensino Fundamental,Municipal,Ausente,Não,
2024,3154606,Ribeirão das Neves,31184112,2° ano do Ensino Fundamental,Municipal,Ausente,Não,
2024,3162708,São João do Paraíso,31058842,2° ano do Ensino Fundamental,Municipal,Ausente,Não,
2024,3202207,Fundão,32044672,2° ano do Ensino Fundamental,Municipal,Ausente,Não,
2024,3301702,Duque de Caxias,33027442,2° ano do Ensino Fundamental,Municipal,Ausente,Não,
2024,3301900,Itaboraí,33032483,2° ano do Ensino Fundamental,Municipal,Ausente,Não,
2024,3303500,Nova Iguaçu,33038915,2° ano do Ensino Fundamental,Municipal,Ausente,Não,
2024,3513801,Diadema,35256118,2° ano do Ensino Fundamental,Municipal,Ausente,Não,
2024,3513801,Diadema,35257266,2° ano do Ensino Fundamental,Municipal,Ausente,Não,
2024,3550308,São Paulo,35387507,2° ano do Ensino Fundamental,Estadual,Ausente,Não,
2024,3550308,São Paulo,35346468,2° ano do Ensino Fundamental,Municipal,Ausente,Não,
2024,4101408,Apucarana,41089137,2° ano do Ensino Fundamental,Municipal,Ausente,Não,
2024,4106902,Curitiba,41138597,2° ano do Ensino Fundamental,Municipal,Ausente,Não,
2024,4106902,Curitiba,41051191,2° ano do Ensino Fundamental,Municipal,Ausente,Não,
2024,4108304,Foz do Iguaçu,41134381,2° ano do Ensino Fundamental,Municipal,Ausente,Não,
2024,4108304,Foz do Iguaçu,41134370,2° ano do Ensino Fundamental,Municipal,Ausente,Não,
2024,4115200,Maringá,41138682,2° ano do Ensino Fundamental,Municipal,Ausente,Não,
2024,4121505,Rebouças,41038801,2° ano do Ensino Fundamental,Municipal,Ausente,Não,
2024,4125506,São José dos Pinhais,41132176,2° ano do Ensino Fundamental,Municipal,Ausente,Não,
2024,4204301,Concórdia,42025354,2° ano do Ensino Fundamental,Municipal,Ausente,Não,
2024,4204806,Curitibanos,42030916,2° ano do Ensino Fundamental,Municipal,Ausente,Não,
2024,4207007,Içara,42029977,2° ano do Ensino Fundamental,Municipal,Ausente,Não,
2024,4207304,Imbituba,42057581,2° ano do Ensino Fundamental,Estadual,Ausente,Não,
2024,4318705,São Leopoldo,43089117,2° ano do Ensino Fundamental,Municipal,Ausente,Não,
2024,5107909,Sinop,51028195,2° ano do Ensino Fundamental,Municipal,Ausente,Não,
2024,5300108,Brasília,53014610,2° ano do Ensino Fundamental,Estadual,Ausente,Não,
2024,1302603,Manaus,13054708,2° ano do Ensino Fundamental,Municipal,Ausente,Não,
2024,1502400,Castanhal,15026886,2° ano do Ensino Fundamental,Municipal,Ausente,Não,
2024,1507953,Tailândia,15080582,2° ano do Ensino Fundamental,Municipal,Ausente,Não,
2024,1721000,Palmas,17018632,2° ano do Ensino Fundamental,Municipal,Ausente,Não,
2024,2207553,Paquetá,22032154,2° ano do Ensino Fundamental,Municipal,Ausente,Não,
2024,2211308,Valença do Piauí,22017786,2° ano do Ensino Fundamental,Municipal,Ausente,Não,
2024,2703908,Jundiá,27032583,2° ano do Ensino Fundamental,Municipal,Ausente,Não,
2024,2708402,São José da Tapera,27033653,2° ano do Ensino Fundamental,Municipal,Ausente,Não,
2024,2903201,Barreiras,29914296,2° ano do Ensino Fundamental,Municipal,Ausente,Não,
2024,2905008,Caculé,29029570,2° ano do Ensino Fundamental,Municipal,Ausente,Não,
2024,2918407,Juazeiro,29131512,2° ano do Ensino Fundamental,Municipal,Ausente,Não,
2024,2927408,Salvador,29207497,2° ano do Ensino Fundamental,Municipal,Ausente,Não,
2024,2927408,Salvador,29216539,2° ano do Ensino Fundamental,Municipal,Ausente,Não,
2024,3107406,Bom Despacho,31184573,2° ano do Ensino Fundamental,Municipal,Ausente,Não,
2024,3131703,Itabira,31181497,2° ano do Ensino Fundamental,Municipal,Ausente,Não,
2024,3137601,Lagoa Santa,31194450,2° ano do Ensino Fundamental,Municipal,Ausente,Não,
2024,3147006,Paracatu,31181625,2° ano do Ensino Fundamental,Municipal,Ausente,Não,
2024,3154606,Ribeirão das Neves,31166163,2° ano do Ensino Fundamental,Estadual,Ausente,Não,
2024,3164704,São Sebastião do Paraíso,31182022,2° ano do Ensino Fundamental,Municipal,Ausente,Não,
2024,3304557,Rio de Janeiro,33135877,2° ano do Ensino Fundamental,Municipal,Ausente,Não,
2024,3524402,Jacareí,35090769,2° ano do Ensino Fundamental,Municipal,Ausente,Não,
2024,3552403,Sumaré,35217167,2° ano do Ensino Fundamental,Municipal,Ausente,Não,
2024,4102901,Bituruna,41084751,2° ano do Ensino Fundamental,Municipal,Ausente,Não,
2024,4106902,Curitiba,41133588,2° ano do Ensino Fundamental,Municipal,Ausente,Não,
2024,4106902,Curitiba,41138780,2° ano do Ensino Fundamental,Municipal,Ausente,Não,
2024,4113700,Londrina,41135406,2° ano do Ensino Fundamental,Municipal,Ausente,Não,
2024,4114401,Mangueirinha,41136915,2° ano do Ensino Fundamental,Municipal,Ausente,Não,
2024,4204202,Chapecó,42022492,2° ano do Ensino Fundamental,Municipal,Ausente,Não,
2024,4205407,Florianópolis,42095215,2° ano do Ensino Fundamental,Estadual,Ausente,Não,
2024,4212502,Penha,42067480,2° ano do Ensino Fundamental,Municipal,Ausente,Não,
2024,4213500,Porto Belo,42069787,2° ano do Ensino Fundamental,Municipal,Ausente,Não,
2024,4302709,Butiá,43071668,2° ano do Ensino Fundamental,Municipal,Ausente,Não,
2024,5107875,Sapezal,51049406,2° ano do Ensino Fundamental,Municipal,Ausente,Não,
2024,5201108,Anápolis,52012935,2° ano do Ensino Fundamental,Municipal,Ausente,Não,
2024,5218508,Quirinópolis,52049631,2° ano do Ensino Fundamental,Municipal,Ausente,Não,
2024,1301704,Humaitá,13009170,2° ano do Ensino Fundamental,Municipal,Ausente,Não,
2024,1500800,Ananindeua,15007198,2° ano do Ensino Fundamental,Municipal,Ausente,Não,
2024,1504703,Moju,15048103,2° ano do Ensino Fundamental,Municipal,Ausente,Não,
2024,1504901,Muaná,15049746,2° ano do Ensino Fundamental,Municipal,Ausente,Não,
2024,1505536,Parauapebas,15057608,2° ano do Ensino Fundamental,Municipal,Ausente,Não,
2024,1506138,Redenção,15064380,2° ano do Ensino Fundamental,Municipal,Ausente,Não,
2024,1705508,Colinas do Tocantins,17013134,2° ano do Ensino Fundamental,Municipal,Ausente,Não,
2024,1720200,São Miguel do Tocantins,17019199,2° ano do Ensino Fundamental,Municipal,Ausente,Não,
2024,1722081,Wanderlândia,17018973,2° ano do Ensino Fundamental,Municipal,Ausente,Não,
2024,2104800,Grajaú,21068279,2° ano do Ensino Fundamental,Municipal,Ausente,Não,
2024,2110708,São Domingos do Maranhão,21048195,2° ano do Ensino Fundamental,Municipal,Ausente,Não,
2024,2211001,Teresina,22031815,2° ano do Ensino Fundamental,Municipal,Ausente,Não,
2024,2402600,Ceará-Mirim,24029344,2° ano do Ensino Fundamental,Municipal,Ausente,Não,
2024,2404606,Ielmo Marinho,24022215,2° ano do Ensino Fundamental,Municipal,Ausente,Não,
2024,2507507,João Pessoa,25003336,2° ano do Ensino Fundamental,Municipal,Ausente,Não,
2024,2928703,Santo Antônio de Jesus,29227954,2° ano do Ensino Fundamental,Municipal,Ausente,Não,
2024,3110509,Camanducaia,31185402,2° ano do Ensino Fundamental,Municipal,Ausente,Não,
2024,3111408,Campo Florido,31182320,2° ano do Ensino Fundamental,Municipal,Ausente,Não,
2024,3126703,Francisco Sá,31185059,2° ano do Ensino Fundamental,Municipal,Ausente,Não,
2024,3143302,Montes Claros,31181354,2° ano do Ensino Fundamental,Municipal,Ausente,Não,
2024,3146206,Ouro Verde de Minas,31185194,2° ano do Ensino Fundamental,Municipal,Ausente,Não,
2024,3304557,Rio de Janeiro,33125837,2° ano do Ensino Fundamental,Municipal,Ausente,Não,
2024,3507605,Bragança Paulista,35035106,2° ano do Ensino Fundamental,Municipal,Ausente,Não,
2024,3550308,São Paulo,35359965,2° ano do Ensino Fundamental,Municipal,Ausente,Não,
2024,3550308,São Paulo,35344347,2° ano do Ensino Fundamental,Municipal,Ausente,Não,
2024,3550308,São Paulo,35413229,2° ano do Ensino Fundamental,Municipal,Ausente,Não,
2024,3552205,Sorocaba,35209618,2° ano do Ensino Fundamental,Municipal,Ausente,Não,
2024,4105201,Cerro Azul,41131134,2° ano do Ensino Fundamental,Municipal,Ausente,Não,
2024,4107652,Fazenda Rio Grande,41131789,2° ano do Ensino Fundamental,Municipal,Ausente,Não,
2024,4113700,Londrina,41102891,2° ano do Ensino Fundamental,Municipal,Ausente,Não,
2024,4127700,Toledo,41137614,2° ano do Ensino Fundamental,Municipal,Ausente,Não,
2024,4203956,Capivari de Baixo,42085657,2° ano do Ensino Fundamental,Municipal,Ausente,Não,
2024,4205407,Florianópolis,42094479,2° ano do Ensino Fundamental,Municipal,Ausente,Não,
2024,4209102,Joinville,42047873,2° ano do Ensino Fundamental,Municipal,Ausente,Não,
2024,4314902,Porto Alegre,43066082,2° ano do Ensino Fundamental,Estadual,Ausente,Não,
2024,5007109,Ribas do Rio Pardo,50013346,2° ano do Ensino Fundamental,Municipal,Ausente,Não,
2024,5103403,Cuiabá,51050645,2° ano do Ensino Fundamental,Municipal,Ausente,Não,
2024,5107602,Rondonópolis,51023890,2° ano do Ensino Fundamental,Municipal,Ausente,Não,
2024,5216403,Paraúna,52045721,2° ano do Ensino Fundamental,Municipal,Ausente,Não,
2024,1200401,Rio Branco,12010377,2° ano do Ensino Fundamental,Estadual,Ausente,Não,
2024,1301100,Careiro,13006025,2° ano do Ensino Fundamental,Municipal,Ausente,Não,
2024,1708304,Goianorte,17004215,2° ano do Ensino Fundamental,Municipal,Ausente,Não,
2024,1716604,Peixe,17006321,2° ano do Ensino Fundamental,Municipal,Ausente,Não,
2024,2402600,Ceará-Mirim,24022884,2° ano do Ensino Fundamental,Estadual,Ausente,Não,
2024,2403251,Parnamirim,24028875,2° ano do Ensino Fundamental,Municipal,Ausente,Não,
2024,2408102,Natal,24004394,2° ano do Ensino Fundamental,Municipal,Ausente,Não,
2024,2506301,Guarabira,25034475,2° ano do Ensino Fundamental,Municipal,Ausente,Não,
2024,2517407,Zabelê,25034800,2° ano do Ensino Fundamental,Municipal,Ausente,Não,
2024,2704302,Maceió,27032891,2° ano do Ensino Fundamental,Municipal,Ausente,Não,
2024,2907301,Castro Alves,29050852,2° ano do Ensino Fundamental,Municipal,Ausente,Não,
2024,2909208,Coronel João Sá,29058891,2° ano do Ensino Fundamental,Municipal,Ausente,Não,
2024,3201308,Cariacica,32045731,2° ano do Ensino Fundamental,Municipal,Ausente,Não,
2024,3201308,Cariacica,32017120,2° ano do Ensino Fundamental,Municipal,Ausente,Não,
2024,3201308,Cariacica,32045632,2° ano do Ensino Fundamental,Municipal,Ausente,Não,
2024,3522406,Itapeva,35076694,2° ano do Ensino Fundamental,Municipal,Ausente,Não,
2024,3550308,São Paulo,35372394,2° ano do Ensino Fundamental,Municipal,Ausente,Não,
2024,4104808,Cascavel,41132930,2° ano do Ensino Fundamental,Municipal,Ausente,Não,
2024,4107652,Fazenda Rio Grande,41131852,2° ano do Ensino Fundamental,Municipal,Ausente,Não,
2024,4110706,Irati,41135169,2° ano do Ensino Fundamental,Municipal,Ausente,Não,
2024,4202404,Blumenau,42007761,2° ano do Ensino Fundamental,Municipal,Ausente,Não,
2024,4204509,Corupá,42043900,2° ano do Ensino Fundamental,Municipal,Ausente,Não,
2024,4320008,Sapucaia do Sul,43092848,2° ano do Ensino Fundamental,Estadual,Ausente,Não,
2024,4322509,Vacaria,43100978,2° ano do Ensino Fundamental,Municipal,Ausente,Não,
2024,5100250,Alta Floresta,51047342,2° ano do Ensino Fundamental,Municipal,Ausente,Não,
2024,5106257,Nova Xavantina,51050745,2° ano do Ensino Fundamental,Municipal,Ausente,Não,
2024,5208707,Goiânia,52071848,2° ano do Ensino Fundamental,Municipal,Ausente,Não,
2024,5208707,Goiânia,52009374,2° ano do Ensino Fundamental,Municipal,Ausente,Não,
2024,1200435,Santa Rosa do Purus,12004767,2° ano do Ensino Fundamental,Municipal,Ausente,Não,
2024,1303569,Rio Preto da Eva,13020528,2° ano do Ensino Fundamental,Municipal,Ausente,Não,
2024,1507300,São Félix do Xingu,15076173,2° ano do Ensino Fundamental,Municipal,Ausente,Não,
2024,1700301,Aguiarnópolis,17019643,2° ano do Ensino Fundamental,Municipal,Ausente,Não,
2024,1721000,Palmas,17019689,2° ano do Ensino Fundamental,Municipal,Ausente,Não,
2024,2101400,Balsas,21053871,2° ano do Ensino Fundamental,Municipal,Ausente,Não,
2024,2111201,São José de Ribamar,21003127,2° ano do Ensino Fundamental,Municipal,Ausente,Não,
2024,2304400,Fortaleza,23039656,2° ano do Ensino Fundamental,Municipal,Ausente,Não,
2024,2707909,Santa Luzia do Norte,27033329,2° ano do Ensino Fundamental,Municipal,Ausente,Não,
2024,2918100,Jeremoabo,29905542,2° ano do Ensino Fundamental,Municipal,Ausente,Não,
2024,2927408,Salvador,29207415,2° ano do Ensino Fundamental,Municipal,Ausente,Não,
2024,3122504,Dom Cavati,31180529,2° ano do Ensino Fundamental,Municipal,Ausente,Não,
2024,3129806,Ibirité,31113964,2° ano do Ensino Fundamental,Municipal,Ausente,Não,
2024,3141702,Mesquita,31050021,2° ano do Ensino Fundamental,Municipal,Ausente,Não,
2024,3143302,Montes Claros,31044506,2° ano do Ensino Fundamental,Estadual,Ausente,Não,
2024,3170206,Uberlândia,31182704,2° ano do Ensino Fundamental,Municipal,Ausente,Não,
2024,3171204,Vespasiano,31184271,2° ano do Ensino Fundamental,Municipal,Ausente,Não,
2024,3205309,Vitória,32047296,2° ano do Ensino Fundamental,Municipal,Ausente,Não,
2024,3550308,São Paulo,35443118,2° ano do Ensino Fundamental,Estadual,Ausente,Não,
2024,4117909,Palotina,41137800,2° ano do Ensino Fundamental,Municipal,Ausente,Não,
2024,4202453,Bombinhas,42068305,2° ano do Ensino Fundamental,Municipal,Ausente,Não,
2024,4211751,Otacílio Costa,42062753,2° ano do Ensino Fundamental,Municipal,Ausente,Não,
2024,4314902,Porto Alegre,43059963,2° ano do Ensino Fundamental,Municipal,Ausente,Não,
2024,4320008,Sapucaia do Sul,43092907,2° ano do Ensino Fundamental,Municipal,Ausente,Não,
2024,5107602,Rondonópolis,51050395,2° ano do Ensino Fundamental,Municipal,Ausente,Não,
2024,1301506,Envira,13008195,2° ano do Ensino Fundamental,Estadual,Ausente,Não,
2024,1302603,Manaus,13054484,2° ano do Ensino Fundamental,Municipal,Ausente,Não,
2024,1303403,Parintins,13018145,2° ano do Ensino Fundamental,Estadual,Ausente,Não,
2024,1501402,Belém,15096009,2° ano do Ensino Fundamental,Municipal,Ausente,Não,
2024,1503077,Garrafão do Norte,15032025,2° ano do Ensino Fundamental,Municipal,Ausente,Não,
2024,1503507,Irituia,15034983,2° ano do Ensino Fundamental,Municipal,Ausente,Não,
2024,1504208,Marabá,15041522,2° ano do Ensino Fundamental,Municipal,Ausente,Não,
2024,2111300,São Luís,21006928,2° ano do Ensino Fundamental,Municipal,Ausente,Não,
2024,2211001,Teresina,22008952,2° ano do Ensino Fundamental,Municipal,Ausente,Não,
2024,2300754,Amontada,23054458,2° ano do Ensino Fundamental,Municipal,Ausente,Não,
2024,2301000,Aquiraz,23081054,2° ano do Ensino Fundamental,Municipal,Ausente,Não,
2024,2304400,Fortaleza,23076294,2° ano do Ensino Fundamental,Municipal,Ausente,Não,
2024,2411205,Santa Cruz,24026013,2° ano do Ensino Fundamental,Municipal,Ausente,Não,
2024,2611101,Petrolina,26080332,2° ano do Ensino Fundamental,Municipal,Ausente,Não,
2024,2702306,Coruripe,27032430,2° ano do Ensino Fundamental,Municipal,Ausente,Não,
2024,3106200,Belo Horizonte,31024027,2° ano do Ensino Fundamental,Municipal,Ausente,Não,
2024,3125101,Extrema,31183794,2° ano do Ensino Fundamental,Municipal,Ausente,Não,
2024,3137700,Lajinha,31185039,2° ano do Ensino Fundamental,Municipal,Ausente,Não,
2024,3301702,Duque de Caxias,33025846,2° ano do Ensino Fundamental,Municipal,Ausente,Não,
2024,3304524,Rio das Ostras,33076225,2° ano do Ensino Fundamental,Municipal,Ausente,Não,
2024,3501905,Amparo,35122854,2° ano do Ensino Fundamental,Municipal,Ausente,Não,
2024,3505500,Barretos,35020407,2° ano do Ensino Fundamental,Municipal,Ausente,Não,
2024,3518305,Guararema,35088634,2° ano do Ensino Fundamental,Municipal,Ausente,Não,
2024,3518701,Guarujá,35165454,2° ano do Ensino Fundamental,Municipal,Ausente,Não,
2024,3518800,Guarulhos,35266113,2° ano do Ensino Fundamental,Municipal,Ausente,Não,
2024,3525904,Jundiaí,35107378,2° ano do Ensino Fundamental,Municipal,Ausente,Não,
2024,3550308,São Paulo,35362220,2° ano do Ensino Fundamental,Municipal,Ausente,Não,
2024,3550308,São Paulo,35426745,2° ano do Ensino Fundamental,Estadual,Ausente,Não,
2024,3552205,Sorocaba,35211493,2° ano do Ensino Fundamental,Municipal,Ausente,Não,
2024,4104808,Cascavel,41026098,2° ano do Ensino Fundamental,Municipal,Ausente,Não,
2024,4118501,Pato Branco,41136868,2° ano do Ensino Fundamental,Municipal,Ausente,Não,
2024,4123501,Santa Helena,41137870,2° ano do Ensino Fundamental,Municipal,Ausente,Não,
2024,4206504,Guaramirim,42034039,2° ano do Ensino Fundamental,Municipal,Ausente,Não,
2024,4209102,Joinville,42050270,2° ano do Ensino Fundamental,Municipal,Ausente,Não,
2024,4209904,Lontras,42035064,2° ano do Ensino Fundamental,Municipal,Ausente,Não,
2024,4213401,Ponte Serrada,42090135,2° ano do Ensino Fundamental,Municipal,Ausente,Não,
2024,4305108,Caxias do Sul,43020649,2° ano do Ensino Fundamental,Municipal,Ausente,Não,
2024,4309407,Guaporé,43038649,2° ano do Ensino Fundamental,Municipal,Ausente,Não,
2024,4314902,Porto Alegre,43065258,2° ano do Ensino Fundamental,Estadual,Ausente,Não,
2024,4318705,São Leopoldo,43088812,2° ano do Ensino Fundamental,Municipal,Ausente,Não,
2024,5002704,Campo Grande,50002988,2° ano do Ensino Fundamental,Municipal,Ausente,Não,
2024,5100201,Água Boa,51001860,2° ano do Ensino Fundamental,Municipal,Ausente,Não,
2024,5107925,Sorriso,51049347,2° ano do Ensino Fundamental,Municipal,Ausente,Não,
2024,5221403,Trindade,52073916,2° ano do Ensino Fundamental,Municipal,Ausente,Não,
2024,5300108,Brasília,53008949,2° ano do Ensino Fundamental,Estadual,Ausente,Não,
2024,1304237,Tonantins,13026813,2° ano do Ensino Fundamental,Municipal,Presente,Não,682.37
2024,2102036,Bom Jesus das Selvas,21031923,2° ano do Ensino Fundamental,Municipal,Presente,Sim,814.76
2024,2102606,Cândido Mendes,21021881,2° ano do Ensino Fundamental,Municipal,Presente,Sim,797.59
2024,2103307,Codó,21041125,2° ano do Ensino Fundamental,Municipal,Presente,Não,740.31
2024,2104800,Grajaú,21049995,2° ano do Ensino Fundamental,Municipal,Presente,Não,706.22
2024,2108306,Penalva,21057902,2° ano do Ensino Fundamental,Municipal,Presente,Não,681.24
2024,2108454,Peritoró,21042150,2° ano do Ensino Fundamental,Municipal,Presente,Sim,787.88
2024,2206720,Nazária,22030575,2° ano do Ensino Fundamental,Municipal,Presente,Não,622.88
2024,2207009,Oeiras,22018375,2° ano do Ensino Fundamental,Municipal,Presente,Sim,754.07
2024,2208908,Ribeiro Gonçalves,22021922,2° ano do Ensino Fundamental,Municipal,Presente,Não,726.76
2024,2209955,São João da Varjota,22018658,2° ano do Ensino Fundamental,Municipal,Presente,Sim,849.35
2024,2303402,Carnaubal,23038597,2° ano do Ensino Fundamental,Municipal,Presente,Sim,783.67
2024,2309508,Orós,23011390,2° ano do Ensino Fundamental,Municipal,Presente,Sim,807.5
2024,2312304,São Benedito,23010492,2° ano do Ensino Fundamental,Municipal,Presente,Não,737.31
2024,2504405,Conceição,25030501,2° ano do Ensino Fundamental,Municipal,Presente,Sim,777.59
2024,2702405,Delmiro Gouveia,27008971,2° ano do Ensino Fundamental,Municipal,Presente,Sim,754.02
2024,2708600,São Miguel dos Campos,27033418,2° ano do Ensino Fundamental,Municipal,Presente,Não,740.91
2024,2903201,Barreiras,29016590,2° ano do Ensino Fundamental,Municipal,Presente,Não,717.84
2024,2903409,Belmonte,29020200,2° ano do Ensino Fundamental,Municipal,Presente,Sim,774.56
2024,2914109,Ipupiara,29099945,2° ano do Ensino Fundamental,Municipal,Presente,Não,661.48
2024,2919553,Luís Eduardo Magalhães,29144338,2° ano do Ensino Fundamental,Municipal,Presente,Sim,761.92
2024,2921005,Mata de São João,29150822,2° ano do Ensino Fundamental,Municipal,Presente,Não,698.74
2024,2922102,Mundo Novo,29157447,2° ano do Ensino Fundamental,Municipal,Presente,Não,727.15
2024,2923704,Paratinga,29165932,2° ano do Ensino Fundamental,Municipal,Presente,Sim,772.13
2024,2927408,Salvador,29220700,2° ano do Ensino Fundamental,Municipal,Presente,Sim,747.62
2024,2931350,Teixeira de Freitas,29250197,2° ano do Ensino Fundamental,Municipal,Presente,Sim,746.91
2024,2932903,Valença,29259342,2° ano do Ensino Fundamental,Municipal,Presente,Não,741.33
2024,3300407,Barra Mansa,33098452,2° ano do Ensino Fundamental,Municipal,Presente,Não,678.5
2024,3518800,Guarulhos,35262014,2° ano do Ensino Fundamental,Municipal,Presente,Não,739.4852804
2024,4109708,Ibaiti,41019319,2° ano do Ensino Fundamental,Municipal,Presente,Sim,761.88
2024,4119301,Pinhão,41118455,2° ano do Ensino Fundamental,Municipal,Presente,Não,742.19
2024,4308300,Fontoura Xavier,43028813,2° ano do Ensino Fundamental,Estadual,Presente,Sim,800.0026867